4563 5028 4908 4839 4744 4820 5121 4960 4397 4739 5017 5021 4978 4677 4957 4523 5029 4929 4835 4900 4865 5354 4744 5054 4955 5218 4783 5066 4791 4706 5229 4838 4388 4606 4527 4448 5138 4710 5006 4771 4413 4906 4689 4912 4969 4805 4569 4934 4257 5255 5157 4961 4974 5145 4533 4780 4718 5015 4925 4643 4790 4574 5006 4721 4737 4797 4945 4720 4998 4886 4490 4468 5071 4768 4714 4878 5158 4965 5204 4284 4725 4930 4812 4560 4662 5362 4663 4840 5084 4816 4985 4662 5281 4903 4634 5041 4938 4986 4683 4995 5374 5245 5018 4885 4460 4923 4871 4556 4926 4613 4570 4514 4639 4690 4901 4917 4903 4650 4550 4787 4955 4932 4639 4732 5276 5028 4814 4782 5324 4488 4719 4849 4574 4564 4579 4598 5176 4504 4406 5033 4572 4801 5223 5109 5187 4980 4662 4562 5042 4930 4757 4455 4936 4825 5163 4949 4629 4925 4893 4768 4946 4431 4407 4659 5040 4887 4767 4707 4587 4497 5162 4877 5031 4637 4722 4918 4947 4724 5081 4606 4431 4946 4653 4860 5177 4726 4432 4935 4715 4991 4482 4662 4532 4588 4317 4710 4868 4849 5162 4688
5035 5610 5459 5001 5165 5190 5169 5324 4804 5043 5084 5422 4969 4837 5331 4995 5301 5350 5409 5281 5321 5527 4868 5167 5208 5465 4865 5391 4684 4839 5236 5306 4906 4768 4971 4797 5409 5467 5233 4747 4622 5164 5521 5210 5167 4823 5029 5129 4668 5381 5294 4958 5328 5466 4826 4772 5043 5306 5396 5082 5050 4931 5137 4716 4752 4929 5144 4943 5480 5034 4780 4787 5419 4800 5072 5216 5519 5459 5510 4697 5164 5142 5376 5315 4776 5702 4689 5423 5304 5270 4980 4880 5630 5205 4675 5209 4797 5315 5258 5161 5668 5453 5408 5122 4763 5256 5275 4927 4996 4779 5073 4811 4710 5066 5157 5113 5070 4381 4908 5399 4944 5404 4549 5232 5523 5287 4895 5026 5710 4772 4735 5310 4811 4908 4936 4865 5298 4840 4899 5264 4906 5180 5014 5414 5338 5232 4697 5105 5346 5146 5058 4866 4984 5125 5501 5175 4972 5312 5119 4897 5393 4702 4872 5326 4974 5146 4924 4931 5004 4962 5317 5035 5287 4994 4779 5391 5151 4840 5188 4897 4892 5142 5392 5000 5655 4936 4656 5285 5033 5346 4805 4891 4679 4972 4974 4948 5010 5300 5381 4949
4993 5218 5082 4982 4846 5322 4944 5096 4613 4828 5436 5455 4749 4706 5270 4477 5155 5115 4928 5184 5219 5321 4732 5311 5274 5848 4606 5089 4674 5026 5162 5541 4569 5364 4885 4643 5151 5110 5250 4712 4985 5229 5167 4968 5045 4665 5003 4648 4787 5102 5282 4846 4931 5404 4670 4939 4927 5198 5335 5033 4911 4646 5031 4763 4791 5164 4631 4814 4831 4966 4883 4848 5182 4827 4918 5287 5566 5077 5324 4715 5043 4716 5097 4989 4962 5358 4716 5206 5177 5334 4915 4910 5514 5242 4937 4939 5047 5365 4971 5162 5356 4977 5157 5033 4949 5209 5074 4716 5137 4981 4639 4426 4686 5065 4972 5570 5074 4758 4674 4908 4921 5652 4637 5170 5095 5256 4676 4773 5707 4829 4974 5079 4719 4761 4764 4815 5087 4990 4871 5207 4408 5105 5047 5177 5138 5276 5215 4680 5236 4969 4801 4578 4974 4995 5070 4987 5025 5239 4954 5177 5036 4865 4990 4979 5168 4962 4950 5112 5162 4659 5153 5411 5092 4851 4826 5466 5115 4814 4959 4926 4740 4938 5280 4977 5256 4953 4628 5123 5028 5133 4642 5063 4598 5013 4932 5047 4628 5277 5251 4871
5134 5760 5562 5386 5409 5436 5371 5421 4688 5406 5501 5772 5262 5230 5223 5213 5736 5581 5531 5478 5635 5934 5222 5518 5369 5746 5305 5645 4953 5026 5651 5307 4828 5018 5095 4646 5864 5317 5421 5264 5015 5643 5204 5486 5310 5165 5259 4924 5098 5660 5522 5483 5350 5645 5103 5661 5311 5675 5445 5288 4864 5034 5316 5005 5113 5222 5135 5367 5503 5570 5029 5196 5471 5068 5268 5467 5818 5389 5651 4703 5579 5529 5258 5196 5075 5882 5208 5658 5305 5275 5521 4809 5854 5469 4718 5421 5310 5547 5290 5522 5664 5672 5583 5300 5071 5295 5471 5136 5482 5087 5152 4846 5444 5203 5141 5530 5029 5094 5145 5609 5294 5630 4889 5653 5706 5527 5490 5319 6186 4947 5343 5385 5096 5249 4972 4887 5664 5115 5198 5573 4874 5549 5415 5451 5561 5608 4868 5095 5811 5516 5251 5013 5616 5269 5737 5428 5214 5387 5341 5251 5357 5072 4893 5386 5280 5263 5087 5282 5172 5097 5402 5509 5455 5178 5060 5791 5488 5306 5605 5030 5081 5378 5483 5149 5573 5275 4894 5452 5230 5220 5027 4867 5107 5176 5020 5354 5232 5245 5556 4964
4788 5406 4969 4844 4700 4999 4945 5301 4394 5002 5175 5277 4862 4677 5112 4770 4942 5191 4919 5210 5035 5296 4692 5080 5200 5207 5106 4939 4559 4621 5074 5036 4495 4477 4957 4246 5413 5056 4854 4734 4567 4871 5084 4967 5067 4633 5018 4524 4570 4961 5139 4951 4940 5211 4553 4820 4676 4765 5225 4977 4769 4381 4898 4515 4551 4564 4565 4982 5206 4666 4479 4719 4953 4527 4638 5166 5357 5109 5004 4601 4902 4931 4985 4588 4684 5125 4601 4825 5019 5081 4662 4894 5280 4864 4541 4916 4708 4969 4894 4793 5127 4946 5090 5093 4669 4906 5049 4745 4815 4536 4481 4449 4576 5034 4995 5001 4698 4647 4753 5215 4617 5093 4654 5050 4956 5079 4649 4978 5437 4502 4502 4929 4509 4396 4372 4615 5215 4872 4740 4717 4375 4725 4889 5334 4922 5049 4681 4669 4957 5010 4529 4530 4869 4783 5184 5093 4985 5229 4738 4623 5162 4528 4640 4850 4733 4750 4590 4806 4639 4707 5267 5102 5012 4509 4474 5171 4911 4678 4767 4662 4846 4854 4935 5000 4954 4778 4159 5105 4919 4857 4607 4812 4618 4803 4639 4737 4674 5102 5273 4487
5254 5749 5578 5234 5538 5606 5677 5835 4899 5113 5722 5738 5354 4973 5521 5521 5574 5695 5438 5595 5926 6048 5226 5540 5742 5717 5338 5670 5394 5165 5913 5475 5040 5157 5320 5120 5874 5629 5362 5087 5116 5326 5901 5832 5628 5135 5399 5060 5248 5747 5644 5544 5486 5969 5301 5249 5370 5274 5780 5797 5058 5275 5304 4920 5131 5185 5117 5521 5701 5388 5400 5308 5625 5199 5564 5816 6034 5662 5677 5199 5556 5380 5391 5428 5111 5830 5151 5422 5351 5580 5033 5175 5705 5663 4995 5488 4979 5392 5194 5601 6127 5539 5701 5310 5353 5157 5209 5370 5494 5012 5283 4802 5112 5444 5783 5621 5173 5246 5351 5837 5472 5700 5072 5596 5464 5734 5124 5448 6318 4954 5041 5182 5513 5246 5018 5175 6002 5132 5165 5674 4968 5650 5500 5600 5820 5621 5141 5156 5553 5473 5079 5141 5510 5278 5825 5574 5411 5579 5251 5457 5653 5222 5219 5557 5731 5396 5113 5615 5257 5180 5658 5235 5786 5308 5160 5657 5573 5331 5309 5452 5537 5151 5504 5130 5543 5477 4756 5499 5200 5425 5042 5369 5236 5407 5269 5303 5412 5593 5732 5122
5189 5636 5375 4836 5304 5251 5337 5552 4889 4734 5535 5755 4853 4866 5201 5339 5293 5344 5401 5297 5428 5649 5027 5541 5289 5505 4962 5545 5024 4936 5205 5337 4877 4866 5104 4912 5547 5348 5302 4762 5088 5275 5218 5247 4985 5121 5187 4782 4968 5349 5369 4815 5080 5664 4989 4911 4981 5198 5477 4901 4697 4722 5341 4801 4934 4958 5061 5428 5339 5355 4727 5277 5234 5100 5153 5128 5412 5447 5610 4616 5149 5271 5474 5194 4966 5655 4682 5311 5253 5698 5170 4957 5724 5066 4462 5034 4823 5136 5331 5137 5399 5398 5132 5280 4868 5297 5376 4877 5216 4869 4812 4759 4836 5050 5409 5420 4798 4731 5202 5114 5264 5627 5037 4978 5274 5496 5050 5404 5579 4963 5007 4777 4921 5011 4894 4614 5646 5122 4813 5500 4734 5558 5117 5805 5452 5369 5093 5258 5456 5071 5063 4503 5519 5224 5456 5278 5118 5122 5200 5409 5480 4785 4954 5151 5474 5056 4958 5140 4987 5164 5449 5433 5401 4970 4975 5524 5251 5338 5328 5193 5169 5152 5341 5301 5496 5221 4477 5650 5223 5301 4850 4871 4931 4962 5000 4955 4767 5106 5360 4990
4575 5209 4988 4886 4746 4745 5280 4745 4615 4651 5167 5370 4614 4735 5167 4524 4986 5208 5160 4839 5176 5663 4606 5297 5253 5546 4796 5267 4710 4544 5005 5186 4591 4845 4855 4501 5223 5006 4991 4586 4768 4970 4816 4935 4716 4809 4749 4788 4697 5175 4981 4980 4897 5448 4518 5051 4695 5057 4930 4941 4564 4687 5100 4700 4603 4901 5001 4769 4732 5251 4836 4763 5369 4820 4786 5032 5489 4938 5351 4593 4769 5127 5111 5077 4586 5408 4615 5305 5379 5373 4913 4946 5250 5019 4752 5163 4765 5033 4887 5157 5278 5029 5076 5189 4739 5241 5128 4730 5249 4893 4596 4377 4596 4717 5146 4953 4799 4591 4700 5059 5014 4991 4477 4980 5111 5117 4806 5010 5373 4597 4886 4878 4614 4716 4864 4765 5424 4651 5021 5042 4623 4937 4970 5020 5213 4953 4992 4732 5258 4836 4654 4361 5098 4982 5240 5010 4764 5179 4862 4899 5088 4603 4684 4946 4886 5018 4711 4875 4870 4834 4991 5126 5140 4508 4786 5107 4971 4976 5116 4549 4822 4790 5063 5018 5199 5092 4414 5025 4918 5005 4743 4751 4563 4576 4801 5096 4928 4992 5216 4406
4434 4638 4699 4533 4976 4644 4834 4591 4268 4665 4993 5196 4384 4452 4779 4590 4914 4713 4627 4973 4518 5376 4418 4887 5086 4757 4622 4700 4678 4578 4918 4993 4556 4373 4426 4494 5126 5062 4639 4436 4199 4766 4913 4934 4715 4363 4740 4609 4446 4659 5419 4507 4716 5101 4217 4644 4706 4825 4585 4712 4547 4432 4587 4277 4294 4673 4383 4916 4782 4974 4563 4858 4743 4523 4663 4903 5069 4881 4759 4632 4641 4616 4700 4658 4331 5165 4351 4620 4478 4651 4622 4458 5187 4748 4298 4903 4713 4995 4997 4613 5233 4999 4736 4815 4413 4854 4788 4702 4494 4363 4594 4142 4647 4399 4619 4849 4611 4220 4245 4753 4919 4946 4294 4661 5002 4699 4591 4700 5214 4329 4404 4703 4629 4572 4626 4585 5030 4607 4414 5063 4485 4851 4596 4683 4726 4822 4406 4269 4775 4500 4340 4461 4782 4523 5518 5059 4607 4858 4632 4575 4787 4291 4308 4639 4585 5053 4643 4591 4472 4461 4831 4690 5084 4505 4460 5000 4744 4448 4654 4425 4411 4619 4909 4745 4915 4633 4215 4518 4477 5073 4436 4444 4562 4292 4717 4539 4564 4405 4785 4380
4709 4843 4786 4917 4739 4839 4723 4884 4569 4516 5093 5175 4567 4633 5120 4493 5094 5147 4740 4838 5226 5427 4769 4946 4925 5402 4907 5124 4417 4684 5102 4873 4247 4625 4656 4432 5290 4758 4850 4485 4605 4729 5063 4725 5253 4597 4836 4455 4773 5005 4952 4673 4893 5494 4513 5034 4787 5095 4957 4769 4564 4512 4919 4677 4714 4869 4533 4784 5149 4817 4615 4733 5120 4607 4988 5001 5311 5187 4962 4569 4778 4943 4892 5008 4685 4942 4462 4980 4927 4930 4777 4666 5294 4938 4415 4846 4784 4652 4647 4914 5277 4999 5076 4701 4748 4868 4790 4558 4759 4773 4389 4546 4658 4824 5165 4882 4814 4436 4945 5071 5000 5263 4299 4870 5286 5219 4531 4481 5338 4491 4591 4925 4408 4636 4561 4422 5227 4754 4686 4872 4350 4782 5087 5159 5095 4944 4987 4287 5156 4839 4654 4213 4909 4700 5597 4916 4614 4944 4789 4876 4797 4309 4530 4633 4802 4650 4283 4911 4729 4424 5132 4792 5042 4844 4718 5426 4963 4854 4680 4759 4803 5011 5075 4839 5193 4613 4467 4905 4668 4714 4481 4464 4777 4532 4408 4606 4720 4799 5135 4379
4390 5393 5130 5061 5068 5170 4907 5197 4507 4681 5256 5398 4540 4682 5108 4635 5161 5210 5081 4852 4893 5466 4870 5238 5107 5467 4795 5321 4493 4648 5111 5094 4677 4588 4915 4536 5229 4914 5011 4664 4717 4828 5104 4834 5117 4814 4910 4454 4440 4779 5097 4667 4918 5457 4458 4777 4927 4872 5120 4964 4637 4350 4737 4705 4730 5034 4875 5062 4873 4952 4772 4816 5163 4720 4908 4958 5553 5241 5285 4680 4965 4888 4929 5125 4652 5364 4630 5106 4872 5351 5047 4786 5514 5016 4997 4971 4932 5180 4941 4975 5543 5353 5143 5039 4444 5100 5102 4707 4865 4869 4483 4413 4577 4683 4842 5051 4869 4153 4739 5111 5156 5393 4708 4966 5026 5372 4534 5005 5463 4376 4988 4928 4605 4781 4493 4623 5137 4960 4808 5162 4599 5156 4951 5073 5116 5217 4806 4855 5314 5092 4841 4537 5009 5004 5486 4986 4909 4795 4970 5155 5180 4609 5034 4985 5139 4773 4706 4855 4983 4759 5095 5256 4955 4723 4743 5192 4902 4713 4870 4977 5039 4861 5072 4847 5367 4936 4728 5106 4904 5123 4544 4923 4947 4817 4756 4785 4782 4999 5266 4520
4541 4941 5042 4762 4689 4780 4778 4654 4136 4465 4814 5015 4730 4423 4901 4472 5083 4949 4718 5144 4989 5003 4922 4751 4923 5137 4655 4766 4537 4377 4940 4697 4103 4389 4403 4555 4821 4675 4748 4609 4436 4652 4712 4867 4629 4362 4800 4520 4262 4883 4777 4276 4868 5031 4660 4421 4656 4925 4980 4554 4751 4335 4747 4508 4390 4780 4315 4666 4814 4698 4357 4465 4818 4273 4769 5086 4962 4906 4782 4331 4807 4449 4811 4530 4552 4919 4387 4736 4426 4935 4337 4353 4811 4772 4229 4624 4776 4706 4763 4841 5119 4707 5044 4786 4467 4777 4569 4349 4599 4443 4315 4140 4463 4526 4683 4723 4567 4238 4409 4966 4641 4937 4266 4597 4874 4753 4279 4525 5262 4495 4350 4760 4281 4420 4376 4608 4964 4437 4452 4696 4394 4693 4805 4926 4510 4911 4399 4592 4760 4597 4402 4188 4498 4596 5049 4779 4735 4900 4904 4501 4835 4403 4411 5019 4651 4656 4285 4809 4523 4532 4869 4928 4776 4410 4329 5250 4685 4497 4411 4682 4338 4645 4519 4469 5158 4649 4150 5023 4634 4626 4375 4440 4331 4629 4445 4432 4375 4761 4730 4377
5228 5704 5561 5330 5272 5376 5394 5555 5044 5402 5358 5975 5260 5196 5358 4995 5701 5547 5526 5479 5515 5899 5361 5614 5509 5724 5208 5561 5062 5151 5383 5512 4933 4949 5168 4959 5629 5621 5503 4993 4962 5183 5429 5442 5110 5265 5176 5268 5461 5556 5892 5414 5638 5858 5093 5261 5189 5549 5510 5523 5216 4846 5546 4964 4947 5280 5166 5385 5383 5614 4907 5149 5664 5214 5102 5668 5507 5636 5733 5009 5293 5252 5623 5404 5221 5880 5172 5485 5405 5560 5296 5585 5982 5329 5101 5605 5282 5714 5528 5367 5595 5730 5642 5161 5083 5500 5779 4813 5358 5105 5053 4733 5268 5409 5377 5549 5120 4819 5002 5555 5346 5480 5016 5461 5475 5487 5071 5464 5831 4996 5119 5360 5162 5128 5204 5026 5716 5069 5230 5450 5062 5617 5367 5595 5408 5438 5137 5100 5434 5364 5004 4987 5506 5491 5624 5517 5381 5501 5538 5295 5530 4907 4930 5612 5372 5646 5244 5268 5016 5213 5593 5542 5689 5281 5270 5674 5365 5031 5669 5079 4957 5368 5307 5501 5794 5333 4848 5414 5355 5441 5069 5030 5164 5229 5065 5152 5055 5366 5603 4849
4811 5366 4970 4975 4905 5400 4929 4911 4414 4881 5393 5159 4689 4423 4636 4644 4943 4918 4753 4588 4725 5431 4859 5101 4924 5085 4725 5156 4428 4497 4877 4963 4452 4429 4901 4312 5150 4856 4918 4573 4609 4742 5222 4924 5050 4635 4945 4456 4497 4705 4862 4784 4901 5225 4509 4818 4741 4877 5007 4722 4658 4366 4763 4621 4638 4726 4481 4734 5139 4806 4903 4744 4910 4728 4729 4824 5421 5327 5224 4680 4933 4798 5010 4916 4681 5139 4655 5156 5023 4809 4841 4635 5200 4564 4417 4803 4649 4761 4840 4921 5142 5027 5092 4835 4627 4947 4972 4796 4571 4764 4412 4298 4727 4434 4822 4861 4443 4183 4738 5061 4693 5221 4680 4727 5386 5299 4605 4875 5210 4671 4547 5382 4684 4757 4517 4578 5243 4510 4539 5012 4654 5188 4855 5026 4951 5109 4813 4313 5261 4900 4638 4522 5058 4826 5424 4883 4871 5099 5040 4824 5098 4405 4690 4969 5199 4944 4265 5008 4676 4648 5425 4828 5033 4758 4605 5174 5121 4519 4784 4842 4742 5128 5017 4790 5576 4869 4547 4804 4892 5249 4654 4456 4425 4997 4596 4819 4735 4741 5108 4441
5115 5275 5319 5110 4981 5019 5348 5314 4499 5029 5243 5687 5010 4542 5117 5074 5276 5317 5100 5364 5163 5438 5019 5369 5230 5597 4851 5195 4972 4967 5385 5257 4744 4674 4941 4846 5367 5239 5210 4492 4915 4955 5252 5317 5037 4999 5269 4823 4616 5523 5097 5057 5182 5297 5243 4926 5027 5183 5290 5007 4809 4731 5392 4556 4672 4966 4881 5435 5051 5256 4815 5202 5512 5004 4938 5089 5706 5344 5459 4918 5187 5264 4980 5183 4747 5386 4700 5508 5254 5269 4984 4986 5215 4974 4645 5046 4673 5338 5227 5438 5478 5158 5143 4961 5128 5116 5097 4777 5240 4575 4946 4553 4701 5048 5591 5404 4895 4925 5257 5151 4846 5503 4867 5300 5263 5233 4929 4868 5788 4849 4862 5244 4815 4896 4621 4992 5309 5027 4882 5354 4811 5162 5032 5240 5384 5237 5141 4812 5329 4974 4945 4698 5025 4812 5307 4906 4985 5471 4963 4878 5336 4575 4964 5244 5154 4869 5192 5048 5026 5135 5133 5103 5395 4918 4787 5251 5261 4935 5097 4886 5114 4939 5236 4740 5285 5129 4449 5243 4981 5401 4803 4891 4614 5110 4665 5139 4882 5199 5501 4842
4795 5385 5170 4727 5134 5308 5081 5137 4678 4775 5205 5417 4946 4823 5380 4945 5163 5285 5139 5310 5115 5496 5002 5321 5105 5501 4813 5198 4755 4573 5099 5217 4686 4623 4993 4566 5424 5116 5042 4600 4826 5296 5551 5005 5093 4743 4841 4486 4892 5078 5228 5042 4939 5569 4841 5173 4776 5080 5254 5010 4788 4573 4843 4656 4589 4717 4911 5232 5109 5288 5095 4955 5140 4713 5011 5010 5621 4992 5448 4657 5235 4829 4952 5113 4753 5348 4863 5379 5087 5180 5181 4697 5572 5228 4704 5130 4862 5302 5339 5073 5137 5168 5170 5240 4584 5159 5127 4908 4962 4735 4995 4817 4956 4877 5067 5184 4794 4537 4814 5339 5269 5238 4659 5420 5268 5389 5096 4805 5764 4609 4940 5118 4957 4875 4872 4730 5196 4899 5022 5413 4746 4984 5061 5361 5356 5113 4712 4903 5323 4874 4817 4666 5056 5178 5437 5092 4921 5291 5107 5140 5392 4813 4720 5008 5161 5070 4622 5264 5035 5012 5457 4881 5094 4823 4777 5287 5377 5010 5327 4958 5058 4916 5140 5107 5048 5316 4714 5013 5116 5239 4860 4806 4801 5177 5083 5014 4854 5002 5386 4826
5054 5295 5263 5125 4996 5164 5002 5255 4468 4975 5299 5735 5046 4604 5263 4846 5133 5134 5008 4956 5279 5484 5149 5356 4867 5472 5047 5342 4960 4952 5174 5121 4629 4529 5050 4353 5403 4908 5298 5086 5134 4675 5283 5140 4994 4559 4809 5162 4848 5063 5230 4844 5049 5588 4403 4936 5051 5264 5211 5109 5094 4872 5270 4768 4682 4938 4958 4807 5016 4974 5103 4808 5228 4786 4951 5401 5637 5132 5624 4646 5130 5189 5192 5113 5017 5554 4708 5416 5020 5272 5016 5082 5517 4996 4698 4829 5163 5289 4749 5114 5303 5236 5268 4996 5000 4955 5418 5061 4852 4868 4925 4678 4666 5070 5108 5408 4991 4601 4759 5116 5053 5365 4594 5120 5386 5351 4932 4992 5615 4530 4822 5405 4751 4778 4729 4944 5565 4749 4850 5400 4372 5242 5351 5534 5195 5286 4925 4817 5242 4796 4989 4565 5129 5138 5396 5482 5155 5374 5037 5118 5452 4534 4682 5128 5050 5015 4692 4982 4971 4859 5593 4914 5440 4973 4960 5251 5148 4943 5123 5205 5035 4973 5109 5119 5339 5016 4497 5224 5111 5136 4681 4959 4942 5135 5047 5302 5010 5399 5603 4826
5292 5858 5522 5241 5347 5370 5418 5716 5071 5209 5414 5954 5265 4950 5317 5145 5419 5476 5375 5578 5322 6021 5215 5308 5626 5802 5425 5666 5027 5277 5654 5432 4994 4806 5071 5021 5715 5561 5446 5055 4774 5351 5550 5340 5186 5102 5415 5023 4908 5501 5401 5375 5391 5680 5452 5156 5354 5338 5324 5204 5310 4854 5207 4989 5244 5265 5013 5224 5491 5399 5230 5139 5723 5133 5116 5418 5937 5366 5638 4957 5448 5412 5475 5403 4943 5525 5026 5534 5416 5401 5537 5148 5869 5471 4948 4987 5173 5650 5417 5339 5683 5588 5711 5187 5135 5557 5425 5252 5403 5081 5145 4632 5163 5116 5500 5370 5129 4751 5413 5509 5470 5559 4947 5520 5593 5471 5178 5405 6164 4966 4740 5396 5256 4942 4995 5419 5595 5078 4917 5387 5216 5522 5379 5636 5685 5396 5036 5331 5372 5453 5111 4964 5554 5264 5606 5609 5349 5298 5302 5258 5686 5201 5000 5405 5162 5257 5183 5332 4995 4966 5524 5431 5576 5098 5175 5466 5526 5044 5422 5275 5327 5326 5579 5116 5719 5466 4900 5483 5439 5598 5106 5295 5044 5373 5511 4976 5284 5331 5545 5132
5144 5658 5244 5631 5356 5321 5289 5291 4633 5308 5430 5790 5394 4818 5311 5021 5832 5504 5270 5478 5387 5786 5053 5513 5375 5773 5235 5289 5136 4873 5552 5425 4917 5264 5258 5089 5666 5378 5206 4857 4939 5192 5465 5460 5297 5124 5291 4807 5135 5082 5644 5099 5411 5597 4950 5402 5303 5366 5424 5247 5060 4837 5429 5270 5067 5139 5217 5198 5240 5345 5288 5155 5429 4929 5152 5336 5498 5702 5625 5019 5261 5480 5361 5279 5077 5582 4980 5567 5583 5470 5453 4987 5678 5498 4860 5287 5272 5509 5106 5277 5706 5432 5287 5237 5049 5411 5553 4995 5420 5344 5055 4928 5318 4998 5182 5474 4896 4884 5087 5454 5057 5629 4759 5220 5418 5455 5326 5255 6160 4786 5180 5397 4853 5105 5248 4849 5618 5229 5004 5518 4848 5358 5351 5629 5186 5208 5123 5089 5683 5365 4991 4916 5426 5015 5549 5145 5394 5437 5320 5166 5498 5020 5022 5450 5192 5304 5130 5239 5060 5151 5210 5483 5294 5306 4987 5697 5449 5255 5255 4786 5121 5316 5565 5360 5766 5264 4881 5530 5152 5277 4800 5051 5213 5064 5229 5110 5441 5547 5722 4992
5055 5473 5259 5165 5303 5196 5345 5378 4677 5169 5435 5765 4909 4926 5306 5166 5381 5455 5267 5412 5499 5773 4823 5432 5437 5580 5125 5688 5140 5146 5404 5030 4830 4970 5158 4520 5858 5393 5112 4978 4986 5216 5191 5349 5302 4899 5192 4817 5049 5165 5810 5361 5026 6023 4975 5296 5119 5320 5171 4985 4908 4892 5220 4985 5096 5038 5201 5109 5242 5258 5308 4929 5378 4797 5009 5353 6052 5333 5626 4929 5479 5221 5164 5166 4907 5713 4753 5617 5342 5294 5188 4968 5330 5233 4700 4984 4983 5407 5264 5010 5599 5444 5639 5198 4917 5124 5162 5038 5137 5046 4831 4629 4841 4787 5213 5328 5298 4766 4941 5433 5268 5653 4609 5165 5410 5336 5008 5371 5786 4726 4989 5334 4967 5115 4931 4760 5625 4831 5034 5441 4948 5446 5274 5464 5414 5131 4785 4951 5596 5248 5206 5062 5114 5064 5819 5549 5024 5449 5286 5118 5543 4816 4928 5080 5336 5243 4867 5214 5059 5118 5444 5511 5382 5105 5183 5560 5318 5087 5223 5206 4999 5151 5370 4986 5603 5335 4406 5495 5218 5157 4727 4782 5160 5018 5167 5198 5316 5278 5358 4814
4773 5105 4995 4827 4680 4896 4712 4996 4551 5125 5168 5396 5069 4674 5119 4713 4902 5188 5021 5126 5210 5339 4959 4975 4834 5269 4920 5115 4614 4867 5099 5154 4566 4677 4538 4460 5525 4983 5006 4469 4929 4947 4918 4936 4835 4587 4999 4677 4554 5016 5101 4774 4888 5482 4785 5125 4836 4958 5186 4913 4933 4670 5167 4550 4496 4687 4820 4986 5143 5211 4917 4981 5460 4836 4846 4894 5419 5311 5131 4736 5172 5007 4973 4866 4740 5545 4597 5352 5122 5187 4905 4763 5474 4811 4606 4844 4851 4825 5345 5117 5181 5027 5240 5264 4573 5023 4896 4685 4782 4628 4666 4637 4631 4685 5068 5134 4880 4175 4738 5163 4835 5100 4547 4864 5231 5400 5065 5045 5562 4485 4739 5097 4485 4735 4400 4801 5411 4739 4764 4990 4560 4802 5077 5250 5075 4916 4832 4650 5207 5040 4904 4457 4942 5113 5588 4936 4746 5178 4731 5106 4984 4559 4778 5021 4857 4754 4748 4920 4723 4774 5027 5120 5392 4850 4823 5153 4914 4818 4845 4732 4840 4757 5122 4951 5095 5120 4096 5089 4757 5021 4544 4838 4814 4670 4622 4900 5003 5005 5236 4693
4653 5128 5241 4814 4784 4868 5115 5175 4278 4749 5371 5321 4891 4787 5036 4798 4948 5196 4736 5110 5057 5668 4810 5075 5133 5278 4873 5209 4378 4607 5195 5025 4478 4471 4784 4437 5461 5051 4810 4856 4837 5037 4812 5074 4957 4836 4896 4567 4900 4966 5317 4834 5041 5423 4807 5136 4917 5087 4898 4584 4654 4436 4867 4689 4586 4909 4894 4975 5250 5063 4706 4792 5129 4646 4621 5126 5358 5144 5193 4608 5038 5108 5037 4819 4761 5303 4533 5016 5182 5107 4939 4505 5337 4687 4467 4960 4699 4952 4713 4832 5225 5093 5348 5118 4461 4779 4958 5067 5186 4680 4482 4704 4719 4549 5248 4939 4775 4649 4906 5143 4807 5318 4750 5036 5299 4991 4990 4883 5391 4747 4786 4776 4395 4748 4464 4613 5193 4767 5001 4710 4705 5161 5040 5045 4954 5251 4986 4515 5209 5043 4867 4670 5083 4839 5272 4917 4906 5066 4930 4768 5049 4593 4543 4858 4672 4762 4912 5404 4699 4812 5244 5059 4985 4390 4836 5070 5267 4997 4960 4847 5148 5007 4926 4846 5046 4801 4273 4980 5127 5196 4511 4528 4448 4746 4688 4713 4998 4985 5057 4632
4735 5046 5009 4553 4791 4772 4708 5063 4414 4405 4945 5332 4705 4388 4810 4662 5081 5087 4795 4936 5015 5166 4539 5003 4805 5292 4777 4801 4405 4494 4931 5098 4210 4453 4433 4246 5152 5061 5076 4413 4636 4793 4906 4715 4964 4338 4934 4510 4669 5083 5306 4574 4753 5113 4380 4625 4613 4996 4816 4730 4654 4704 4909 4583 4780 4746 4537 4686 5184 4638 4766 4790 5061 4370 4905 4896 5316 5043 4950 4288 4787 4791 4960 4728 4519 5256 4354 4819 4879 4960 4879 4321 5284 4845 4596 4668 4676 4866 4791 5001 5375 5097 5127 4883 4454 4782 4841 4434 4748 4650 4275 4445 4534 4519 4936 4938 4739 4433 4732 4996 4823 4819 4241 4843 5077 4996 4761 4645 5344 4375 4697 4757 4385 4642 4504 4392 5202 4675 4789 5052 4416 4731 4877 5257 4971 4780 4696 4732 5099 4764 4839 4112 4922 4825 5402 4842 4669 5101 4815 4592 4881 4463 4502 4793 5129 4688 4476 4982 4687 4712 5026 5278 5039 4816 4672 4845 4805 4916 4771 4844 4845 4816 4711 4557 5191 4898 4126 4987 4575 4643 4475 4506 4384 4655 4458 4980 4665 4797 4957 4631
5290 5569 5607 5283 5336 5578 5460 5508 4842 5159 5527 5559 5029 5117 5213 5346 5482 5470 5229 5612 5393 5956 5211 5813 5512 5686 5351 5440 5194 5216 5573 5649 4859 4923 5300 4904 5814 5648 5454 5054 5471 5333 5484 5830 5314 5241 5458 4974 4876 5497 5712 5472 5089 5719 5025 5374 5026 5560 5620 5133 5252 5064 5420 5002 5179 5151 5147 5425 5469 5683 5260 5293 5375 5479 5275 5640 5915 5520 5726 5151 5504 5334 5515 5302 5101 5684 5161 5648 5263 5507 5295 5270 5717 5460 5208 5252 5263 5544 5754 5330 5676 5604 5769 5613 5110 5430 5425 5520 5159 5227 5195 5025 4992 5144 5608 5592 5291 4921 5377 5658 5365 5685 5058 5579 5811 5575 5327 5602 6001 5034 5216 5604 5025 5163 5168 5007 5771 5106 5023 5565 4904 5469 5649 5432 5557 5639 4975 5016 5614 5164 5050 5120 5630 5386 5771 5408 5552 5914 5546 5348 5447 5252 5101 5446 5663 5351 5080 5379 5124 5144 5447 5521 5848 5147 5244 5468 5517 5207 5462 5231 5318 5281 5662 5293 5739 5434 4818 5300 5208 5310 5007 5277 5033 5117 5174 5444 5476 5385 5584 5066
4896 5424 5073 5267 5111 5488 5118 5130 4616 4774 5283 5445 4979 5023 5188 4772 5337 5175 5246 5291 5356 5717 5063 5148 5363 5512 5043 5519 4814 4954 5109 5160 4678 5044 4734 4583 5649 5224 5015 4863 4805 5099 5572 5348 5249 4906 5094 4384 4798 5163 5204 4642 5066 5540 4841 5224 4885 5286 5298 5273 5104 4785 4975 4783 4757 4820 4678 4891 5370 5239 4775 5040 5275 4674 5000 5254 5594 5213 5312 4939 5209 5012 5034 5104 5021 5268 4763 5282 5163 5116 5010 4895 5329 5029 4451 5116 4938 5206 5091 5132 5244 5258 5448 5175 4813 5007 5125 5057 4917 4845 4770 4589 4676 4999 5000 5069 5031 4687 4788 5147 4799 5540 4912 5003 5150 5269 5080 5388 5509 4762 4809 5114 4809 4916 4828 4709 5473 4826 4568 5246 4831 5252 5106 5172 5239 5307 4877 4856 5120 5089 4856 4631 5026 5064 5606 5118 4862 5172 4895 5116 5070 4666 4690 5165 4950 4988 4804 5169 4875 5102 5537 5023 5462 4682 5099 5567 5145 4747 5030 4879 4797 4997 5426 4832 5407 5117 4500 5173 5044 5142 4635 4743 4847 4850 4601 5014 4740 4775 5274 4580
4701 5241 4637 4791 4695 4685 5098 4964 4286 4798 5025 5179 4848 4703 5040 5016 5287 4950 4907 5072 4632 5127 4949 5027 4899 5206 4393 4763 4468 4540 5094 5007 4491 4476 4517 4484 5362 5070 4755 4594 4573 4669 4920 4948 4855 4667 4645 4424 4796 5060 5013 4956 4936 4918 4554 4609 4674 4887 4958 4671 4601 4640 4898 4621 4531 4706 4455 4779 4751 4874 4571 4500 4775 4387 4603 4890 5148 4822 4926 4449 4853 4913 4832 4883 4398 5410 4705 4728 4944 4973 4618 4564 5183 4820 4263 4806 4977 5122 4815 4880 5386 5157 4680 4755 4383 5067 4907 4594 4789 4697 4660 4300 4694 4156 4909 4945 4804 4327 4214 5005 4790 4989 4206 4893 4854 5036 4723 4416 5250 4370 4488 5074 4567 4687 4342 4703 5020 4575 4869 4833 4579 4754 4921 4968 5023 4971 4582 4598 5214 4910 4720 4412 4905 4713 5260 4962 4575 4759 4825 4758 4923 4451 4526 5174 4970 5038 4724 4834 4601 4706 5031 4820 5208 4406 4666 5255 4862 4560 4830 4742 4725 5031 4857 4895 5087 4965 4530 4893 4751 4938 4384 4385 4334 4822 4699 4662 4727 4586 5071 4565
4999 5645 5616 4833 5300 5237 5552 5444 4911 4949 5161 5795 5072 4670 5251 5074 5467 5503 5332 5246 5304 5523 5086 5401 5467 5706 4837 5300 4772 4691 5444 5665 4926 4889 4853 5048 5557 5317 5261 4840 5027 5206 5478 5287 5303 4892 5306 4774 5152 5412 5397 5109 5253 5602 5222 5064 5088 5536 5375 5126 5255 4920 5236 4979 5088 5332 5075 5455 5202 5236 4999 5102 5666 5108 5275 5358 5690 5465 5301 4856 5150 5044 5048 5291 4656 5323 4764 5502 5194 5629 5091 4902 5476 5424 4782 5457 4955 5251 5207 5590 5614 5502 5534 5168 5188 5250 5459 5114 5278 4996 5053 4860 5011 4996 5537 5131 4984 4964 5257 5429 4940 5573 4802 5368 5717 5190 5048 5121 5756 4957 4863 5486 5113 5094 5027 5049 5594 5163 5022 5261 4988 5229 5277 5248 5175 5220 5192 5184 5436 5172 5006 4863 5268 5026 5535 5298 5123 5468 5368 4884 5339 4637 4789 5287 5061 5025 5204 5219 4942 4887 5440 5031 5418 4801 4822 5383 5390 5082 5151 5024 5209 5032 5497 4935 5404 5159 4640 5526 5390 5146 4989 5172 5043 5097 4873 5054 5193 5193 5388 5142
5117 5642 5614 5342 5267 5604 5441 5658 4780 5090 5584 5803 5197 5117 5556 5308 5331 5502 5272 5477 5665 5970 5113 5535 5589 5932 5384 5633 4964 5162 5589 5508 5026 5106 5123 4942 5543 5260 5336 4914 5163 5180 5580 5514 5185 4898 5290 4883 4988 5316 5724 5487 5500 5882 5097 5368 5305 5422 5384 4969 4874 4698 5420 4974 5220 5278 5404 5219 5366 5359 5179 5348 5434 5131 5424 5478 5947 5752 5977 4945 5571 5408 5544 5504 5126 5691 4987 5672 5429 5477 5371 5006 5906 5175 4879 5126 5095 5461 5360 5524 5895 5469 5581 5390 4974 5238 5545 5032 5198 5303 5045 4896 4956 5208 5168 5574 5442 5045 5038 5319 5091 5658 4875 5469 5761 5675 5129 5214 5913 5000 5255 5493 4982 5122 4988 4925 5477 5374 5222 5464 4981 5748 5326 5679 5521 5344 5118 4968 5785 5283 5143 5143 5563 5240 5683 5204 5082 5252 5315 5304 5531 5122 5259 5479 5500 5268 5294 5423 5135 4852 5643 5231 5392 5196 5092 5747 5749 5286 5397 5337 5243 5273 5700 5170 6010 5169 4834 5622 5066 5673 4875 5080 5253 5077 5157 5062 5206 5317 5563 5085
5228 5333 5312 4685 5251 5062 5241 5152 4354 4801 4903 5593 5059 4598 4992 4711 5268 5114 5365 5023 5322 5361 5053 5263 5219 5567 4999 5315 4803 4786 4995 5279 4582 5012 4962 4495 5419 5006 4865 4760 4943 4823 5146 5082 4767 4780 4911 4668 4941 4956 5307 4927 5011 5592 4754 4769 4815 5405 5232 4856 4925 4500 5048 4838 4816 5173 5027 5227 4942 4896 4810 4960 5256 4877 5190 5042 5227 5221 5203 4494 5168 5123 5002 5154 4892 5528 4693 5469 5091 5250 5037 4752 5556 4939 4457 5003 5033 5220 4924 4946 5125 5167 5477 5108 4935 5120 5223 4822 4774 4842 4860 4473 4823 4929 5308 5186 4738 4537 4893 4930 5094 5384 4409 5206 5569 5182 4661 4973 5736 4908 4557 5240 4735 4747 4816 4635 5459 5006 4920 4843 4620 5442 5121 5196 5243 5114 4867 4700 5243 5154 4739 4864 4967 4966 5419 5158 4805 5014 5165 4857 5322 4772 4674 5273 4917 4861 4690 4973 4713 4794 5418 5068 4964 4896 4969 5520 5313 5063 4948 4929 4745 5060 5360 4793 5374 4984 4708 5351 4872 5243 4471 4597 4806 4960 4886 4938 4930 5118 5077 4669
5186 5336 5218 5179 5128 5239 5036 5331 4591 4854 5401 5530 4974 4816 4936 4887 5130 5120 5248 5260 5227 5667 4785 5276 5132 5420 4999 5189 4662 4923 5269 5134 4623 4749 4954 4498 5471 5201 5236 4750 4981 4937 5149 4998 4882 4761 5182 4850 4788 5412 5182 5116 4849 5610 4720 5244 4901 5311 4979 4760 4834 4438 4938 4812 4943 4832 5105 5042 5324 5018 4935 4849 5327 5143 4978 5117 5544 5246 5118 4751 4951 5040 5037 4942 4748 5250 4650 5385 5101 5174 4975 4834 5184 4987 4512 5035 5002 5109 4845 5065 5381 5085 5446 5125 4958 5020 5333 4827 4872 4721 4730 4385 4752 4698 5100 5043 4885 4631 4858 5416 4917 5187 4622 5137 5340 5219 4823 4889 5693 4435 4747 5297 4704 4625 4838 5061 5328 4839 4790 5001 4751 5290 5518 5274 5408 5022 4611 4817 5352 5363 4834 4754 5169 5100 5530 5176 5152 5499 4986 5033 5244 4913 4551 5501 5131 4926 4932 5280 4703 4755 5227 5327 5368 4961 5008 5250 4972 4871 5029 4977 4917 4920 5256 4740 5397 4970 4392 5044 4914 5263 4703 4930 4717 4618 4617 4772 4962 5187 5314 4780
5165 5379 5308 5240 5053 5285 5471 5463 4851 4971 5585 5567 5245 4701 4906 4864 5424 5083 5200 5299 5242 5719 5072 5413 5383 5609 5172 5348 4959 4922 5287 5351 4791 4687 4983 4511 5489 5330 4841 4780 4986 4885 5317 5174 4967 4932 5227 4922 4813 5382 5341 4774 5297 5555 5077 4966 5024 5394 5223 5298 4836 5067 5238 5025 4723 4990 4981 5006 5240 5087 4947 5240 5182 5083 5146 5275 5363 5668 5353 4704 5191 5303 5175 5324 4903 5567 4838 5240 5454 5157 4936 4774 5704 5072 4678 5016 5050 5382 4932 5205 5634 5572 5418 5073 4939 5027 5272 4818 5079 4924 4797 4643 4764 5141 5101 5297 4904 4519 4734 5085 5230 5329 5082 5212 5164 5358 5127 5217 5825 4793 4958 5354 4732 5163 4929 4859 5304 4708 4871 5323 4687 5597 5202 5382 5370 5355 4875 4741 5561 5367 4849 4522 5211 4968 5456 5074 5087 5299 5111 4966 5201 4903 5060 5267 5212 4951 4776 5031 4804 5071 5501 5410 5510 4979 5155 5393 5308 5001 5255 4875 4820 5108 5308 5085 5379 5349 4464 5266 4996 5227 4813 4842 4864 5303 4856 5222 5169 5077 5473 4864
5117 5685 5376 5330 5539 5550 5284 5674 4647 5265 5745 5978 5647 5194 5466 5287 5919 5734 5713 5555 5641 5898 5162 5523 5472 5613 5303 5343 5074 5204 5766 5664 4950 5300 5227 5059 5815 5470 5411 4947 5322 5537 5457 5618 5524 5318 5341 5154 5272 5590 5890 5452 5227 5656 4929 5301 5290 5469 5532 5312 5297 4911 5496 5081 5023 5350 5128 5151 5369 5238 5042 5212 5595 5062 5362 5450 5623 5385 5682 5055 5697 5314 5587 5211 5232 5886 5278 5524 5693 5718 5423 5124 5940 5390 4879 5608 5483 5720 5126 5654 5774 5405 5739 5635 5106 5382 5572 5344 5252 5258 4959 5026 5329 5240 5657 5585 5430 5394 4954 5470 5451 5867 4911 5206 5606 5813 4991 5220 6080 5025 5157 5301 5045 4882 4861 5018 5727 5643 5224 5278 4991 5548 5213 5700 5479 5783 5107 5065 5884 5229 4994 4817 5776 5001 5909 5337 4980 5615 5393 5311 5342 4863 5047 5590 5628 5480 5393 5379 5499 5246 5468 5687 5658 5355 5234 5778 5577 5184 5651 5239 5431 5414 5259 5400 5909 5485 5025 5610 5336 5287 4849 5025 5194 5172 4895 5131 5380 5182 5806 4986
4883 5057 5369 4949 4947 4960 4927 5240 4407 5063 5076 5439 4982 4706 5047 4987 5146 5317 4792 5012 5118 5465 4882 5376 5133 5523 4867 4816 4719 4911 5122 5358 4435 4708 4828 4512 5442 5012 4903 4564 4857 5002 5159 5226 4609 4685 4924 4771 4824 5206 5346 4841 5105 5260 4594 4989 5114 5564 5295 4920 4851 4669 5169 4746 4916 4714 4611 4966 5109 5011 5200 5076 5396 4953 4932 5305 5527 4904 5266 4416 5172 4797 5002 4919 4993 5281 4638 5405 5062 5102 5179 4926 5298 5070 4689 5042 4944 5137 4950 4977 5181 5069 5333 4854 4890 5261 5230 4896 5042 4660 4827 4710 4770 4719 5163 5273 4819 4427 4900 5342 4858 5317 4632 5349 5326 5113 4723 4820 5574 4617 4800 5015 4834 4834 4834 4828 5402 4840 4635 5276 4790 5209 5064 5269 5114 5283 4931 4749 5207 4991 4544 4426 5116 4787 5261 5059 5061 5327 5188 4905 5365 4496 4679 5051 4919 4991 4735 5170 4698 4998 5137 5159 5496 4472 4773 5277 5205 4883 4915 5054 4833 5182 5046 5021 5209 4882 4531 5201 5212 5112 4597 4785 4733 5110 4819 4971 4826 4981 5227 4765
5213 5796 5374 5157 5146 5243 5535 5793 4864 5150 5653 5921 5181 5175 5307 5158 5523 5730 5428 5156 5386 5913 5162 5563 5764 5960 5305 5715 4860 5067 5496 5493 4797 5110 5107 4937 5871 5410 5071 5130 4840 5171 5310 5266 5419 5190 5255 4662 5195 5427 5324 5054 5409 5931 5064 4938 5200 5267 5314 5248 5089 5095 5577 5192 4745 5489 5322 5316 5579 5213 5068 5173 5308 5083 5171 5369 5650 5583 5571 5006 5429 5439 5510 5345 4801 5678 4864 5424 5258 5494 4993 4994 5801 5176 4889 5154 5243 5306 5091 5381 5611 5389 5542 5297 5160 5335 5428 5233 5353 5151 5321 4848 4831 5278 5557 5652 5234 4930 5095 5212 5335 5427 5002 5430 5632 5380 5200 4990 6014 4616 4752 5304 4952 4873 4894 4907 5902 5130 4954 5617 4987 5349 5419 5545 5467 5320 4969 5095 5538 5299 5218 4770 5409 5198 5407 5305 5064 5289 4992 5234 5243 4693 4920 5289 5143 5131 5171 5137 5297 4850 5267 5415 5521 4983 4988 5633 5521 5415 5118 5083 5356 4884 5488 5160 5149 5416 4703 5363 5203 4985 5023 5338 4876 5127 5073 5052 5118 5297 5592 4713
4602 5334 5174 4997 5105 4923 5002 5176 4665 4788 5251 5366 4900 4756 5415 4813 5023 5342 5244 5184 5081 5511 5097 5121 5176 5204 4757 5194 4906 4838 5234 5178 4667 4784 4929 4411 5369 5187 4853 4875 4657 5330 5070 4795 5161 4963 5137 4795 4950 5280 5209 5054 4993 5721 4601 5204 4908 5175 5067 5201 4865 4591 4886 4835 4774 4897 4941 5082 5225 5209 4593 4913 5182 4447 4861 5104 5560 5069 5378 4582 5366 4958 4907 5031 4766 5482 4577 5258 5234 5100 4783 4674 5439 5197 4591 5236 5313 5269 5038 5126 5180 5285 5443 5114 4889 5150 5204 5143 4982 4748 4934 4691 4817 4903 5214 5120 4938 4654 4709 5325 4992 5235 4729 5155 5116 5349 5090 4963 5779 4758 4740 4977 4655 5030 4739 4953 5247 4828 4867 5109 4653 5161 5208 5201 5236 5120 4686 4815 5380 5077 4905 4700 4890 4955 5383 5232 4815 5129 4765 5060 5103 5035 4906 5162 4905 5082 4647 5141 5117 4866 5432 5383 5054 4666 4857 5282 5239 4902 5027 4991 5076 5061 5192 4748 5068 5048 4510 5224 4994 5239 4668 4747 4782 4853 4627 4929 5142 5059 5400 4756
4774 5447 4873 5005 4886 4739 4797 5014 4323 4878 4896 5399 4527 4816 4933 4823 5097 5232 5300 5033 5314 5461 4731 5018 4905 5156 4663 5078 4642 4693 5093 5003 4613 4501 4937 4681 5474 5161 5222 4713 4850 5114 4944 4977 4806 4828 4784 4593 4905 5312 5135 5028 4675 5436 4767 4939 4642 4952 5290 4808 4831 4585 5034 4486 4731 4736 4742 4900 5164 4946 4658 4626 5039 4679 4502 4918 5450 5260 5362 4650 5159 4825 4891 4714 4513 5325 4451 5089 5056 5039 4869 4763 5229 5090 4407 5033 4825 4973 4856 4889 5091 5135 5266 4861 4812 4801 4783 4869 4744 4648 4512 4345 4985 4640 5170 4825 4867 4666 4626 4984 4806 5270 4503 4944 5416 5065 4610 4853 5553 4454 4870 4969 4908 4521 4407 4629 5185 5092 4806 5089 4577 5179 5137 5077 5131 5139 4753 4607 5132 4892 4804 4652 5190 4955 5617 4984 4966 5171 5378 4799 5115 4426 4829 5038 4986 4873 4830 5048 4824 4677 5077 5012 4953 4673 4958 5429 4883 4766 5122 4892 4900 4858 4941 4937 5363 5114 4299 5238 5119 4983 4684 4419 4992 4946 4735 4798 4675 4874 4955 4504
4932 5363 4991 4927 4730 5044 5175 5292 4726 4812 5124 5220 4960 4697 4918 4728 4948 5009 5194 5284 4965 5308 4774 5150 5289 5212 4635 5263 4839 4888 5005 5013 4443 4877 4853 4715 5239 5122 4823 4603 4841 5015 5051 5173 5124 4863 4802 4503 4794 5079 5367 5067 4927 5508 4889 4954 4509 5166 5164 4829 4822 4811 5177 4706 4645 4775 4944 4966 5138 5032 4726 4761 4930 4805 4757 5101 5436 5181 5696 4755 5314 4831 4894 4981 4594 5448 4546 5046 5090 5172 4944 4795 5164 4910 4618 5054 5047 5327 5066 5212 5362 5146 5070 4984 5021 4968 5074 4800 4797 4873 4638 4712 4696 4853 4962 4923 5121 4618 4675 5127 4938 5331 4776 5095 5212 5130 4868 4851 5078 4981 4701 5156 4775 4952 4710 4721 5035 4595 4605 5140 4631 4946 5077 5491 5102 5083 4699 4692 5026 5039 4767 4777 4834 4837 5293 4933 4998 5154 5124 5041 5212 4622 4710 5083 5329 4888 4628 5086 4749 5014 5227 5080 4970 4772 4755 5238 4967 4947 5353 5223 5038 5016 5144 4721 5125 4946 4634 5127 4962 5052 4576 4850 4740 4931 4772 4746 5027 4787 5177 4585
4801 5065 4772 4671 4817 4944 4731 5080 4376 4477 5026 5238 4851 4467 4549 4462 4588 5074 4689 4821 5069 5114 4627 4658 4845 5054 4796 4848 4253 4625 4894 4812 4551 4626 4543 4423 5156 4844 4732 4541 4899 4704 5064 4891 4544 4323 4774 4590 4841 4734 5256 4460 4558 5198 4256 4754 4778 4840 4803 4408 4778 4271 4563 4554 4585 4531 4803 4953 4919 4552 4658 4665 4942 4488 4756 4592 5180 5013 4988 4216 4713 4614 4820 4785 4382 5090 4483 5086 4920 4946 4956 4665 5321 4492 4208 4677 4851 4912 4654 4846 5179 4789 5067 4802 4566 4694 5053 4555 4372 4617 4389 4402 4327 4633 4789 4847 4659 4305 4486 4762 4805 4948 4535 4742 5005 5050 4492 4450 4941 4441 4456 4650 4543 4732 4426 4446 5030 4870 4589 4712 4321 5135 4923 5233 4955 5023 4707 4626 5261 4685 4698 4402 4849 4555 5278 4997 4439 4643 5025 4870 4964 4226 4516 4860 4692 4518 4401 4678 4314 4539 5128 4926 5024 4650 4656 5079 4761 4379 4696 4427 4823 4659 4987 4857 5028 4675 4455 4893 4792 4924 4247 4317 4723 4677 4677 4587 4617 4733 4878 4367
5414 5722 5743 5025 5580 5450 5483 5672 4837 5245 5705 5638 5357 5081 5307 5183 5627 5709 5605 5347 5575 6061 5340 5428 5614 5646 5438 5577 5206 5227 5838 5731 4950 5084 5166 4964 5667 5601 5378 5339 5122 5418 5569 5196 5279 5066 5366 5341 5359 5499 5744 5325 5327 6169 5084 5748 5166 5430 5491 5350 5048 5280 5290 4893 5174 5328 4993 5582 5417 5610 5282 5225 5702 5189 5221 5535 6074 5440 5786 4943 5515 5305 5472 5558 5059 5970 5153 5669 5183 5594 5192 4871 5942 5533 4990 5503 5346 5658 5363 5617 5946 5640 5954 5510 4939 5297 5489 5077 5578 5128 4970 4991 5022 5057 5368 5688 5409 4919 4840 5785 5591 5401 4892 5275 5791 5628 5377 5399 6112 4773 5295 5552 5162 5011 5039 5086 5901 5216 5397 5709 5206 5643 5660 5503 5762 5585 5001 5273 5695 5535 5195 5004 5525 5388 5972 5737 5121 5659 5456 5557 5397 5138 4820 5752 5606 5332 5293 5421 5323 5159 5627 5528 5450 5249 5115 5824 5163 5370 5406 5222 5165 5216 5416 5128 5809 5524 4935 5356 5217 5351 4881 4964 5191 5157 5409 5299 5570 5434 5318 4794
4925 5382 5164 5132 5254 5425 4869 5227 4824 4878 5603 5597 4989 5066 5280 5160 5270 5021 5469 5416 5346 5761 5150 5464 5333 5548 5063 5152 4964 5072 5637 5596 4989 4805 5110 4831 5417 5250 5030 4843 4958 5362 5486 4983 5253 4606 4956 4765 4994 5388 5147 5110 5188 5703 4990 4861 5199 5210 5365 5286 5004 4922 5156 4793 5178 5173 4841 5335 5519 5171 4810 4799 5328 4926 5009 4953 5670 5158 5296 4862 5092 5354 5093 5136 4931 5530 4911 5382 5249 5404 5193 4863 5737 5513 4819 5010 5045 5335 5133 5373 5454 5213 5514 5101 4694 4990 5294 5042 4974 4888 5141 4867 4634 4649 5343 5436 5179 4808 4951 5190 5063 5343 4837 5179 5274 5611 4844 5282 5660 4909 5075 5194 4782 4621 4902 4876 5588 4962 4982 5211 4794 5399 5367 5385 5399 5221 5042 5022 5477 5276 4738 4480 5210 4917 5560 5412 5046 5267 4941 4907 5325 4944 5063 5330 5233 4879 4891 5463 5256 4858 5403 5098 5275 5105 5038 5779 5184 4937 5100 5204 5067 5186 5274 5227 5516 5170 4788 5498 5076 5334 4746 4860 4639 4882 4801 4856 5067 5240 5445 4928
5070 5700 5351 5321 5225 5282 5310 5480 4834 5011 5229 5806 5188 5238 5312 4783 5529 5581 5344 5363 5441 5650 5236 5249 5226 5840 5171 5541 5019 5099 5456 5308 5072 4990 5127 4827 5662 4981 5393 4863 5052 5425 5345 5423 5603 5174 5159 4656 5035 5259 5352 5298 5218 5709 4967 5319 5026 5310 5629 5412 5091 4862 5367 4987 5033 5306 5026 5290 5339 5345 4793 5183 5490 5064 5233 5387 5717 5616 5421 5058 5532 5232 5222 5295 4897 5961 4880 5620 5655 5553 5018 4970 6007 5355 4935 5392 5312 5342 5239 5281 5390 5473 5384 5223 4998 5386 5344 5347 5306 4947 5198 4714 5077 5090 5366 5161 5026 4722 5020 5402 5097 5682 4883 5223 5464 5718 5112 5274 6063 4904 4983 5113 4858 5107 4976 4862 5445 5389 5152 5309 4858 5345 5283 5499 5486 5370 5105 4987 5451 5440 4995 4723 5478 5124 5584 5206 5010 5149 5091 5491 5316 4933 5052 5148 5486 5096 5195 5211 5267 4957 5492 5145 5379 5013 5107 5557 5567 5095 5178 5032 5231 5182 5319 5285 5365 5172 4755 5468 5116 5525 5021 4938 4994 5001 5129 4767 5152 5188 5548 4955
4911 5407 5203 5177 5061 4882 4947 4842 4475 4891 5253 5669 4781 4785 5021 4843 5271 5166 5013 5095 5267 5523 4881 4956 5247 5325 4944 5003 4541 4714 5270 5009 4667 4486 4886 4675 5335 4922 5023 4694 4634 5082 5158 5039 4974 5004 5011 4746 4789 5118 5226 4977 4992 5121 4892 5286 4754 5046 5011 4801 4669 4422 5183 4631 4863 4839 4771 4904 5062 5045 4711 4854 4972 4505 4947 5069 5624 4852 5096 4533 4864 4878 5278 5061 4970 4899 4640 5257 5326 4827 5243 4780 5460 4598 4382 4719 4923 4822 4541 5295 5239 5093 5271 5149 4827 5163 5227 4880 5114 4782 4852 4477 4635 4569 5125 5141 4896 4829 4847 5141 4983 5386 4857 4976 5101 5203 4730 4734 5541 4839 4789 4671 4808 4720 4756 4847 5045 5030 4956 5053 4607 5173 5216 5360 5166 4927 5068 4590 5413 5007 4628 4566 5030 4732 5341 4994 4629 5303 5037 4875 5210 4693 4804 5029 4927 5012 4908 4900 4785 4848 5013 4974 5187 4734 4907 5058 5095 4921 4882 4730 5138 4921 5078 5002 5305 4857 4474 4893 4999 5055 4707 4694 4636 4610 4620 5082 4722 5073 5204 4626
4724 5190 5141 4583 5079 5160 4840 5049 4453 4433 5143 5093 4713 4572 4982 4796 5210 5153 4925 5225 5242 5297 4909 5152 5021 5248 5110 5156 4644 4695 5297 5063 4639 4422 4669 4524 5406 4887 4923 4698 4625 4980 5281 4942 4856 4416 4905 4506 4877 5064 5047 4908 4831 5319 4394 5051 4726 4949 5077 5157 4679 4591 4572 4577 4598 4908 4683 4891 5128 4700 4587 4849 5200 4605 4942 5158 5395 5097 5265 4636 4817 4953 4969 4927 4491 5262 4720 4846 5003 5169 4751 4572 5175 5242 4436 4915 4760 5175 5092 4942 5406 4998 5343 4894 4589 5031 4794 4772 5058 4806 4662 4368 4667 4495 5276 5188 4622 4488 4687 4981 4997 5142 4631 5288 5247 4990 4673 5035 5589 4507 4675 4643 4684 4951 4810 4567 5225 4710 4683 5195 4934 5072 5056 4915 5060 5172 4738 5026 5224 4923 4622 4414 5144 4885 5137 4930 4740 5077 4658 5043 5076 4743 4467 4950 4985 4839 4709 4967 4936 4635 5130 5144 5240 4856 4736 5169 5035 4958 5064 4873 4652 4837 5072 4663 5152 4854 4551 5225 4549 5112 4743 4643 4875 4646 4535 4626 4780 4907 5146 4561
4915 5280 4898 4417 4901 5105 4818 5198 4178 4558 4896 5253 4715 4591 4871 4590 5147 5085 5053 4891 4829 5229 4786 5122 5075 5420 4608 4840 4812 4488 4761 5238 4499 4651 4685 4381 5211 4957 5007 4510 4770 4774 5227 5034 4985 4487 5005 4864 4653 4946 5087 4592 5008 5270 4490 4716 4715 5060 5012 4716 4742 4547 4777 4632 4709 4701 4429 5027 4916 4901 4560 4723 4738 4516 4553 4717 5306 5003 5122 4216 4984 4749 4784 4772 4428 5094 4673 5031 4914 4983 5114 4907 5067 4737 4360 4629 4861 4861 4989 4611 5092 5120 4965 5073 4502 5007 5155 4584 4641 4627 4688 4387 4675 4466 4883 5120 4658 4421 4647 4976 4834 5207 4188 4792 5146 5003 4819 4880 5322 4594 4424 4959 4593 4340 4812 4600 5061 5011 4794 4923 4478 4923 5102 5191 5082 4791 4421 4713 4920 4829 4584 4416 4911 4758 5418 4977 4764 4850 4750 4871 4934 4605 4560 5060 4583 4887 4707 4846 4791 4750 5140 4765 4977 4688 4856 5269 4928 4637 4962 4549 4496 5080 5058 4935 5199 4872 4529 4753 4721 5252 4231 4647 4422 4750 4733 4693 4789 4794 5106 4399
5116 5694 5311 5071 5238 5446 5634 5258 4664 5029 5455 5385 5005 5051 5220 5017 5424 5274 5064 5152 5436 6004 4997 5596 5409 5562 4790 5528 5086 4772 5405 5211 4921 4906 5096 4881 5541 5255 5216 4859 4976 5151 5567 5067 5114 5303 5088 4646 5154 5517 5615 5155 5198 5654 4831 5319 4960 5500 5412 5249 4982 4813 5248 4821 5185 5201 4985 5158 5472 5220 4953 4924 5397 5182 5063 5374 6041 5448 5595 5140 5086 5176 5133 5253 4993 5484 4785 5361 5421 5441 5146 4863 5647 5291 4789 5293 4877 5467 5066 5306 5350 5400 5401 5254 4898 5245 5271 5204 5111 5216 4918 4824 4884 5024 5176 5266 5175 5017 4771 5437 5210 5663 4901 5536 5363 5279 5124 5088 5339 4882 4979 5494 5092 4831 4952 4739 5639 4662 5143 5339 4673 5258 5228 5342 5302 5116 5120 4926 5778 5424 4921 4886 5125 5078 5820 5251 5099 5473 5456 5049 5284 4378 4827 5309 5011 5096 4807 5323 4805 4949 5658 5094 5493 4741 4956 5858 5353 4836 5102 5203 4950 5250 5533 5274 5536 5219 4715 5213 5417 5454 5100 4738 4998 5304 5099 5115 4934 5288 5500 5134
5039 5686 5311 4750 5355 5589 5173 5478 4719 4802 5624 5568 5192 4824 5154 5115 5464 5247 5482 5317 5588 5397 5234 5449 5482 5558 4763 5405 4652 4601 5267 5577 4817 4992 5191 5063 5717 5437 5244 4923 5006 5114 5346 5271 5344 4989 4999 4761 5004 5206 5272 4981 5283 5480 4951 5088 4828 5309 5449 5198 5053 4849 5055 5090 4674 4891 4871 5102 5244 5182 4814 5171 5313 4969 5012 5478 5483 5584 5449 4908 5343 4902 4992 5116 4914 5570 4995 5252 5314 5351 5025 4971 5635 5236 4866 5332 5267 5308 5329 5186 5451 4934 5156 5257 5038 5162 5279 4984 5156 4943 4706 4577 4628 5064 5318 5498 4959 4710 4795 5598 5099 5310 4833 5162 5275 5069 4793 5209 5733 4645 4848 5298 4905 4797 4878 5001 5571 5001 5132 5134 4890 5185 5128 5397 5078 5158 4783 4971 5255 5073 4738 4726 5190 4989 5427 5293 5040 5416 5203 5141 5311 4706 4931 5518 5358 5058 4786 5105 5116 5090 5604 5398 5305 4856 4953 5240 5163 4796 5271 4978 5184 5066 5317 4958 5490 5091 4759 5203 5251 5291 4602 4780 4847 5172 4782 5198 5024 5106 5220 4921
4912 5073 5367 5071 5384 4938 5258 5493 4791 4858 5234 5481 5090 4775 5314 5000 5333 5342 4957 5262 5375 5712 4983 5510 5135 5429 5100 5016 4801 4721 5447 5366 4841 4606 4862 4886 5246 5411 4994 4613 4854 5086 5287 5163 5252 4872 5150 4946 4624 5284 5414 5045 5186 5337 4807 5008 5249 5210 5235 5076 5225 4738 5404 4753 4962 5072 4854 5267 5426 5047 4789 4946 5358 5002 5165 5270 5588 5217 5485 4611 5189 5087 5118 5177 4884 5524 4860 5238 5148 5092 4890 4917 5682 5172 4881 4949 4894 5536 4790 5195 5663 5399 5562 5244 4841 5054 4959 4848 5022 4815 4951 4644 4768 5048 5393 5293 5142 4605 4733 5146 5160 5325 4751 5437 5572 5278 5052 4950 5817 4888 4725 5097 4661 4764 4773 4776 5463 4878 4840 5253 4865 5231 5187 5203 5292 5247 4934 4809 5525 4780 4896 4773 5101 4997 5671 5056 4867 5154 5034 4685 5497 4720 4751 5286 5161 5092 4641 5116 4866 4754 5321 5152 5134 4897 4726 5143 5085 4993 5188 5046 5019 5032 5274 4972 5348 5142 4512 5247 4978 5071 4866 4862 4798 5109 4982 4969 5168 4990 5291 4648
4766 5367 5142 4822 5087 5108 5144 5221 4473 4832 5136 5402 4969 4440 4884 4740 5201 5029 4907 5040 5163 5547 4531 5094 5059 5183 5049 5229 4882 4713 5294 4971 4649 4557 4845 4409 5264 5104 5073 4490 4541 4990 5131 4739 5112 4859 4977 4612 4682 5036 5165 4985 5151 5241 4864 5021 5063 5052 5113 5059 4893 4584 4724 4448 4594 4897 4734 4793 5024 5018 4607 4586 4944 4617 4900 5089 5679 5171 5197 4736 4948 5001 5041 4973 4728 5428 4560 5083 5194 5134 4819 4685 5384 5070 4208 5095 4651 5026 5025 4881 5311 5153 5403 4601 4525 4942 5056 4830 4953 4806 4841 4384 4955 4866 5223 4898 4847 4693 4675 5114 4941 5004 4626 5319 5212 5070 4628 4914 5476 4662 4731 5121 4844 4788 4657 4652 5212 4650 4851 4972 4569 5263 4896 5140 5079 5137 4912 4615 5115 5133 4767 4784 5083 5058 5343 4968 4853 4764 4760 4740 4965 4724 4440 5054 5040 4977 4607 5212 4862 4625 5375 4729 5122 4672 4538 5200 5213 4903 4976 4718 4970 4930 5091 4805 5252 5113 4435 5180 5057 4878 4576 4463 4633 4889 4754 4867 4725 5096 5345 4789
4801 5275 4922 4910 5117 5084 4892 5161 4555 5114 5320 5314 4992 4863 5084 4464 5278 5278 5106 5291 5347 5569 5043 5254 5183 5397 4727 5259 4810 5039 5047 5015 4489 4853 4769 4512 5427 5154 5183 4802 4700 5190 5216 4738 5075 4753 4869 5085 4964 5325 4962 5174 5014 5592 4577 5231 4807 5111 5143 5171 4936 5067 4996 4691 5071 4912 4764 5075 5315 5131 4879 4624 5296 4751 5003 5097 5324 5024 5207 4574 4953 4730 5053 5018 4912 5495 4699 5404 5283 4862 5004 4947 5403 5102 4562 4864 5203 5078 4863 5056 5311 5133 5294 5111 4620 4919 5158 4789 5162 4813 4981 4393 4703 4952 5027 5291 5021 4852 4788 5157 5304 5206 4422 5167 5282 5173 4738 4883 5655 4616 4944 5107 4617 4646 4735 4846 5435 5007 5080 5020 4733 5118 5381 5305 5265 5097 4919 4806 5201 4947 4850 4468 4770 5037 5299 5112 5049 5228 4938 4862 5119 4649 4791 5171 4855 4767 4865 4938 5130 5040 5249 4822 5101 4837 4818 5388 4920 4822 4944 4800 4856 5188 5262 5025 5088 5163 4451 5028 4938 5147 4557 4598 4617 4938 4808 5001 4905 5125 5261 4852
4916 5299 5322 5088 5054 5155 5520 5263 4502 4971 5357 5597 4887 4890 5130 5112 5193 5302 5124 5044 5204 5662 4864 5189 5670 5429 5009 5162 5026 4783 5270 5297 4526 4428 5019 4707 5592 5277 4912 4885 4944 5402 4960 5333 5033 5299 5117 4737 5043 5356 5272 5064 5092 5605 5101 5060 4784 5260 5094 5107 4979 4903 5391 4839 4868 4809 4592 5185 5396 5396 4851 5236 5046 4994 5068 5280 5697 4971 5543 4895 5367 5050 5318 5011 4937 5332 4901 5521 5033 5024 5051 4775 5625 5112 4712 4994 5195 5193 5034 5214 5226 4897 5590 5358 4973 5186 5477 4860 5222 5024 4922 4889 4911 5156 5194 5187 4814 4699 4927 5315 5139 5382 5051 5145 5582 5320 4875 5089 5674 4869 4790 5013 4724 4895 5000 4818 5640 5065 4856 5489 4637 5276 5205 5472 5202 5480 4953 4980 5456 4978 4583 4802 5168 4870 5518 5172 5032 5510 5453 5062 5219 4813 4944 5188 5174 5038 4905 5236 4973 5185 5269 5111 5340 4803 4897 5413 5129 5131 5264 5047 5023 4843 5227 5120 5538 5017 4487 5358 5093 5020 4710 4608 4939 5132 4938 5140 4943 4923 5273 4758
5492 5809 5759 5111 5394 5454 5524 5627 4967 5380 5512 5989 5348 5241 5545 5055 5498 5597 5673 5744 5765 6053 5448 5706 5587 6033 5216 5539 5123 5244 5185 5818 5117 5209 5211 4971 5839 5598 5473 5106 5311 5462 5632 5341 5415 4888 5331 5045 5332 5652 5665 5404 5476 6157 5227 5778 5256 5865 5729 5542 5550 5078 5674 5011 4823 5093 4992 5556 5686 5629 5172 5404 5624 4972 5404 5519 6013 5351 5654 5024 5599 5162 5498 5722 5108 5647 5179 5723 5626 5493 5434 5380 6134 5336 4834 5301 5230 5376 5401 5327 5560 5424 5748 5632 5124 5522 5612 5146 5415 5049 5149 5133 5161 4878 5399 5586 5078 4832 5098 5706 5302 5861 5069 5510 5633 5759 5749 5549 6104 5251 5138 5494 5304 5008 5045 4865 5913 5435 5569 5608 5159 5644 5567 5676 5784 5573 4918 5144 5631 5444 5249 5010 5423 5552 5948 5467 5488 5801 5536 5394 5567 5135 4870 5576 5465 5429 5097 5465 5128 5398 5592 5225 5518 4995 5246 5629 5478 5400 5731 5492 5247 5483 5791 5262 5798 5613 4962 5467 5423 5556 4871 5152 5220 5295 5403 5342 5395 5320 5498 4839
5162 5514 5418 5264 5322 5223 5288 5596 4831 5229 5722 5954 5173 5006 5174 4989 5295 5379 5078 5290 5272 5751 5174 5687 5546 5642 5192 5473 4966 5040 5516 5393 4761 4918 5194 4986 5346 5222 5108 4972 5019 5389 5462 5385 5273 5054 5230 4864 5084 5298 5369 5331 5182 5597 4896 5058 5208 5445 5413 5073 5290 4811 5332 5101 5103 5170 5161 5192 5437 5267 5180 4983 5315 4978 5226 5692 5946 5390 5704 4698 5183 5140 5710 5235 4977 5810 5021 5442 5312 5374 5383 4947 5868 5308 4969 5214 5305 5391 4840 5343 5500 5620 5706 5499 5181 5283 5522 5230 5437 5035 5000 4897 4952 4808 5412 5516 5205 4947 5003 5491 5417 5690 4822 5476 5655 5546 5261 5333 5908 4906 5063 5343 4872 5092 5297 4748 5777 5033 5066 5377 4915 5343 5258 5703 5389 5712 5236 5051 5700 5185 4722 4777 5404 4946 5779 5496 5225 5689 5611 5132 5437 5022 5139 5504 5405 5368 4989 5265 4967 5145 5390 5382 5462 5005 5115 5761 5341 5215 5599 5208 5157 5608 5398 5359 5710 5509 4968 5439 5185 5553 5009 5210 4943 5175 5242 5284 5437 5196 5522 4792
4903 5050 4989 4875 4943 4876 4950 4987 4303 4649 4937 5270 4965 4414 4921 4773 5144 5075 4852 5180 5238 5370 4496 5052 5306 5185 4841 4885 4480 4540 5067 5160 4552 4748 4759 4649 4985 4856 5129 4450 4890 4844 5042 4918 4964 4357 4871 4511 4565 4964 5146 4839 4880 5378 4579 4857 4700 4957 4876 4779 4858 4600 4848 4694 4701 4921 4865 4842 4824 4732 4505 4675 5185 4676 4919 5038 5214 5250 5074 4409 4922 5039 4747 5038 4884 5235 4843 4924 5015 5187 5032 4764 5388 5061 4267 4849 4685 4995 4857 4967 5442 5156 5261 5061 4732 4800 5108 4689 4977 4848 4524 4664 4632 4717 4984 4794 4521 4602 4653 4980 4741 5210 4450 5002 5343 5101 4633 4626 5421 4667 4706 5226 4582 4471 4667 4760 5194 5092 4891 5038 4459 5175 4915 5321 5252 5031 4774 4650 5029 4806 4673 4659 4755 4835 5348 4723 4910 5042 5081 4595 4993 4557 4708 4885 4918 4717 4881 5035 4603 4566 4921 5008 5100 4585 4716 5270 4836 4783 4860 4743 4734 4840 4878 4678 5436 4714 4470 5157 4867 4853 4620 4746 4498 4636 4400 4738 4699 5137 5066 4400
4202 4528 4589 4323 4594 4456 4606 4498 3851 4216 4745 4932 4681 4336 4544 4210 4936 4386 4531 4472 4420 4950 4429 4770 4318 4694 4575 4448 4187 3958 4644 4506 3910 4197 4133 4125 4771 4284 4394 4256 4372 4525 4231 4427 4387 4283 3978 4399 4442 4533 4582 4396 4370 4633 4122 4305 4516 4705 4399 4240 4305 3943 4521 4493 4341 4356 4307 4284 4362 4377 4397 4292 4592 4105 4548 4352 4607 4402 4765 4000 4580 4646 4594 4421 4168 4888 4161 4518 4539 4615 4472 4337 4863 4451 3918 4554 4596 4579 4346 4519 4797 4357 4467 4215 4038 4506 4438 4149 4516 4335 3928 4185 4375 4187 4441 4651 4079 4249 4186 4429 4613 4607 3963 4522 4703 4691 4569 3978 4764 4081 4237 4502 4122 4280 4029 4238 4700 4194 4390 4607 4014 4711 4608 4632 4461 4617 4496 4143 4938 4295 4235 3809 4646 4363 4754 4609 3937 4542 4501 4266 4486 4302 3947 4624 4464 4485 4237 4522 4344 4120 4712 4593 4584 4353 4413 4729 4768 4432 4720 4353 4379 4584 4511 4477 4539 4557 4107 4574 4649 4666 3844 4157 4164 4595 4271 4035 4309 4281 4722 4244
4728 5022 5159 4893 4927 4798 5171 5112 4670 4893 5250 5258 5035 4762 5099 4836 5262 4994 5074 5144 5111 5402 4870 5180 5003 5244 4949 5395 4600 4746 5052 5161 4572 4932 4525 4774 5320 5213 4881 4509 4680 4784 4935 5225 4937 4755 5115 4654 4595 5163 5177 4956 4949 5492 4896 4848 4664 5089 5015 4943 4992 4435 4976 4906 4646 5089 4860 4922 5116 5129 4871 4622 5067 4926 4792 4858 5433 5185 5260 5009 5010 4928 4979 4942 4692 5484 4876 5100 5073 5108 5065 4842 5478 4938 4634 5126 4729 5266 4839 4993 5494 5183 5359 5011 4564 5107 5151 4815 4803 4772 4784 4605 5012 4831 5054 5047 4800 4763 4806 5164 4993 5296 4569 4936 5378 5387 4879 4788 5495 4618 4591 5048 4845 4861 4824 4766 5222 4608 4589 5122 4685 5272 5053 5013 5398 5028 4609 4682 5388 5008 4792 4613 5086 4836 5589 5165 4615 5347 4997 5047 5188 4628 4592 5151 5044 4998 4738 5144 4766 4511 5284 5041 5055 4962 4612 5219 5190 4672 5217 5193 4872 4751 4887 4986 5302 4876 4809 5018 4911 4989 4777 4974 4806 4844 4706 4733 4898 4987 5346 4594
4786 5181 4956 4823 5011 5033 4927 5127 4333 4784 5265 5203 4828 4651 4856 4442 4972 4970 4785 5078 4849 5135 4590 4841 4983 5192 4804 4904 4510 4976 5208 4904 4401 4707 4786 4417 5424 4900 4834 4729 4427 4830 5290 4795 5155 4706 5036 4678 4855 4959 5062 4860 4887 5074 4432 5033 4818 5307 4899 4878 4689 4671 4577 4418 4709 4750 4469 4761 4925 4774 4542 4855 5272 4475 4973 4964 5359 5214 5201 4286 4686 4725 5043 5033 4695 5146 4566 4939 4903 4887 4769 4368 5293 4866 4291 4642 5076 5059 4667 4831 5460 5083 5186 4933 4754 4812 5071 4696 4707 4757 4384 4293 4577 4754 4958 4855 4617 4391 4474 4940 4903 5256 4703 5143 4928 5268 4494 4638 5501 4341 4507 4988 4593 4574 4400 4474 5270 4789 4718 4962 4591 5108 5107 5014 4929 5147 4766 4559 5233 4796 4593 4399 4883 4741 5275 5143 4335 4947 4687 4686 4893 4563 4701 5053 4922 4880 4435 4835 4654 4646 5251 5106 4931 4560 4839 5157 4946 4721 4912 4645 4911 5019 5062 4777 5255 4960 4343 4837 4600 4768 4509 4496 4617 4686 4759 4941 4624 4858 5057 4436
5177 5419 5191 4905 4972 5037 5375 5131 4613 4839 5536 5262 5028 4735 5438 4748 5019 5240 5171 5282 5284 5778 4850 5335 5089 5560 5128 5312 4970 4961 5208 5439 4767 5007 5102 4833 5582 5359 5541 4982 5084 5170 5379 5102 5094 4816 5082 5122 4945 5154 5388 5199 5221 5521 4605 5144 4956 5112 5379 5020 4784 4652 5187 4864 4805 4905 4943 4931 5092 5074 4989 4805 5302 4874 4914 5095 5698 5190 5495 4597 5124 5135 5238 5057 4935 5729 4766 5344 5310 5297 5037 5003 5582 5217 4555 5350 4886 5297 5233 5251 5449 5292 5391 5185 4798 5151 5352 5411 4988 4719 4604 4804 4824 5096 5170 4938 5210 4893 4884 5217 5059 5526 4720 4874 5318 5166 4905 5152 5617 4821 5155 5155 4951 4577 4539 4837 5666 5269 5045 5234 4795 5325 5110 5520 5337 5306 4995 4754 5193 5094 4923 4898 5326 5034 5542 5214 5132 5218 5076 5186 5200 4794 4754 5426 5249 4949 4792 5305 5148 5035 5432 5011 5303 4540 4965 5444 5042 5237 5257 4969 5097 5152 5151 5211 5401 5089 4675 5316 5143 5322 4669 4852 4765 4897 4807 4862 5062 5363 5301 4742
4637 4902 5072 4815 4962 4782 4688 4800 4633 4707 4668 5165 4462 4455 5057 4863 4884 4865 5008 4992 5049 5322 4570 4792 5167 5369 4606 4689 4559 4746 4986 5023 4538 4500 4692 4473 5414 5083 5075 4425 4656 5054 5083 4634 5074 4469 4851 4826 4760 4973 5060 4662 4962 5332 4679 4953 4619 4992 4931 4894 4492 4517 4893 4695 4785 4670 5014 4798 5097 4916 4600 4706 5343 4665 4845 4678 5185 5113 4868 4346 5027 4823 4860 4818 4425 5333 4483 5203 5109 4873 4724 4520 5267 5121 4354 4752 4519 4969 5026 4862 5263 4905 5059 4961 4564 4822 5082 4793 4904 4520 4724 4336 4382 4579 5125 4737 4762 4364 4630 4886 4985 5429 4695 4952 4929 4930 4612 4372 5514 4604 4917 4710 4413 4496 4616 4732 5058 4808 4757 4806 4736 5078 4729 5314 5051 4717 4720 4543 5241 4829 4399 4447 4729 4767 4972 4590 4855 4905 4689 4762 5058 4462 4766 4917 5023 4505 4560 5123 4806 4698 4856 5112 4879 4610 4588 5008 4934 4969 5208 4625 4860 4614 4652 4979 4924 4704 4400 5056 4619 4901 4271 4529 4363 4655 4694 4685 4665 5045 5009 4810
4930 5416 4990 4841 5099 4947 5162 5175 4718 4800 5056 5160 4810 4726 4808 4986 5044 5300 5134 5136 4934 5307 4985 4971 5069 5306 4783 5147 4945 4714 5058 5092 4625 4690 5032 4937 5272 5009 5223 4663 4696 4905 5313 5120 5003 4681 4972 4690 4987 5046 5151 5108 5219 5064 4682 4975 4673 5131 5403 4961 4773 4483 5111 4761 4697 4635 4756 4925 4731 5053 4786 4735 5100 4750 4863 5050 5376 5242 5569 4558 5028 5040 5165 5049 4448 5210 4853 5021 5140 5213 4860 4680 5225 5017 4371 5021 4840 5119 5296 5028 5442 5239 5017 4878 4449 5298 5084 4839 5039 4608 4785 4439 4808 4742 4998 5194 4773 4592 4657 5125 4879 5137 4398 5021 4967 5365 4827 4907 5249 4696 4768 4948 4938 4865 4562 4610 5160 4847 4734 5131 4885 4954 5100 5185 5019 5013 4521 4879 5390 4908 4870 4516 5072 4687 5280 5369 4789 5002 4945 5078 5248 4650 4587 4815 5302 4921 4755 4865 4689 4555 5119 5024 5065 4787 4766 5284 5417 4809 5008 4950 4609 4851 4827 4746 5290 5042 4811 5173 4636 5144 4654 4654 4758 5054 4821 4600 4768 5259 5196 4427
5007 5214 5084 4999 5070 5120 4947 5185 4424 4719 5121 5403 4752 4614 4812 4867 5296 5050 5174 5154 5293 5709 4758 5135 5227 5383 4949 5193 4709 5139 5327 5162 4637 4994 4869 4522 5261 5211 4836 4718 4915 5059 5274 4937 5138 4583 5117 4651 4920 5049 5093 5044 4987 5432 4659 4992 4749 5097 5181 4803 4797 4685 5044 4676 4808 4825 4883 4868 5246 4862 4792 4820 5036 4740 4901 5179 5574 5381 5384 4668 5309 4785 5146 4947 5016 5355 4546 5001 5051 4991 4882 4749 5138 4976 4388 4877 5057 4888 5100 4976 5313 5199 5393 5129 4864 4823 5058 4847 4821 4875 4697 4496 4719 4829 5150 4972 4833 4652 4829 4978 5160 5278 4546 5100 5461 5365 4655 4925 5602 4735 4730 4929 4936 4688 4839 4638 5048 4929 4783 5173 4572 4941 4991 5217 5210 5052 4505 4556 5099 5032 4782 4587 5213 4820 5429 5146 4707 5253 4970 5012 5272 4679 4715 5306 5023 4948 4561 5054 5197 4676 4999 4921 4916 4777 4875 5695 5063 4787 4909 4937 5023 5106 5162 4875 5470 4796 4784 5250 4675 4738 4564 4771 4931 4713 4705 4756 4808 5007 5398 4563
5063 5149 5099 5133 4834 4843 5254 5345 4527 4768 5085 5538 4801 4745 5130 4416 5301 5123 5035 5369 5029 5632 4887 5112 5170 5700 4846 4996 5096 5004 5084 5029 4490 4823 5069 4569 5243 4966 4994 4814 4736 5139 5464 5161 5038 4861 5081 4727 4953 5115 5435 5198 4954 5619 4831 4844 4695 4903 5158 5234 4994 4639 4861 4694 4923 4851 4630 5054 4947 4861 5027 4737 5034 4647 4885 5067 5626 5045 5564 4606 5176 4838 5179 5196 4603 5034 4920 5499 5351 5063 5038 4890 5222 5100 4529 4860 5017 5192 4937 5314 5395 5144 5426 4915 4865 5312 5081 4912 4927 4760 4969 4548 5017 4792 4957 4961 4974 4799 5046 5121 4891 5417 4642 4974 5112 5435 4598 4949 5594 4696 4588 5320 4703 4526 4894 4828 5229 4771 4956 4981 4685 5167 5280 5484 5162 5310 4896 4906 5240 5171 4389 4787 4849 5016 5474 5095 4901 5087 4829 5049 5161 4846 4750 5026 5173 4938 4626 5369 5237 4908 5401 4947 5262 5115 4921 5329 5342 5029 5098 4990 4838 5180 5040 5056 5417 5193 4426 4963 4962 5164 4540 4865 4859 4760 5019 4818 5313 4861 5275 4698
4629 5210 5039 4824 4945 5106 5063 5000 4591 4906 5205 5212 4926 5099 5182 4661 4960 5575 5113 5123 5251 5628 4986 5213 5252 5513 4526 5162 4893 4773 5201 5166 4825 4664 4946 4416 5299 4831 5007 4864 4955 5245 5130 5080 5186 5145 4828 4662 5078 5005 5385 5090 5097 5287 4875 5186 4691 5183 5146 5045 4724 4526 4886 4883 4713 5045 4835 5083 5019 5329 4783 4839 5424 4709 4941 4946 5705 5002 5136 4823 4998 4976 4819 5039 4679 5356 4560 5326 4971 5203 4807 4959 5492 5143 4684 4943 5041 5295 5045 5100 5014 4907 5255 5003 4570 5104 5252 4984 4919 4957 4585 4534 4563 4666 5065 4943 4863 4687 4829 5330 4955 5283 4806 5098 5307 5197 4986 4853 5440 4786 4781 4833 4766 4806 4748 4770 5449 4900 5044 4939 4495 5246 5154 5564 5147 5042 5145 4761 5418 5160 4703 4527 4997 4788 5361 4814 4953 5194 4994 5033 4948 4556 4785 4837 5245 4824 4840 5166 4917 4771 5348 5112 5038 4643 4864 5287 5164 5069 5257 4889 4990 4620 5046 4973 5261 5039 4613 5394 5130 5327 4780 4477 4675 4939 4871 4765 4788 5051 5211 4830
4838 5157 5318 4990 4955 5016 5298 5306 4549 5048 5306 5349 5313 4889 5328 5093 5074 5226 5188 5104 5240 5505 4987 5169 5123 5653 4893 5231 4905 5135 5251 5294 4940 5103 4807 4796 5308 5044 5179 4746 4694 5159 5199 5271 5100 4763 4976 4664 4795 5259 5348 5091 5044 5559 4881 5005 5154 5245 5454 4889 4771 4733 5159 4933 4947 4903 4790 4962 5200 5052 4936 5180 5484 4897 4935 5297 5346 5154 5297 4588 5162 5002 4954 5131 4714 5491 4926 5187 4861 4985 4882 4805 5531 5058 4736 4731 5064 5263 5183 5442 5570 5307 5349 5111 4769 5116 4744 4583 4874 5016 4877 4950 4954 4764 4923 5185 5161 4712 4651 5008 4783 5458 4841 5020 5200 5418 5004 5065 5529 5058 4811 4990 4610 4931 4863 4576 5321 4784 4579 5242 4602 5259 5435 5492 5153 5247 4978 4855 5480 5224 4655 4790 5234 4938 5498 5074 4621 5159 5132 5150 5379 4752 4917 5206 5562 4791 4887 5093 4865 4806 5129 5360 5097 5199 4915 5278 5060 5029 5131 5291 4994 4813 5060 4891 5312 5407 4433 5417 4837 5112 4568 4888 4854 5001 4880 4918 4939 4972 5132 4932
4532 5016 5007 4602 4575 4727 4908 4930 4223 4540 5218 5130 4730 4506 4849 4289 4925 4626 4642 4811 4647 5443 4468 4907 4976 4965 4657 4692 4668 4731 4949 4886 4381 4400 4672 4243 4776 4628 4721 4229 4309 5019 4734 4684 4759 4762 4935 4788 4450 4823 4909 4631 4925 5269 4638 4718 4662 5229 4858 4760 4654 4530 4852 4408 4422 4803 4497 4809 4969 4719 4473 4748 4734 4460 4721 4834 5214 4837 5067 4581 4972 4753 4896 4762 4574 5030 4303 4865 4827 4907 4731 4575 5061 4485 4326 4586 4691 4737 4737 4689 5172 4840 5149 4829 4233 4761 4822 4663 4729 4392 4694 4383 4542 4555 4897 4828 4626 4545 4698 4961 4730 4955 4426 4927 5095 4939 4701 4765 5157 4759 4385 4744 4196 4453 4731 4393 5008 4479 4573 4779 4314 4881 4738 5082 4926 4938 4598 4386 4863 4616 4392 4159 4881 4745 5060 4724 4655 4804 4841 4682 4812 4492 4625 4796 4513 4860 4411 4920 4785 4622 5134 4601 4649 4715 4421 5048 4858 4702 4851 4689 4904 4694 4965 4743 4954 4913 4026 4850 4523 4623 4276 4383 4658 4692 4521 4766 4787 4607 5236 4345
5212 5485 5580 5119 5501 5377 5387 5392 4842 5442 5435 5595 5335 5205 5469 5204 5705 5497 5367 5389 5705 5702 5110 5438 5299 5688 5273 5387 4940 5116 5326 5677 5028 5089 5020 4656 5801 5228 5310 5068 4885 5335 5271 5345 5205 5041 5496 4967 4974 5594 5341 5234 5397 5791 5034 5398 5064 5417 5416 5225 5059 4942 5448 4988 5246 5232 5242 5257 5641 5112 4840 4951 5492 5078 5143 5317 5774 5343 5597 4802 5412 5347 5097 5326 4972 5830 4921 5412 5524 5473 5209 5261 5684 5290 4661 5660 4887 5293 5327 5369 5837 5720 5413 5261 4924 5335 5331 5246 5311 5044 4946 4744 5020 5119 5498 5253 5025 4879 5062 5207 5151 5481 4697 5668 5526 5251 5204 4973 5999 4839 5070 5368 5014 5044 4788 4900 5894 5046 5260 5316 4981 5588 5347 5452 5663 5443 5011 4879 5652 5401 4954 4882 5379 5223 5765 5390 5150 5491 5328 5036 5316 4834 4856 5533 5240 5115 4811 5371 4904 4866 5668 5401 5601 4924 4893 5220 5385 5264 5529 5087 4855 5232 5403 5236 5762 5192 4692 5466 5337 5469 4818 5170 4878 5060 5048 5230 5337 5390 5356 4831
5334 5661 5343 4974 5320 5191 5527 5716 4745 5101 5488 5713 5186 4809 5002 4930 5498 5502 5461 5338 5461 5639 4813 5370 5377 5640 5349 5399 4875 4761 5461 5336 5010 4968 5085 5040 5843 5299 5403 4949 5160 5123 5430 5283 5455 4938 5246 4753 4984 5118 5455 5296 5204 5822 4865 5114 5012 5160 5299 5239 4783 4815 5183 4977 5056 4982 4968 5368 5252 5439 4948 5100 5479 4911 5134 5569 5408 5460 5516 4886 5223 5224 5448 5228 4997 5836 5165 5502 5226 5386 4958 4770 5788 5024 4677 5142 5013 5434 5330 5162 5566 5379 5501 5201 5119 5163 5215 5019 5148 4791 4748 4615 4810 5104 5436 5572 5250 5012 4951 5389 5383 5455 4811 4966 5500 5431 5071 5438 5924 4788 4977 5067 5045 4958 4708 4648 5729 5199 5124 5406 5107 5427 5240 5635 5477 5298 5071 4900 5424 5371 5046 4679 5194 5061 5536 5142 5158 5529 5043 4919 5287 4810 4874 5356 5614 5081 4936 5273 5211 5016 5302 5434 5116 4992 4844 5552 5365 5241 5375 5203 5223 5189 5478 5158 5408 5189 4615 5369 5092 5432 4931 5149 4981 4906 5011 4904 5034 5100 5085 4700
5020 5454 5333 4976 5082 5123 5229 5405 4653 5027 5071 5821 5325 4971 5179 4848 5447 5451 5176 5274 5435 5603 5048 5400 5124 5385 4733 5316 4837 4922 5277 5082 4697 4504 4984 4686 5426 4814 5169 4867 4997 5249 5134 5235 4966 4814 4904 4650 4714 5170 5165 5028 5096 5665 4736 5135 4768 5161 5267 4959 4516 4718 5071 4717 5067 4960 4885 4906 4976 5044 4791 4671 5245 4990 5188 5232 5886 5305 5389 4802 5284 5020 4923 5019 4965 5501 4587 5312 5325 5271 4925 4783 5549 5216 4448 4979 4946 5146 4849 5161 5376 5256 5244 5141 4871 4914 4994 4892 4982 4814 4673 4532 4606 4985 5240 5336 4876 4766 4885 4945 5002 5485 4730 5130 5317 5385 4896 4996 5616 4792 4535 5038 4852 4791 4644 4781 5462 4904 4899 5210 4668 5222 5142 5209 5590 5038 4730 4821 5346 5170 4909 4690 5217 4991 5336 4921 4863 5216 5023 5053 5170 4659 4880 5086 5332 4693 4990 5078 4808 4635 5218 4999 5171 4981 4583 5313 5202 4928 4930 5034 4872 4632 5322 4881 5446 4977 4514 5115 5401 5200 4767 4857 4813 4932 5022 5074 5029 5030 5314 4800
4727 5336 5358 5001 4798 5254 5215 5086 4649 5016 5072 5176 4877 4755 5082 4850 4851 5156 4993 5330 5058 5399 4942 5389 5221 5678 4686 5003 4758 4611 5229 5415 4687 4923 4862 4668 5438 5232 4986 4401 4841 5272 5335 5133 4835 4860 5093 4365 4648 4955 5288 4759 5076 5240 4930 4872 4886 5025 5461 5131 5012 4732 4893 4845 4556 4885 4714 4982 5283 5083 4800 4681 5227 4886 4563 5083 5566 5164 5502 4669 5089 5062 5069 4829 4622 5486 4741 5078 5196 5293 4999 4887 5463 5254 4745 5127 4898 5304 5263 5083 5244 5294 5132 4705 4557 5179 4894 4665 5197 4891 4876 4663 4624 4636 4979 5164 4815 4578 4897 5032 4757 5214 4775 5339 5064 5411 5094 5145 5598 4632 4884 5116 4651 4840 4722 4713 5306 4729 4932 5210 4696 5004 4929 5091 5158 5131 4870 4808 5447 5115 4746 4631 4939 4908 5399 5130 5000 5021 5074 4911 5204 4845 4567 5163 4906 4700 5041 5144 4762 4711 5040 5025 5214 5003 4785 5374 4987 4792 5153 4712 4999 4927 5180 4936 5132 5225 4733 5148 4955 5223 4414 4686 4972 5064 4744 4802 4900 4978 5357 4561
4628 5259 4757 4734 4945 4972 4838 4900 4562 4518 5174 5249 4602 4674 5066 4681 4942 4909 5107 4991 4900 5343 4667 5031 4995 5408 4788 5225 4676 4513 4843 5065 4334 4648 4617 4292 5420 4748 4990 4627 4728 4757 5014 4800 5123 4402 4800 4418 4694 4972 5116 4741 4815 5412 4771 4855 4585 5001 4850 4789 4635 4362 4741 4551 4878 4727 4576 5007 5122 4836 4717 4715 4999 4660 4488 4910 5318 4855 5138 4505 4953 4891 4931 5046 4570 5036 4706 5175 4801 5022 4962 4736 5152 4995 4600 4777 4731 5161 4922 4678 5106 4479 5082 4816 4654 4964 5013 4454 4978 4572 4398 4313 5047 4631 4919 5135 4708 4359 4601 5141 4847 5281 4661 4862 5244 5272 4733 4763 5479 4442 4752 4791 4650 4628 4699 4444 5048 4736 4663 4935 4699 5210 5019 4885 4884 4810 4612 4484 5056 4758 4540 4324 5040 4811 5140 4986 4785 4973 4968 4632 5256 4521 4479 4808 5029 4729 4556 4955 4723 4771 5227 4893 4842 4884 4598 5063 5099 4809 4759 4714 4821 4868 5051 4874 5225 4948 4176 5205 4953 5079 4477 4758 4529 4818 4708 4850 4507 4746 4710 4570
5441 5951 5733 5501 5736 5708 5727 5503 5134 5541 5899 6129 5482 5653 5650 5539 5704 5920 5818 5714 5754 6128 5582 5964 5867 6133 5579 6003 5410 5417 6003 5866 5218 5352 5557 5184 6085 5728 5519 5341 5537 5875 5494 5818 5776 5407 5566 5582 5440 5656 5921 5787 5759 6166 5491 5605 5618 5894 5869 5744 5797 5495 5757 5119 5324 5697 5567 5759 5914 5631 5601 5571 6030 5510 5591 5657 6149 5911 6027 5346 5531 5723 5839 5427 5417 6305 5670 6038 5682 5943 5732 5369 6080 5584 5374 5581 5658 5852 5799 5665 5909 5839 6084 5935 5180 5972 5875 5211 5512 5527 5245 4814 5536 5394 5700 5652 5489 5429 5428 5828 5667 5795 5369 5817 5798 5979 5409 5779 6245 5154 5270 5633 5198 5198 5386 5211 5993 5548 5639 5577 5403 5729 5938 5815 5750 5667 5494 5515 6141 5625 5453 5286 5938 5489 6167 5987 5578 5903 5633 5689 5795 5393 5105 5777 5961 5799 5415 5532 5598 5308 5784 5859 5995 5541 5563 5968 5854 5517 5915 5364 5633 5572 5615 5747 5926 5691 4959 5902 5464 5626 5216 5400 5196 5399 5389 5435 5456 5573 5987 5013
4144 4654 4566 4530 4556 4313 4808 4493 3809 4259 4614 4576 4455 4182 4599 3943 4358 4483 4424 4698 4750 5003 4130 4754 4402 5032 4162 4532 4322 4265 4381 4769 4364 4640 4211 4235 4577 4402 4548 4134 4304 4472 4515 4167 4453 4107 4623 4232 4346 4692 4774 4327 4447 4778 4195 4556 4211 4471 4584 4227 4330 4176 4610 4203 4191 4385 4311 4441 4295 4702 4132 4105 4739 4166 4294 4421 5041 4339 4739 4042 4567 4310 4417 4727 4321 4769 4168 4791 4857 4557 4381 4267 4905 4386 4056 4404 4406 4649 4281 4490 4469 4617 4782 4633 4282 4379 4316 4230 4592 4060 4085 4120 4197 4551 4022 4413 4280 4066 4115 4429 4382 4729 4179 4406 4701 4757 4558 4277 4955 4307 4183 4467 4177 4208 4132 4105 4541 4089 4216 4670 4046 4736 4394 4676 4391 4497 4491 4124 4673 4577 4086 4085 4134 4114 4848 4239 4255 4651 4240 4179 4586 4329 4322 4505 4383 4362 4083 4622 4484 4291 4544 4496 4434 4141 4204 4949 4628 4446 4535 4475 4276 4515 4699 4413 4656 4602 3828 4824 4415 4395 4260 4061 4032 4190 4135 4133 4338 4457 4648 4283
4702 4917 4864 4748 4673 4758 4823 4944 4504 4792 5169 5282 4602 4497 5062 4832 4920 4931 4675 4823 4847 5217 4582 5277 4972 5305 4907 4870 4533 4592 5084 4800 4423 4711 4975 4667 5166 4764 4984 4694 4640 4834 4887 4927 4608 4500 4616 4434 4563 4777 4816 5003 4756 5240 4658 4809 4445 4854 5038 4661 4512 4360 4902 4717 4437 4704 4739 4915 4841 4860 4763 4989 5012 4629 4560 4867 5359 5151 5210 4513 4964 4743 4646 4572 4579 5110 4403 5077 4779 5095 5044 4569 5251 4890 4420 4649 4663 4846 4852 4922 5148 4850 4944 4967 4679 4778 5087 4930 4672 4679 4425 4396 4426 4726 5078 4805 4749 4518 4751 4829 4636 4994 4275 4911 5137 4875 4514 4756 5460 4564 4792 4924 4634 4555 4188 4652 5016 4755 4740 4840 4502 4857 5011 5090 4946 4849 4648 4510 4785 4848 4634 4460 4953 4674 5287 5073 4921 5092 4761 4661 4989 4256 4647 4976 4791 4517 4551 4820 4532 4311 5031 4939 4585 4433 4415 4971 4762 4742 4814 4563 4871 4992 5255 4975 5100 4779 4209 4985 4852 4995 4507 4771 4652 4675 4779 4924 4778 4771 4875 4534
4955 5417 5431 4845 5011 5305 5244 5084 4642 4918 5264 5493 5288 4882 5023 4810 5435 5399 4961 5236 5420 5593 5115 5490 5419 5296 4839 5442 4779 4794 5168 5262 4764 4712 5006 5013 5810 5142 5155 4759 4855 5108 5441 5423 5252 4867 5144 4992 4970 5391 5220 5175 5138 5657 5063 5052 4898 5334 5406 5030 4798 4826 5247 4885 4979 5068 5078 5051 5354 5026 4739 5195 5392 4675 5037 5436 5344 5602 5346 4658 5411 5126 5014 5233 5124 5595 4838 5272 5346 5228 5099 5081 5746 5202 4806 5019 5201 5370 5292 5471 5514 5363 5437 5015 5277 5010 5333 5026 5044 5306 4982 4692 4769 5033 5321 5447 5268 4689 5179 5268 5264 5346 4873 5218 5447 5237 4938 4886 5569 4775 4874 5099 5029 4774 4988 5003 5440 4773 4782 5191 4868 5291 5450 5486 5394 5143 5115 5183 5208 4875 4917 4747 5377 4887 5463 5455 5154 5424 5292 5324 5388 4461 4851 5476 5233 5079 5138 5066 5294 4975 5546 5361 5393 4968 5015 5598 5390 4965 5160 5136 5007 5307 5280 5209 5507 4976 4638 5401 5078 5387 4986 4952 4745 5075 4820 4971 5310 5149 5400 4864
4612 5233 4869 4580 4723 4896 4879 4967 4468 4641 5003 5228 4988 4617 5109 4522 5112 5164 4900 4836 4994 5162 4722 4768 5058 5148 5050 4943 4694 4546 5026 5141 4568 4479 4595 4395 5373 4761 4744 4532 4665 4915 4812 4828 4776 5026 5044 4572 4479 5068 5003 4605 4854 5343 4635 4999 4729 5029 5169 4743 4735 4367 4725 4538 4581 4845 4653 4963 4999 4787 4561 4715 5078 4711 4786 4730 5391 4654 4644 4751 4837 5092 4708 4793 4481 4996 4479 5131 5040 5040 4956 4703 5296 4979 4479 4888 4705 5117 4852 4961 4860 4748 5281 4725 4769 5019 4928 4614 4880 4635 4689 4480 4898 4673 5117 4974 4614 4379 4942 4760 4884 5003 4618 4984 5319 4932 4735 4678 5535 4672 4463 4765 4643 4813 4538 4719 5283 4808 4550 4699 4559 4929 4964 5024 5048 4953 4827 4848 5258 4839 4553 4446 4884 4815 5097 4864 4816 4791 4827 4769 4895 4587 4687 4784 4772 4804 4521 4893 4398 4623 5135 5008 5159 4701 4522 4996 5120 4767 4940 4626 4666 4395 4985 4717 5056 4737 4396 4942 4921 4895 4628 4716 4636 4733 4683 4776 4731 5006 5090 4742
4937 5143 5114 4880 5094 5182 5061 5170 4530 4995 5327 5521 5181 4448 5078 4723 5476 5437 5075 5014 5304 5466 4818 5020 5415 5362 4808 5135 4860 4854 5192 5256 4747 4934 4894 4609 5439 5195 5013 4834 4750 4944 5023 4902 4926 4762 5037 4817 4963 5146 5381 4958 5267 5597 5013 5162 5009 5208 5083 5026 4949 4488 4884 5009 4754 4995 4843 4885 5152 5161 4742 4842 4923 4665 4986 5133 5546 5006 5371 4608 5033 4963 5008 5243 5042 5420 4606 5193 4810 5172 4863 4908 5351 5094 4489 4807 5061 5204 4771 5029 5421 5429 5380 4950 4600 5193 5216 4889 4999 4820 4843 4640 5026 4797 5030 5332 4956 4569 4754 5166 5143 5159 4636 5010 5192 5305 5170 4994 5741 4474 4841 5044 4826 4859 4932 4598 5579 5005 4666 5304 4547 5086 5129 5508 5322 5150 4875 4657 5250 5179 4846 4673 5343 5154 5364 5203 5009 5123 5326 5140 4982 4656 4591 5145 5266 5119 4665 5140 4697 4793 4989 5127 5139 4943 4637 5486 5257 5051 5142 4633 4738 4930 5263 4792 5201 5018 4641 5417 5036 4954 4387 4728 4909 4750 4911 4846 5089 5203 5253 4704
4534 4949 4755 4519 4761 4989 4720 4733 4233 4608 4787 5143 5009 4548 4613 4449 4831 4932 4735 4876 5108 4950 4843 4705 4967 4982 4867 4868 4040 4521 4887 4588 4142 4575 4428 4598 5125 4758 4894 4429 4293 4794 4897 4834 4739 4608 4459 4544 4711 4644 4793 4766 4782 5100 4570 4875 4381 4768 4825 4501 4809 4281 4730 4377 4366 4674 4589 4599 4984 4595 4635 4632 4876 4465 4678 4793 5124 4661 4915 4554 4694 4648 4571 4668 4694 5055 4324 4657 4774 4936 4868 4590 5268 4797 4336 4781 4731 4863 4621 5115 5188 4858 5077 4720 4345 4775 4843 4282 4920 4613 4288 4241 4616 4340 4921 4972 4474 4416 4477 4772 4646 4624 4451 4828 5004 4649 4713 4626 5444 4457 4553 4709 4508 4392 4254 4541 5154 4715 4555 4579 4371 4725 4809 5177 4771 4987 4730 4579 5033 4604 4577 4268 4919 4518 5212 4839 4576 4964 4888 4657 4868 4354 4374 4968 4856 4283 4690 4660 4349 4632 5007 4963 5009 4541 4514 4711 4514 4517 4797 4716 4737 4440 4704 4584 4995 4725 4291 4888 4888 4511 4275 4444 4574 4481 4435 4457 4554 4819 5001 4183
4977 5578 5240 5182 5016 5259 5411 5201 4623 4874 5713 5451 5158 4994 5597 4855 5595 5040 5181 5478 5093 5787 5334 5390 5508 5448 4882 5464 4872 4959 5294 5308 4781 4767 4687 4763 5499 5286 5599 4973 4780 5251 5227 5317 5240 4747 5254 4719 4884 5586 5134 4887 5245 5547 5014 5206 5146 5414 5127 5369 4777 5053 5308 4775 4998 5263 5099 5241 5440 5533 4899 4887 5194 4770 5124 5482 5833 5224 5549 4675 5189 5235 5404 4954 5004 5712 4839 5139 5277 5234 5423 4968 5681 5258 4864 5437 5101 5266 4957 5353 5576 5300 5524 5498 4861 5232 5427 4932 5194 4690 5098 5104 4860 4960 5147 5432 5096 4824 4926 5529 5369 5870 4579 4890 5290 5264 5152 5085 5500 4806 5197 5196 4938 5282 5054 5044 5435 4965 4966 5455 4709 5028 5116 5532 5309 5439 4906 4785 5500 5277 4828 4848 5164 5031 5318 5178 4992 5393 5237 5000 5402 4727 5149 5201 5218 5174 4992 5301 4884 5369 5213 5174 5733 4959 4935 5532 5320 5099 5199 5085 4830 5226 5212 5066 5454 5081 4716 5412 4987 5352 4909 5032 4884 5006 4831 5247 4962 5102 5209 4870
4683 4762 5088 5031 4848 4885 4945 5314 4127 4827 5166 5171 5144 4741 5194 4658 5000 5102 5171 5100 4805 5360 4933 5198 5133 5353 4925 4855 4881 4933 5035 5036 4519 4759 4773 4328 5175 5084 5106 4684 4748 5204 5368 4902 5132 4748 4891 4635 4606 5107 5228 4670 5108 5485 4762 4957 5027 5125 4978 5163 5089 4491 4791 4724 4579 5055 4709 4853 5134 4958 5018 5156 5299 4706 5001 4798 5474 4864 5185 4607 4887 4951 4875 4803 4908 5282 4604 5036 5161 4841 4856 4845 5327 4924 4439 4810 4753 5132 4980 5022 5358 5118 5543 5238 4683 5048 4885 4727 4827 4609 4371 4477 4652 4779 5178 4946 4861 4688 4721 5174 5024 5306 4663 4932 5100 5195 4937 4847 5579 4547 4908 4944 4859 4731 4599 4680 5255 5126 4827 4934 4569 5044 5113 5121 4934 5080 4845 4519 5429 5091 4936 4758 4935 4704 5403 5131 4797 5209 4868 4995 5103 4811 4611 5172 4993 4790 4858 4884 4726 4856 5184 5107 5027 4735 4718 4930 4960 4611 4878 4882 4751 4789 5001 4756 5276 5092 4695 5172 4903 5364 4493 4782 4497 4654 4593 4881 5140 4990 5086 4451
4823 5481 4998 4976 5198 5165 4979 5100 4594 5059 5268 5285 5059 5010 5041 4653 5199 5289 5218 5030 4973 5732 4900 5209 4994 5331 5045 5226 4636 4840 5260 5228 4695 4727 5082 4517 5529 5159 4975 4707 4653 4903 5154 5384 5275 4835 5227 4621 4479 4897 4901 4888 5177 5479 4989 5209 5138 5210 5001 4931 4956 4668 4987 4834 4814 4965 4819 4694 5339 5255 4921 4884 5141 4726 4808 5134 5621 5217 5189 4787 5085 5048 5129 5223 4869 5198 4360 5117 5199 5134 5084 4814 5134 5129 4449 4998 4918 4935 4991 4845 5313 5277 5212 5030 4559 5170 4893 5086 4807 4849 4603 4469 4773 4598 5080 5114 4813 4400 4694 5165 4748 5166 4453 5026 5389 5188 4860 5078 5799 4745 4599 5220 4576 4792 4494 4665 5561 4679 4729 5271 4771 4890 4957 5198 5092 5181 4731 4393 5211 4816 4883 4481 5088 4737 5483 4948 5011 5378 4914 4752 5082 4705 4778 5273 5256 5006 4594 4971 4812 4874 4893 4800 5264 4318 4729 5408 5205 4786 5097 4617 4914 5132 5212 4762 5553 5265 4502 5061 5170 5227 4681 4390 4675 4876 4756 4688 5082 4980 5477 4688
4991 5720 5192 5197 5302 5051 5079 5220 4867 5102 5105 5526 5085 4930 5303 5014 5513 5500 5400 5067 5601 5557 5108 5234 5281 5636 5100 5237 4779 4873 5173 5405 4780 4827 5058 4693 5624 5135 5331 4712 4917 5171 5283 5212 5245 4908 5058 4654 5005 5108 5151 5161 5232 5486 4920 5399 4766 5144 5518 5214 5193 4895 5037 4671 5028 4801 4879 5071 5133 5075 5018 5049 5492 5027 5257 5108 5793 5377 5199 5006 5324 5448 5053 5426 4970 5661 4878 5582 5316 5316 4994 4875 5808 5336 4647 5085 4904 5254 5261 5206 5377 5331 5553 5364 4898 5367 5360 5020 5223 4861 5012 4750 4898 4895 5321 5259 4820 4465 4836 5340 5052 5464 5009 5254 5292 5617 4882 5020 5866 4700 4896 5248 5079 4867 4845 4792 5374 5224 5217 5274 4784 5293 5380 5462 5200 5305 4802 4787 5583 5151 4945 4671 5258 5074 5519 5062 4929 5602 5168 5114 5455 4646 4720 5147 5306 4887 4903 5066 5072 5074 5238 5228 5533 5065 5084 5243 5442 5083 5057 5177 4990 4718 5477 5071 5332 5251 4837 5374 5157 5289 4899 5037 4982 4823 5019 4793 4869 5281 5278 4848
4563 5210 5243 4681 4931 5038 4908 5150 4454 4897 5165 5265 5006 4637 5258 4941 5056 5033 5094 5050 5158 5522 4852 5299 5116 5296 4569 5145 5013 4810 5140 5483 4677 4694 4852 4684 5293 4951 4986 4558 4969 5089 4962 4882 4955 4777 4820 4594 4835 5127 5074 4689 4992 5682 4824 4948 4959 5243 5182 5084 4887 4561 4873 4705 4722 5103 4664 5181 4944 5131 4594 4845 5261 4712 4858 4768 5493 5118 5153 4751 4936 4993 4948 4665 4795 5257 4518 4909 5037 5196 5014 5076 5152 5074 4518 5285 4782 5150 4888 4874 5271 4948 5313 4892 4482 5046 5031 4877 5016 4847 4730 4863 4432 4660 5123 5138 4947 4453 4867 5359 4896 5467 4572 5041 5185 5230 4629 4929 5220 4702 4635 5004 4817 4805 4729 4648 5205 4886 4807 5171 4668 4944 4943 5181 5281 4874 4659 4733 5127 4809 4701 4566 4948 5016 5297 5148 4883 5348 5336 5023 5120 4817 4786 5013 4923 4904 4826 5121 4761 5079 5021 4853 5197 4785 4741 5260 5207 4605 4965 5094 4915 5013 5198 4693 5065 4983 4612 5145 4900 5147 4334 4817 4760 4892 4935 4786 5165 4942 5171 4430
4530 4952 4954 4722 4567 4874 4795 4724 4223 4413 5047 5141 4870 4740 4920 4487 5086 4962 4853 5005 4684 5448 4770 4704 4963 5401 4713 4860 4572 4760 4953 5013 4088 4404 4512 4241 4812 4902 4938 4510 4352 5154 4552 4971 4694 4473 4922 4741 4694 5009 5041 4685 4886 5174 4657 4746 4852 4949 4490 4631 4670 4394 4812 4313 4575 4945 4504 4685 4933 4873 4631 4632 4918 4538 4583 4899 5174 4570 4852 4377 4817 4703 4846 4728 4548 5101 4648 4880 5097 4869 5003 4655 5198 4695 4428 4748 4540 5148 4636 5168 5126 5000 5108 4846 4533 5028 4938 4819 5114 4456 4625 4339 4542 4621 4658 4728 4852 4434 4759 4911 4590 5307 4329 4730 5271 4812 4684 4615 5284 4595 4487 4978 4086 4627 4373 4858 4926 4682 4738 4793 4447 4931 4867 5070 4830 4842 4586 4379 5131 4896 4579 4589 4640 4748 5356 4603 4828 4974 4554 4668 4790 4470 4479 4788 4676 4874 4815 4928 4917 4474 4792 4846 5153 4830 4585 5063 5166 4887 4852 4693 4624 4808 4825 4942 5087 5004 4281 4815 4576 4707 4502 4778 4099 4565 4597 4752 4644 4631 5073 4656
4449 5168 4919 4704 4895 4995 4854 4890 4442 4683 4965 5205 4839 4681 4956 4747 4879 5103 4839 5196 5007 5323 4722 5023 5284 5365 4661 5178 4755 4988 5079 4848 4560 4853 4734 4458 5227 4688 4870 4585 4498 5063 5104 4826 4953 4839 4744 4820 4705 4940 4912 5058 5020 5403 4894 4878 4785 5270 5015 4907 4740 4547 4932 4696 4523 4901 5072 5168 5063 4722 4683 4851 5215 4463 4861 4975 5408 4782 5052 4804 4798 4843 4489 4993 4682 5127 4434 5101 4823 4842 5043 4550 5449 5131 4588 4984 4605 5188 4731 4962 5057 4870 5122 4808 4498 4967 5000 4675 5065 4590 4703 4237 4372 4553 4979 5082 4626 4567 4793 4966 4834 5067 4676 5085 5076 4824 4765 4770 5460 4715 4423 4595 4769 4583 4815 4710 5192 4547 4733 4904 4784 5190 4877 5117 5139 4694 4840 4733 5094 4984 4609 4269 4705 4547 5243 5075 4891 5175 4734 4920 5320 4513 4554 5221 5048 4805 4614 4828 4764 4708 5038 4910 4906 4683 4527 5283 5261 4793 5024 4795 4856 4656 5003 4654 5026 4889 4389 5239 4827 5058 4559 4697 4553 4513 4673 4795 4718 4848 5181 4581
4750 5238 5009 4908 5049 4989 5058 5238 4367 4814 4951 5135 4805 4790 4554 4487 5096 5329 4883 5046 5009 5383 4629 5136 5194 5257 4904 4922 4545 4269 4970 4897 4448 4551 4444 4650 4939 4884 5114 4644 4683 4740 5215 5058 4971 4564 4883 4584 4545 4840 5110 4615 4853 5326 4584 4891 4615 4985 5157 5084 4627 4597 4792 4523 4699 4907 4766 5024 5011 5067 4765 4696 5195 4506 5002 5045 5207 5176 5175 4605 4718 4773 4894 4859 4573 5396 4808 4965 4690 4961 4679 4507 5103 4899 4475 4882 4615 5083 4903 4897 5279 4929 5274 4940 4688 4604 4886 4465 4746 4847 4571 4366 4716 4568 4903 4993 4567 4525 4647 5099 5022 5026 4767 5002 5169 5000 4680 4737 5216 4519 4658 4877 4812 4723 4740 4327 5075 4738 4546 4924 4438 5122 4795 5050 5182 4904 4747 4977 4904 4814 4419 4699 4896 5015 5333 5025 4909 5005 4810 4679 4953 4528 4693 5166 5086 4840 4549 4866 4820 4556 5141 4984 4803 4622 4551 5286 4824 4596 5118 4492 4694 4711 5092 4924 5195 4828 4576 4755 4555 4895 4367 4631 4545 4822 4905 4912 4686 4830 4909 4199
4710 5444 4969 4629 4720 5061 4867 5036 4242 4703 5015 5035 4824 4474 5028 4574 5043 5031 4725 4760 4922 5194 4359 5136 5169 5281 4909 5055 4323 4377 4937 4992 4378 4830 4664 4481 5237 4840 4938 4642 4699 4958 4794 4893 5013 4770 4938 4247 4553 4903 4989 4627 4862 5305 4691 4910 4660 5060 4805 4742 4722 4455 4874 4687 4519 5095 4717 4632 5164 4826 4757 4629 4818 4472 4924 4987 5288 5058 5122 4433 5036 4629 4885 4855 4875 5264 4561 4968 4819 5040 4717 4618 5313 4695 4239 4761 4585 5036 4746 4678 5262 5030 5124 4870 4613 4738 4911 4615 4873 4823 4415 4458 4625 4890 4699 5287 4766 4486 4515 5155 4911 4996 4318 5189 5101 4992 4625 4496 5271 4414 4603 5178 4604 4509 4433 4462 5280 4624 4649 5020 4419 4912 4827 5118 5129 4793 4660 4493 5208 4935 4703 4287 5255 5035 5223 4858 4703 5060 5233 4910 4879 4087 4333 5164 4995 5033 4501 4952 4556 4526 4865 4773 5002 4476 4521 5414 4910 4723 4889 4700 4717 4960 4897 4822 5095 4992 4236 4913 4889 4692 4511 4722 4501 4763 4769 4670 4708 4785 5023 4552
4692 5403 4562 4647 4874 5077 4740 4761 4401 4935 4955 5069 4590 4549 5035 4419 5043 5037 4951 4598 5097 5201 4812 5101 5036 5111 4620 5015 4389 4433 4732 5009 4492 4747 4806 4501 5221 4954 4891 4342 4528 4953 5128 4863 4829 4527 4792 4343 4662 4999 4887 4975 5074 5031 4567 4787 4560 5056 5183 4849 4709 4561 5006 4604 4652 4901 4596 4833 4916 5042 4455 4641 5175 4614 4628 4582 5420 4835 4941 4515 4863 4765 4977 4799 4540 5129 4579 5080 4973 4977 4811 4577 5349 4896 4608 4720 4601 5284 4983 4741 4865 4877 5075 4800 4494 4928 4995 4788 4792 4588 4706 4254 4798 4482 4868 5180 4699 4464 4358 4920 4673 5299 4559 4910 4968 5162 4711 4832 5351 4913 4745 5002 4691 4755 4548 4674 5138 4887 4710 4748 4636 4889 4873 5170 4939 5242 4639 4673 5129 4805 4904 4475 4817 4606 5089 5086 4925 4976 5021 4968 5128 4514 4568 4752 4968 4981 4685 4740 4395 4637 5120 4972 5099 4677 4640 5200 4882 4627 5101 4573 4473 4988 4972 4868 5165 4902 4521 5074 4935 5289 4287 4675 4560 5105 4615 4865 4713 4988 4986 4612
4919 5499 5257 4924 5024 4921 5037 5335 4713 5154 5229 5442 5079 5127 5240 4989 5067 5490 5123 5352 5327 5561 5023 5798 5080 5821 4806 5455 4638 4786 5456 5310 4688 4605 5077 4874 5859 5143 4885 4898 4911 5372 5470 5210 5023 4894 4970 4770 5059 5368 5078 5035 5247 5434 5092 4799 5067 5192 5458 4976 5044 5020 5229 4538 4800 4904 4829 5235 5304 4943 4857 4964 5546 4849 4917 5093 5413 5209 5606 4751 5199 5081 5379 5046 4740 5534 4745 5142 5071 5256 4936 4933 5424 5122 4907 5044 4835 5167 4886 5241 5253 5231 5164 5059 4982 4821 5135 4898 5181 5064 4932 4764 4718 4921 5442 5527 4814 4707 5091 5391 5123 5395 4828 5509 5056 5377 5143 5144 5846 4730 4710 4833 4882 4864 4635 4506 5287 4856 4952 5450 4804 5220 5131 5176 5515 5408 4861 4940 5447 5130 4735 4555 5368 4998 5474 5181 4873 5603 5131 4874 5338 4435 4755 5174 5097 4918 4952 5199 5057 5105 5252 5228 5198 4873 4986 5312 5277 5196 5488 5087 5232 4895 5066 5023 5118 5300 4673 5256 5408 5389 4763 4730 4904 5103 4922 5062 5109 5187 5414 4863
4516 5249 4607 4773 4560 4648 4835 4920 4254 4791 4822 5225 4878 4438 4928 4568 5055 4957 4578 4903 4923 5245 4500 4830 4804 5207 4966 4870 4485 4525 5064 4937 4583 4615 4814 4433 5161 4794 4932 4616 4458 4698 4860 4743 4728 4681 4649 4261 4379 4962 4997 4755 4524 5101 4533 4666 4650 4660 4758 4579 4389 4244 4907 4563 4552 4785 4744 4823 4814 4660 4494 4434 4911 4410 4420 4796 5105 4851 5002 4116 4551 4832 4742 4699 4451 4994 4710 4779 4982 4800 4696 4601 5108 4615 4420 4637 4717 5023 4461 4762 5235 4905 5011 4771 4588 4905 4709 4554 4843 4767 4494 4443 4600 4664 4980 4837 4507 4629 4477 4474 4764 5014 4522 4871 4860 4876 4454 4638 5314 4487 4259 4765 4396 4442 4195 4395 5082 4607 4641 4862 4215 5000 4880 4977 4969 4989 4675 4300 5097 4931 4620 4208 4821 4752 4967 4890 4578 4809 4859 4800 4822 4192 4610 4492 4839 4492 4592 4725 4371 4484 4828 4848 4884 4468 4602 5043 5082 4545 4601 4449 4508 4648 4849 4785 4834 4817 4238 4710 4828 4981 4482 4549 4294 4631 4417 4560 4807 4783 5152 4697
4734 5187 5222 4839 4894 5159 5081 4912 4406 4871 5220 5298 4837 4613 5232 4566 5144 4976 5190 5201 4946 5216 5135 5172 5122 5686 4658 5127 4579 4756 4869 5134 4686 4822 4830 4658 5432 5339 5019 4580 4536 5129 5257 4941 5180 4434 4818 4585 4944 4963 5215 4693 5213 5486 4931 5033 5011 5136 5087 5084 4847 4570 4952 4761 4645 5110 4745 4815 4982 4971 4721 4686 5234 4540 4670 5335 5484 4990 5104 4684 5101 4699 4946 5093 4898 5458 4572 5108 5219 4778 4990 4909 5386 5266 4428 4988 4905 5244 4867 4984 5399 5213 5135 4936 5035 5016 5060 4689 5125 4643 4932 4353 4848 4885 5031 5299 4934 4533 4752 5167 4918 5453 4381 4951 5129 5070 4981 4810 5479 4972 5049 5047 4664 4981 4683 4637 5319 4824 4964 4823 4856 4781 4888 5313 4941 4784 5002 4590 5264 5217 4875 4844 4766 4811 5311 4882 4993 4891 5072 4865 5288 4565 4747 5175 5125 4981 4618 5001 4932 4904 4976 5114 5068 4698 4538 5194 4905 4855 5144 4932 4658 4721 5001 4646 5430 5235 4572 5128 4949 4931 4817 4747 4843 4784 4756 4995 4916 4817 5268 4723
4652 5042 5115 4695 4841 4802 4902 4958 4248 4512 5117 5008 4748 4484 4803 4403 4830 5375 4967 5105 4943 5279 4752 4938 5015 5130 4465 4771 4641 4432 4855 5034 4410 4548 4516 4516 4734 4853 5076 4622 4558 4840 5173 4831 4784 4504 4838 4712 4850 4893 5261 4893 4756 5383 4261 4762 4852 4930 4861 4799 4533 4511 4844 4415 4445 4524 4665 5175 4695 4941 4628 4809 5021 4286 4965 5030 5250 4846 5248 4336 4778 4665 4999 4833 4495 5369 4388 5069 4611 5123 4901 4655 5284 4725 4370 4714 4745 5217 4757 5193 5107 4815 5062 4899 4785 4963 4949 4680 4620 4722 4617 4435 4578 4688 4704 4814 4584 4370 4400 4998 4892 4947 4448 4772 4885 5239 4389 4698 5128 4620 4403 4640 4879 4512 4687 4494 5090 4898 4618 4976 3994 4958 5023 5181 4605 4921 4587 4713 4918 4845 4613 4566 4844 4915 5383 5048 4437 4987 4603 4779 4891 4420 4576 4937 5195 4949 4401 4851 4718 4864 5192 4957 4800 4515 4690 5046 4967 4787 4770 4663 4590 4524 4724 4621 5073 4913 4413 4950 4809 5054 4528 4334 4347 4660 4748 4800 4591 4727 5090 4590
4674 5327 5099 4962 4991 5066 4841 5338 4641 4760 5153 4983 4679 4928 5146 4774 4918 5294 5247 5142 5227 5589 4988 5079 4880 5552 4653 5169 4447 4922 4913 5225 4497 4687 4605 4500 5446 4942 5139 4995 4501 4820 5245 4921 5089 4671 4914 4835 4754 5248 4970 4919 5048 5335 4797 4971 4857 5041 5082 4955 4766 4525 4754 4644 4866 4768 4643 4763 5077 5079 4640 4571 5184 4671 4905 4955 5462 5143 5273 4735 4951 4788 4951 4969 4796 5147 4349 4860 4880 4909 4547 4849 5370 4934 4437 5023 4949 4942 4998 4885 5567 5231 5189 4952 4498 4950 4914 4764 4755 4831 4605 4510 4480 4752 4874 5011 4701 4404 4559 5258 4765 5390 4624 5104 5288 5275 4705 4767 5463 4528 4622 5111 4731 4624 4685 4731 5317 5019 4774 4992 4692 4982 5040 5101 5077 4947 4625 4571 5181 5247 5064 4504 4911 5252 5495 4836 4625 5264 4961 4861 4941 4472 4436 5154 4845 4544 4679 5151 4935 4662 5232 5096 5213 4783 4778 5278 4943 4603 4930 5159 4959 4721 5081 4755 5303 4998 4491 5048 4916 5122 4606 4679 4749 4661 4605 4564 4393 5026 5020 4562
4834 5231 4908 4507 5029 4973 4719 5401 4611 4862 4923 5302 5013 4504 5114 4852 5285 5209 5116 5041 4893 5367 5067 5282 4896 5188 4564 4846 4484 4736 4962 5212 4604 4593 4793 4608 5069 4828 4795 4476 4840 5022 5225 4956 5062 4802 4710 4708 4605 5073 5108 5015 5172 5219 4503 4867 4947 4978 4994 4817 4642 4398 4856 4633 4669 4892 4656 4953 4862 4884 4374 4613 5070 4746 4939 5006 5288 5054 5182 4573 4849 4782 4933 4974 4639 5233 4538 5141 5041 4967 4704 4969 5167 5076 4492 5043 4767 5111 4928 4918 5196 5068 5100 5041 4568 5007 5106 4813 4977 4534 4531 4388 4426 4622 4910 5234 4795 4485 4702 4945 4871 5121 4486 5152 4989 5176 4953 4649 5388 4514 4606 5146 4816 4596 4466 4500 5073 5024 4716 4830 4676 4981 5007 4905 4951 4991 4807 4607 5197 4951 4645 4598 5017 4907 5380 4852 4827 4844 4713 4865 4977 4692 4600 5130 4984 5076 4645 4934 4602 4599 5137 5068 5038 4638 4899 5190 5071 4830 5068 4794 4542 4702 5113 4789 5103 4941 4736 4947 4889 5309 4352 4651 4504 4671 4744 4434 4856 4775 5118 4596
4624 4882 4760 4486 4643 4729 4815 5004 4391 4737 5075 5161 4525 4477 4716 4627 4944 4770 4504 4934 4813 5269 4496 4824 4881 4994 4507 4986 4193 4658 4977 5184 4486 4329 4646 4179 5251 4744 4750 4476 4342 4868 5105 4586 4969 4387 4701 4418 4397 4901 5016 4781 4673 5044 4608 4643 4566 4928 4977 4614 4455 4470 4790 4434 4719 4344 4432 4512 5096 4823 4745 4603 5081 4305 4432 5018 5424 4724 5069 4133 4806 4671 4754 4892 4484 5051 4232 4846 4909 4776 4583 4516 5105 4834 4420 4458 4434 4693 4625 4826 5254 4997 5123 4814 4651 4735 4686 4790 4859 4519 4371 4228 4499 4559 4935 4584 4437 4301 4697 4941 4858 5166 4614 5163 4949 5060 4601 4698 5339 4414 4521 4751 4414 4519 4376 4306 4997 4499 4692 4940 4175 4971 4762 4965 4819 4880 4680 4198 4875 4740 4560 4091 4709 4594 5065 4759 4727 5062 4883 4712 4986 4269 4564 5115 4741 4444 4367 4807 4463 4509 5213 5067 4970 4638 4640 4742 4656 4675 4776 4609 4712 4655 4998 4734 5250 4870 3988 4959 4937 5000 4527 4450 4416 4609 4497 4801 4766 4843 5069 4534
5020 5765 5322 5248 5202 5726 5118 5340 4986 5060 5191 5578 5441 5046 5180 4869 5756 5558 5464 5364 5213 5884 5185 5763 5592 5532 5094 5588 4888 4994 5601 5545 4774 4810 4982 4634 5609 5218 5332 4780 5104 5223 5664 5424 5464 4838 5271 4943 4964 5243 5304 5296 5394 5611 4914 5210 4976 5516 5482 5255 5007 4836 5133 5133 4725 5201 5153 5200 5523 5417 5328 4882 5441 5103 5366 5751 5816 5617 5552 4794 5039 5184 5098 5212 4973 5745 5007 5104 5320 5244 5193 4999 5498 5199 4944 5480 5049 5443 5348 5609 5534 5444 5403 5022 5026 5314 5480 5191 5300 4869 5154 4701 4968 5042 5308 5388 5233 4973 5052 5487 5185 5451 4815 5412 5627 5554 5088 5119 5601 4707 4958 5449 5103 5131 5140 4756 5556 4950 5005 5463 4693 5108 5469 5361 5227 5408 5119 5002 5543 5103 5036 4727 5200 5063 5825 5530 5002 5592 5346 5309 5519 4922 4790 5364 5378 5345 5109 5066 5131 4942 5626 5420 5273 5238 5023 5614 5344 5410 5200 4943 5086 5207 5099 5119 5530 5237 5187 5287 4921 5475 5151 5178 4894 4932 4873 5277 5400 5100 5509 4665
4582 5238 5019 4801 4589 4989 5118 4941 4309 4730 4760 5291 4691 4513 4676 4568 4947 5098 4673 4892 4892 5299 4680 4922 5214 5218 4517 4957 4595 4594 4919 4799 4157 4671 4685 4494 5119 4811 5026 4821 4471 4937 5039 5023 4952 4768 4788 4640 4694 4985 5267 4852 5017 4987 4670 4546 4919 4892 4750 4800 4530 4354 4776 4626 4469 4650 4552 4800 4766 4937 4455 4306 5082 4383 4831 4953 5486 4894 5195 4674 5039 4912 4997 4733 4623 5163 4494 5170 5000 5051 5160 4657 5131 4668 4440 4728 4536 5000 5099 5063 4884 5007 5174 4646 4361 4858 4861 4541 4796 4537 4472 4260 4863 4630 4862 4865 4566 4551 4636 4795 4912 5157 4645 4596 4981 5088 4648 4833 5123 4448 4602 4713 4715 4713 4696 4493 5057 4659 4408 4911 4493 4984 4905 5272 4838 4616 4872 4708 4914 4687 4646 4481 4913 4567 5033 5032 4769 4802 4888 4869 5019 4339 4675 4870 4886 4831 4679 4765 4853 4777 4873 4918 4979 4867 4640 5318 4881 4702 4831 4666 4669 4932 4876 4861 4881 4706 4314 5348 4954 4724 4472 4449 4532 4715 4630 4620 4669 4645 5156 4568
5187 5953 5751 5377 5461 5668 5614 5517 4874 5243 5510 5946 5371 5139 5703 5116 5639 5653 5572 5585 5648 5909 5384 5635 5562 5956 5169 5586 5076 4787 5515 5434 4899 4977 5170 4945 6037 5612 5571 4923 5126 5356 5748 5340 5516 4914 5614 5153 5335 5687 5569 5229 5387 5753 5277 5448 5159 5512 5466 5348 5087 5032 5493 4914 5069 5275 5468 5582 5509 5516 5170 5161 5669 4885 5612 5398 6015 5680 6037 4932 5443 5312 5544 5518 5090 5758 5242 5707 5512 5613 5389 4951 6080 5273 4893 5414 5397 5537 5531 5840 5904 5795 5921 5464 5096 5552 5484 5163 5381 5108 5248 4959 5194 5187 5568 5678 5131 4944 5076 5526 5352 5917 5111 5592 5588 5796 5185 5386 6124 5223 5171 5363 5081 5359 4921 5283 5652 5179 5353 5532 5081 5669 5544 5562 5649 5710 5154 5273 5951 5526 5276 5122 5489 5284 5858 5870 4998 5604 5343 5194 5802 5109 5291 5583 5444 5072 5244 5275 5234 5298 5805 5325 5241 5282 5134 5743 5599 5377 5508 5143 5371 5362 5553 5487 5593 5240 5032 5701 5223 5699 4957 5044 5033 5335 4914 5424 5283 5635 5663 4936
4907 5137 5175 4732 4833 5095 5142 4988 4466 5017 5373 5436 5000 5071 5112 4767 4847 5392 4987 5119 5378 5649 4890 5117 5366 5592 4928 5357 4663 4685 5125 5195 4616 4918 5028 4567 5354 5046 5006 4822 4675 5109 5448 5320 5002 4738 4917 4701 4883 5093 5147 5133 5052 5456 4748 5056 5155 5192 5017 5236 4681 4833 5073 4616 4701 5086 5085 4975 5187 5091 4959 4879 5360 4763 4943 5204 5567 5240 5372 4919 4989 4900 5165 4749 4778 5432 4997 5044 5057 5322 5100 4817 5266 5279 4765 5065 4866 5204 5020 5347 5635 5369 5349 5136 4679 5038 5153 4782 4870 4807 4678 4672 4649 4630 5453 5488 4968 4857 4741 5172 4925 5160 4581 5013 5241 5000 4871 5046 5518 4780 4754 5167 4818 5064 4848 4735 5525 4948 5045 5444 4915 4941 4960 5293 5431 4943 4890 4839 5460 5021 4783 4602 5180 4931 5434 5252 5160 5407 5052 5258 5166 4510 4753 5079 5035 4916 4820 5147 4937 4774 5110 5069 5232 4613 4668 5436 5210 4900 5144 4788 4738 4809 5265 5039 5221 5240 4707 4848 4939 5150 4656 4931 4788 4699 4823 5164 5316 4987 5444 4388
4454 5131 4770 4706 4680 5094 4846 5090 4137 4464 4990 4985 4708 4392 4920 4602 5137 4938 4856 4927 4843 5162 4535 4726 4955 5189 4423 4714 4627 4527 4745 4839 4324 4620 4683 4206 5030 4661 4766 4607 4351 4902 4956 4540 5004 4619 4519 4327 4652 4839 5083 4630 4899 5342 4409 4873 4518 4989 4841 4846 4562 4365 4652 4426 4324 4698 4686 4681 4961 4599 4665 4556 4808 4521 4586 4803 5106 4791 5100 4226 4675 4740 4558 4604 4548 5184 4535 4735 5076 4839 4605 4389 4946 4711 4343 4946 4477 5094 4834 4859 5116 4888 4960 4762 4450 4824 4946 4459 4833 4432 4565 4133 4558 4511 4668 4798 4847 4525 4359 4790 4792 5040 4614 4880 4907 5038 4439 4738 5179 4451 4420 4861 4546 4419 4690 4373 5012 4264 4650 4578 4292 4919 4900 5150 4501 5003 4426 4378 4911 4923 4384 4462 4750 4666 4894 5027 4608 4615 4428 4671 4907 4339 4406 4783 4921 4674 4431 4967 4677 4599 4889 4865 4888 4702 4484 5063 4992 4656 4707 4538 4504 4704 4879 4703 4826 4811 4296 4873 4464 4672 4415 4767 4527 4475 4566 4641 4880 4799 5005 4503
4565 4916 4701 4620 4648 4846 4642 4745 4210 4735 4933 5102 4710 4331 4612 4503 4767 4964 4688 4558 4833 5175 4625 4833 4948 5212 4835 4712 4770 4799 4947 4667 4449 4230 4744 4037 4970 4434 4706 4360 4592 4717 4604 4706 4589 4788 4793 4256 4495 4673 4813 4544 4512 5061 4344 4762 4633 4750 4702 4501 4411 4333 4867 4502 4473 4486 4587 4658 4770 4791 4444 4756 4762 4500 4500 4792 5098 4910 4984 4527 4689 4545 4795 4649 4466 4938 4559 5025 4598 4799 4745 4388 4880 4490 4113 4418 4357 4710 4576 4752 4848 4882 4904 4694 4326 4955 4644 4527 4614 4699 4568 4157 4429 4688 4877 5000 4600 4400 4466 4606 4625 4715 4466 4439 4794 4640 4616 4834 5140 4461 4452 4708 4426 4456 4346 4571 5187 4215 4388 4929 4352 4906 4827 5073 5091 4901 4727 4688 4992 4775 4523 4072 4861 4405 5348 4752 4673 5017 4566 4702 4466 4211 4452 4632 4772 4700 4242 4535 4573 4491 4941 4926 4984 4465 4523 4891 4756 4544 4790 4559 4190 4714 4859 4879 5132 4731 4059 4826 4779 4737 4437 4388 4481 4538 4379 4640 4304 4335 4883 4389
5161 5561 5177 5169 5185 5062 5364 5301 4840 5265 5291 5722 5162 5021 5442 5325 5361 5469 5238 5244 5394 5916 4911 5515 5557 5775 5172 5573 5151 5029 5680 5371 4845 5091 5322 4870 5796 5247 5016 5247 5170 5368 5577 5518 5379 4835 5403 5117 5138 5422 5590 5205 5386 5818 5172 5413 5310 5447 5286 5220 5081 5030 5318 4943 5110 5297 5271 5362 5329 5302 5146 5300 5582 5135 5102 5262 5727 5361 5434 5009 5398 5124 5188 5249 5122 5314 5149 5642 5176 5092 5186 4784 5291 5117 4951 5166 5102 5413 5346 5295 5736 5344 5662 5224 4937 5244 5517 5134 5244 5130 5131 4739 5089 4836 5444 5239 5209 4846 5222 5411 5214 5601 5014 5330 5567 5444 4918 5271 5917 4846 5050 5168 4794 4781 5028 5099 5418 5173 4933 5550 5015 5451 5570 5502 5329 5283 5078 5094 5293 5204 5084 4988 5272 5300 5606 5474 5430 5316 5454 5438 5459 4889 4929 5338 5002 5140 5206 5605 5131 4833 5448 5367 5219 5429 5303 5767 5272 5392 5298 5014 5139 5218 5076 5274 5430 5060 4626 5552 5217 5104 4622 5133 5013 4954 4848 4824 5315 5580 5257 4759
4972 5512 5386 4935 5363 5272 5461 5584 4823 4846 5509 5661 5266 5148 5486 5207 5632 5677 5236 5524 5657 5523 5507 5390 5315 5931 5245 5526 4928 5123 5452 5316 4952 4947 4941 5065 5827 5174 5309 4913 5079 5117 5312 5379 5590 5069 5352 4862 5089 5394 5717 5308 5338 5925 5127 5294 5261 5538 5442 5209 4903 4733 5272 4735 5137 5230 5162 5219 5273 5613 4875 5207 5342 4915 5319 5536 5826 5452 5610 4817 5246 5152 5146 5208 4903 5893 5039 5425 5289 5208 5082 4999 5685 5308 4833 5366 5203 5499 5168 5368 5805 5445 5491 5392 5039 5176 5277 5165 5152 5160 5189 4838 5137 5165 5539 5457 5268 4970 4983 5689 5271 5664 4782 5283 5373 5293 5207 5001 5858 5088 5257 5291 4881 5302 4845 5020 5500 5334 5084 5214 5236 5401 5227 5638 5552 5387 5223 5059 5708 5193 5240 4946 5075 4993 5715 5503 5072 5250 5129 5347 5529 4981 5095 5309 5436 5385 5190 5525 5171 5123 5787 5489 5401 4955 4914 5776 5530 5256 5491 5192 5252 5256 5333 5197 5470 5334 4610 5327 5229 5157 4999 5020 5073 5054 4875 5130 5072 5377 5570 4916
4420 5245 4764 4659 5101 5099 4923 4827 4550 4612 4936 5391 4973 4664 4926 4693 5199 5023 5004 5045 4795 4982 4833 5046 5092 5223 4723 5086 4688 4679 4874 4928 4674 4551 4627 4328 5130 4576 4986 4601 4832 4902 4928 4883 4965 4668 4703 4472 4460 4775 5202 4565 4932 5043 4454 4788 4585 4821 4937 5261 4586 4782 4914 4486 4714 4828 4740 4841 4686 5079 4483 4597 5057 4430 4862 4821 5446 4858 5001 4419 4980 4994 4520 4889 4602 5113 4531 4978 4858 5219 4764 4685 5208 4906 4281 4771 4681 4885 4696 4911 5054 4902 5181 4991 4282 4865 4924 4504 4713 4617 4733 4259 4557 4484 4823 4875 4546 4359 4562 4970 4804 5076 4489 5053 4890 5020 4653 4560 5261 4471 4783 4733 4537 4544 4268 4605 5091 4815 4719 4967 4705 5167 4630 5069 5017 4849 4713 4817 5173 4573 4787 4131 4700 4797 5098 4896 4747 4712 4671 4960 5313 4712 4716 4886 5022 4645 4559 4866 4934 4402 5228 5127 4745 4683 4422 5156 4964 4830 4983 4703 4775 4782 4878 4839 4918 4756 4257 5082 4687 4628 4463 4416 4546 4913 4539 4625 4602 4919 4910 4292
4826 5159 5057 5110 4904 5242 5050 5154 4665 4711 5061 5141 4801 4978 5335 5000 5298 5281 5098 5285 5408 5706 5083 5107 5109 5682 4747 5213 4713 5012 5430 5382 4710 4997 4881 4749 5466 5253 5116 4680 4638 5104 5325 5022 4979 4713 5224 4564 5040 5011 5265 5013 5100 5513 4923 5282 4786 5255 5357 5034 4510 4684 4936 4484 4909 5134 4922 4984 5091 5180 4810 4809 5286 4874 5020 5445 5412 5221 5170 4794 4773 4922 5094 5027 4943 5673 4750 5215 5081 5234 4993 4981 5463 5108 4490 4812 4658 5340 5198 5027 5470 5212 5438 5112 4694 5288 4859 4757 4808 4914 4631 4189 4619 4760 5399 5033 5015 4765 4670 5096 4971 5420 4562 4973 5495 4993 4768 5066 5619 4454 4693 5219 4723 4929 5151 4655 5272 4931 5015 5032 4905 4996 5108 5262 5270 5090 4832 4933 5112 4978 4851 4993 5266 5137 5322 5014 4804 5249 4975 5183 5221 4910 4650 5054 5027 5062 4869 5293 4869 4894 5547 5116 5396 4758 4952 5316 5245 4895 4783 4879 4869 5092 5036 4726 5298 4769 4505 5120 4656 5180 4718 4521 4674 4826 4879 4935 4695 4971 5067 4851
4605 5417 5018 4995 5059 4979 5067 5017 4491 4910 5307 5444 5060 5068 5272 4969 5378 5116 4960 5207 5106 5620 4963 5242 5323 5356 4885 5243 4494 4579 5165 5215 4596 4771 4605 4684 5470 4889 4831 4996 4659 5101 5088 5297 5250 4634 5038 4930 4773 5316 5132 5172 5098 5334 4720 4948 4873 5163 5134 5117 4963 4868 5001 4605 4694 5148 4890 5356 5295 5013 5093 4846 5092 4474 5026 5222 5484 5249 5022 4771 5231 5091 5044 4753 4504 5448 4886 4935 4911 5085 5191 4554 5306 4743 4496 5097 5228 5235 4887 5193 5311 5028 5222 5036 4733 5041 5021 4753 4885 4682 4844 4350 5011 4540 5061 5082 4655 4696 4596 5485 4966 5444 4704 5331 5223 5058 5029 4887 5588 4653 4660 5176 4592 4897 4606 4985 5422 5069 4986 5132 4721 5108 5023 5067 5202 5277 4649 4769 5568 4965 4596 4525 4989 4929 5633 5236 4716 5252 5034 4998 5296 4470 4800 5251 4937 4945 4778 5039 4701 4828 5362 5143 5113 4871 4827 5418 5145 5086 5225 4778 4953 4961 5024 4810 5053 5047 4538 5111 4719 4946 4584 4820 4808 4928 4599 4862 5050 4896 5294 4477
5208 5169 5393 5360 5314 5085 5259 5200 4861 5127 5443 5709 5274 5033 5262 5077 5618 5399 5318 5269 5647 5691 5259 5301 5351 5557 5212 5372 5092 5088 5319 5260 4794 4957 4674 4844 5600 5225 5029 4906 4843 5130 5340 5131 5111 5065 5133 4828 5042 5322 5212 5108 5020 5592 4814 5230 5050 5371 5166 5110 5003 4592 5328 4675 4927 4999 5010 4954 5209 5090 5026 4994 5381 4887 5384 5424 5466 5227 5609 4758 5168 5119 5352 5293 4761 5742 4983 5498 5487 5478 5188 5215 5579 5206 4682 4935 5153 5104 4850 5298 5537 5357 5526 5429 4877 5260 5155 4959 5123 5094 4792 4748 4751 4897 5382 5328 5176 4604 5051 5257 5258 5659 4882 5103 5253 5372 5233 5134 5918 4680 4918 5134 4712 5155 5083 5029 5510 5036 4787 5087 4872 5278 5253 5607 5457 5313 5225 4861 5500 5203 4634 4582 5387 5107 5507 5149 5287 5266 5135 5032 5259 4834 4913 5291 5141 5199 4942 5133 5040 5041 5396 5208 5623 5099 4868 5611 5413 5111 5294 4876 4935 5308 5661 5241 5409 5329 4647 5359 5117 5390 4647 4937 4903 4993 5191 5139 4967 5130 5334 4741
4634 5059 4869 4834 5008 5019 4910 4864 4350 4535 5107 5435 4770 4782 5005 4670 4901 5305 4923 5071 5175 5359 4999 4939 5039 5513 4824 4989 4679 4649 5007 5051 4513 4595 4898 4686 5173 4830 5069 4491 4537 5071 4966 4902 4775 4656 4910 4778 4662 4900 5034 5024 4884 5422 4587 5014 4965 4805 5104 4725 4921 4387 5139 4592 4599 4719 4581 4990 4942 5170 4552 4683 5147 4334 4823 5006 5459 4945 5115 4489 4882 4962 5031 4817 4360 5355 4515 5157 4969 5036 4845 4494 5225 4972 4483 4948 4883 4927 4785 5120 5161 5120 4932 5061 4452 5045 5297 4553 4917 4585 4697 4664 4705 4722 4871 4877 4882 4539 4730 5062 4737 5025 4520 4558 5053 5031 4898 4873 5460 4542 4683 4979 4462 4779 4493 4358 5289 4559 4734 5066 4555 5025 4804 5391 4863 4858 4656 4550 5265 4862 4695 4316 4568 4744 5534 5187 4634 5003 5053 4775 4849 4501 4458 4793 5214 4758 4626 4988 4778 4923 4932 5005 5072 4832 4454 5176 5032 4834 4999 4733 4735 4861 4979 4759 5166 5175 4300 5230 4778 4865 4614 4368 4539 4449 4648 4650 4643 4777 5081 4836
4908 5441 5180 5387 5126 5271 4993 5227 4622 4974 5423 5542 5026 5024 5281 4845 5066 5415 5039 5064 5258 5711 4794 5340 5208 5780 5221 5305 4987 4777 5185 5077 4630 4935 4865 4840 5319 5156 5009 4686 4855 5074 5296 5356 5173 4842 5396 4874 4874 5332 5067 4879 5069 5639 4584 5316 5181 5342 5222 5005 5049 4803 5237 4682 5125 4889 5022 5305 5244 5029 5127 5095 5418 4974 5161 5025 5742 5455 5160 4928 5104 5051 5249 5186 4859 5291 4719 5624 5186 5180 5103 4704 5455 4993 4759 5139 4988 5252 5173 5225 5358 5192 5398 5345 4898 5173 5274 5069 5003 5105 5117 4713 4865 4888 4964 5125 5093 4887 5090 5306 5084 5368 4926 5385 5489 5248 4985 4944 5546 4880 4901 5077 4800 5038 5106 4891 5235 4949 4746 5249 4653 5417 5175 5348 5326 5146 4727 4621 5550 5099 4714 5033 5210 5115 5436 4973 5058 5042 5032 5100 5107 4809 4890 5147 5164 4933 4878 4952 4765 4954 5119 5119 5314 4912 4904 5304 5166 5050 5020 4779 4985 4836 5283 5002 5392 5213 4671 5206 5016 5210 4711 4826 4830 5111 4877 4878 4772 5194 5358 4659
4818 5181 4981 4613 5080 5381 5239 5035 4637 4865 5276 5495 4950 4771 5443 4958 5154 5274 4990 5279 5109 5792 5018 5240 5034 5402 4910 5143 4813 4658 5324 5246 4761 4725 4651 4245 5380 4992 4849 4513 4864 4900 5324 5025 4870 4794 5160 4622 4783 5092 5285 4797 5104 5722 4791 5221 4706 5064 4789 4654 4708 4371 4850 4854 4815 5014 4539 5119 5409 5075 4648 4847 5223 4726 4857 5135 5414 4791 5189 4522 4847 4813 4899 5036 4800 5278 4504 4972 5179 5151 4940 4875 5075 5113 4708 5001 4815 5044 5125 5125 5336 5169 5293 5137 4771 4956 4938 4768 4961 4748 4633 4495 4906 4713 5263 5128 4644 4640 4788 5213 4770 5314 4483 4965 5396 5038 4594 4979 5690 4604 4627 4868 4818 4871 4669 4388 5257 4995 4965 5011 4743 5114 4880 5193 5247 5008 4834 4729 5372 4948 4710 4638 5109 4780 5516 5047 5043 5160 4969 4890 5150 4573 4707 4969 4952 5070 4606 4881 4703 4665 5115 4965 5055 4759 4789 5351 5241 5018 5032 4990 4725 4940 5161 5059 5633 5071 4602 5001 5187 5274 4579 4589 4760 4778 4949 4999 4745 5078 5261 4663
5262 5762 5613 5263 5593 5584 5579 5449 4955 5136 5576 5929 5282 5189 5411 5288 5585 5529 5494 5510 5691 5967 5399 5392 5575 5735 5586 5561 5459 5313 5696 5761 5002 4940 5157 5094 5795 5827 5507 5138 5160 5526 5432 5689 5292 5239 5328 5243 5416 5715 5826 5458 5496 5989 5073 5257 5535 5559 5424 5601 5693 5037 5655 4850 5132 5367 5207 5379 5381 5559 5324 5436 5486 5196 5436 5376 5994 5594 5889 5242 5527 5681 5464 5460 5127 6218 5053 5761 5591 5600 5065 5415 5835 5412 4983 5554 5328 5782 5469 5745 5997 5497 5760 5494 5189 5591 5573 5447 5219 5339 5503 5203 5062 5106 5844 5402 5453 4752 5090 5579 5325 5703 5134 5635 5881 5441 5175 5317 6125 5315 5215 5608 5236 5291 5113 5337 5825 5387 5211 5744 5181 5668 5183 5628 5759 5777 4930 5173 5596 5353 5112 5104 5795 5387 5830 5573 5186 5588 5408 5276 5545 5106 5279 5578 5538 5442 5130 5641 5365 5360 5721 5334 5933 5341 5199 5764 5505 5191 5732 5424 5376 5395 5547 5221 5715 5596 4808 5596 5390 5380 4976 5193 5047 5406 5520 5234 5315 5539 5813 5048
4951 5611 5171 4952 5223 5201 5256 5583 4954 5004 5472 5843 5277 5054 5365 5113 5238 5396 5440 5551 5312 5638 5185 5616 5540 5643 5294 5452 4889 5215 5591 5392 4813 4912 5386 4751 5662 5349 5222 5032 5201 5453 5391 5227 5234 5018 5168 5011 5249 5331 5388 4995 5426 5807 5190 5130 4858 5487 5477 5198 5119 5057 5465 5124 4899 4952 4980 5282 5419 5228 5034 4952 5360 5008 5106 5175 5904 5231 5610 4746 5390 5315 5161 5002 4913 5675 4773 5192 5447 5710 4956 4840 5624 5288 4939 5190 5330 5263 5147 5178 5453 5143 5673 5314 4730 5174 5493 5171 5135 4781 4882 4632 4704 5008 5540 5446 5254 4776 4690 5391 5192 5516 5016 5234 5405 5663 4982 5342 5987 5130 4992 5195 4792 4753 4704 4918 5563 5074 5186 5375 4734 5213 5382 5667 5527 5569 4796 5052 5521 5367 5168 4525 5337 4869 5503 5323 5195 5624 5032 5338 5233 4865 5057 5194 5274 4862 5096 5398 5393 5052 5458 5206 5285 4897 5238 5452 5290 4938 5471 5234 5401 5244 5364 5234 5311 5278 4706 5434 5311 5319 4841 4913 4983 5194 5083 5013 5133 5406 5559 5004
4691 5371 5221 4866 5136 5041 4879 5035 4536 4805 5393 5654 4872 4853 4949 4884 5111 4992 5231 5241 5104 5553 4820 5242 5305 5484 4660 5286 4675 4970 5203 5510 4655 4772 5177 4630 5501 5085 4870 4794 4883 5247 5140 4874 5041 4993 4797 4629 4955 5155 5468 5145 5181 5261 4499 4920 4930 5394 5118 5200 4749 4522 4951 4472 4676 4862 4598 5049 5153 5464 5041 4622 5179 4810 5038 5469 5652 4827 5544 4655 5023 4815 5364 4904 4693 5381 5003 5132 5229 5308 5033 4836 5631 5111 4840 4880 5083 5456 4930 5196 5107 5061 5201 4876 4890 5061 5144 4833 4981 4622 4578 4808 5042 4830 5236 5211 4774 4654 4586 5312 5277 5367 4712 5130 4983 5117 4823 5093 5549 4585 4863 5098 4839 4830 4868 4561 5327 4874 5097 5122 4750 5205 5166 5205 5234 5302 4948 4855 5318 4885 4588 4423 5098 4824 5286 5241 4957 5246 5125 4926 5248 4802 4813 5233 5364 5075 4657 4923 5023 5067 5311 5096 5073 4796 4996 5304 5050 5127 5450 5213 5157 5147 5069 4954 5175 5272 4729 5001 5058 5113 4689 4739 4683 4901 5027 5155 5145 4869 5354 4586
4389 5032 4708 4555 4832 4906 4823 4713 4265 4773 5165 5112 4877 4883 4854 4630 4766 4966 4910 4741 4986 5529 4647 4903 4830 5160 4582 5138 4570 4532 5220 5143 4452 4496 4695 4442 5285 4853 4662 4552 4807 5027 4490 4748 4902 4473 4776 4562 4643 4992 4890 4846 4719 5182 4509 4883 4682 4980 5117 4675 4817 4388 5075 4480 4536 4473 4663 4677 5112 5044 4840 4788 5108 4763 4601 5008 5310 5001 5033 4506 4849 4944 4736 4454 4710 5302 4567 4855 4978 4916 4910 4269 5335 4716 4658 4882 4863 5137 4802 4989 4759 4999 5003 4939 4431 4874 4766 4618 4905 4575 4493 4351 4692 4599 5042 5008 4695 4509 4674 4946 4639 5091 4550 4888 4890 4902 4727 4752 5279 4288 4712 4694 4543 4414 4492 4459 5060 4525 4757 5103 4394 4849 4931 5213 4912 4856 4438 4598 5020 4762 4697 4413 4787 4519 5064 4839 4717 5028 4711 4895 4900 4416 4316 5043 4864 4738 4657 4884 4837 4402 4932 4830 4961 4579 4596 5004 4941 4831 4878 4807 4662 4641 4608 4864 4873 4694 4338 4968 4764 4955 4534 4859 4459 4738 4740 4429 4608 4971 5035 4650
5180 5714 5477 5274 5386 5450 5645 5543 4875 5439 5543 5878 5479 5304 5587 5232 5728 5795 5349 5404 5534 5969 5434 5442 5556 6091 5263 5663 5069 5111 5463 5567 4967 5127 4725 4959 5840 5130 5528 5159 5292 5539 5538 5344 5768 5063 5133 4909 5296 5563 5397 5544 5247 5834 5208 5179 4986 5630 5612 5310 5424 5242 5629 5245 5120 5469 5086 5204 5394 5442 5238 5214 5783 5121 5336 5391 5883 5477 5765 5220 5507 5514 5182 5442 5098 6132 5254 5812 5512 5665 5489 5116 5790 5360 4950 5435 5310 5868 5328 5877 5737 5499 5776 5665 4742 5520 5441 5320 5442 5328 5359 5061 5043 5207 5470 5535 5296 5258 5387 5586 5309 5692 5038 5578 5689 5627 5460 5058 6033 4798 5208 5542 4953 5062 4969 5261 5614 5449 5264 5645 4953 5784 5419 5942 5609 5348 5236 5501 5820 5432 5105 4693 5588 5147 5728 5242 5256 5658 5576 5724 5583 4905 4850 5646 5580 5020 5279 5453 5435 5007 5706 5617 5555 5356 5034 5895 5595 5255 5526 5425 5432 5314 5580 5530 5466 5717 4808 5798 5756 5197 4977 5072 4939 5679 5164 5299 5033 5330 5892 4958
4902 5531 5204 5046 5003 5068 5236 5221 4735 4793 5143 5541 5106 4833 5100 4749 5482 5287 5228 5228 5303 5694 4803 5161 5306 5714 4966 5528 4729 4796 5198 5436 4672 5029 4849 4681 5678 5395 5159 4786 4692 5072 5399 5039 5172 4693 5289 5164 5061 5345 5320 5048 5263 5468 4837 4965 5028 5085 5204 4905 4917 4791 5352 4839 4961 5103 5077 4939 5315 5357 4955 4643 5539 5000 5033 5205 5630 5490 5491 4765 5158 4986 5416 5204 4891 5782 5079 5388 5304 5477 4898 4915 5435 5067 4770 5143 4798 5499 5180 5033 5566 5572 5331 5024 4820 5189 5222 4960 5319 4921 4898 4475 4851 5076 5080 5264 4963 4730 4812 5108 5275 5378 4595 5040 5613 5395 5066 5055 5700 4613 4584 5219 4893 4860 5072 4858 5463 4998 5211 5305 4992 5026 5156 5364 5434 5420 4935 4894 5278 5036 4806 4475 5457 5089 5596 5141 5129 5136 5030 5163 5353 4739 4687 5302 5036 5413 4972 5194 5013 4789 5399 4999 5302 4795 5119 5724 5255 5213 5324 4716 4742 4951 5011 5180 5390 5172 4670 5249 4880 5181 4847 4982 4755 4799 4967 4703 5018 5252 5291 4502
4687 5017 4874 4811 4918 5208 4812 5022 4284 4630 5134 4867 4792 4735 5024 4822 4953 5151 4815 4854 4898 5299 4740 4847 5341 5350 4674 4955 4451 4409 5047 4884 4486 4643 4586 4597 5171 5044 4729 4469 4661 5035 4860 5002 5025 4748 4677 4464 4584 4935 5190 4793 4992 5193 4550 4943 4648 4977 4856 4796 4948 4479 4717 4693 4577 4645 4545 4740 5107 4875 4679 4556 4847 4697 4848 4959 5295 4896 5163 4611 4840 4774 4801 4646 4482 5158 4733 5117 5083 5041 5010 4474 5194 4978 4518 4628 4778 5080 4986 4821 5238 4952 4970 5046 4479 4883 4820 4338 5003 4644 4308 4366 4635 4603 4974 4764 4702 4253 4601 4986 5153 5002 4613 4773 5056 5081 4984 4941 5486 4453 4608 4753 4528 4479 4541 4463 5410 4713 4654 4884 4509 4989 4740 5339 4902 4951 4595 4593 5313 4689 4616 4257 5059 4695 5385 4867 4556 4788 5086 4772 4877 4450 4449 4858 4720 4663 4613 4913 4612 4524 4889 5027 4960 4838 4713 4978 4688 4657 4840 4800 4678 4983 4769 4816 5219 4757 4486 5056 4780 5011 4661 4453 4682 4742 4772 4619 4571 4715 4969 4478
4786 5385 5177 5067 4899 5147 5051 4861 4661 5028 5227 5416 4900 5229 5156 4892 5234 5145 5171 5240 5223 5564 5280 5376 5456 5462 4951 5372 4920 4969 5407 5107 4558 4650 5008 4808 5368 5092 5273 4953 4793 5067 5272 5007 5154 4690 4963 5226 4842 5275 4996 4975 5296 5524 4795 4936 4898 5338 5464 5069 4876 4736 4963 4485 4954 4742 4704 5213 5182 5315 4807 4573 5351 4840 4787 5128 5572 5277 5591 4783 5111 5140 4981 5067 4937 5498 4621 5108 5052 5315 5133 4888 5407 5209 4619 5037 5017 4999 5163 5378 5304 5128 5387 4826 4868 5150 5307 5081 4930 4724 4867 4320 5002 4707 5222 5153 4860 4570 4920 5412 4943 5433 4593 4947 5712 5397 4865 5032 5672 4729 4810 5265 4820 4452 4786 4707 5351 4685 4793 5237 4732 5443 5326 5440 5357 5326 4807 4865 5181 5064 4840 4887 4990 5086 5463 5303 5112 5308 5054 4931 5275 4831 5060 5320 5149 5071 4920 5166 5020 4858 5486 4966 5217 4925 4839 5391 5103 5058 5307 5134 4943 5362 4866 5172 5420 4872 4557 5304 5114 5290 4715 5034 4570 5025 4887 4741 4887 4969 4919 4638
4915 5335 5312 4763 5078 5193 4994 4943 4526 5021 5120 5321 4775 4823 5150 4925 5219 4984 4893 4749 5031 5650 4861 5262 5229 5321 4653 5512 4838 5014 5230 5145 4690 4850 4640 4466 5316 5137 4999 4480 4842 5069 4873 5106 5266 4633 4994 4502 5039 5297 5420 5138 4972 5482 4662 5163 4641 5288 5041 5042 4715 4784 5035 4791 4939 5257 4687 4898 4969 5307 4746 4942 5312 4835 5048 5059 5652 5042 5480 4821 5140 4838 4899 5038 4825 5470 4590 5379 5160 5037 4887 4929 5409 5128 4678 5306 4861 5261 5001 5152 5268 5143 5487 5009 4719 5003 5153 5030 5054 4955 4857 4392 4690 4809 4849 5207 5022 4662 4655 5309 5070 5509 4729 5128 4881 5170 4620 4650 5424 4621 4853 4950 4739 4730 4937 4626 5197 4729 5041 5305 4579 5298 5129 5113 5011 4946 5064 4570 5330 5007 4656 4705 5056 4775 5323 4891 4781 5271 5130 5263 4924 4762 4753 5070 5102 4917 4899 5077 5021 4666 5265 5371 5352 4625 5087 5253 5354 4747 5173 5164 4563 4790 4805 4835 4997 4952 4528 5101 4973 5248 4598 4628 4615 4753 4722 4856 4523 5048 5091 4506
5090 5659 5258 4878 5169 5236 5169 5262 4755 5070 5418 5605 5094 4951 5321 5016 5424 5533 5405 5335 5264 5848 5150 5396 5500 5493 5076 5413 5078 4617 5357 5352 4691 4789 4939 4679 5507 5042 5153 4869 4560 5339 5098 5017 5112 5030 5014 4838 4946 5470 5229 4986 5147 5738 4948 5011 5196 5629 5212 5139 4947 4673 5344 5018 5004 5466 5155 5282 5661 5142 4901 5079 5209 4940 4998 5079 5608 5509 5341 4719 5142 5152 5067 5190 4829 5628 4915 5273 5114 5329 5312 5062 5539 5477 4826 5079 4967 5284 5213 5351 5675 5432 5270 5384 4748 5290 5145 5054 5169 4710 5004 4767 4778 4941 5145 5272 5018 4782 4917 5040 5329 5466 4732 5286 5534 5391 4967 5001 5592 5096 4896 5184 4956 5052 4792 4805 5548 4833 5107 5407 4990 5330 5524 5465 5173 5161 4850 4836 5579 5087 4939 4571 5254 5210 5717 5132 4996 5329 5270 5097 5541 4825 4902 5269 5296 5163 4658 5193 4952 4711 5139 5214 5082 5084 4836 5730 5475 5279 4900 5209 4745 5096 5253 5259 5529 5406 4786 5299 5129 5622 4825 4876 4804 4975 4965 5142 5011 5231 5376 4802
5290 5419 5303 5020 5143 5005 5115 5092 4653 5152 5332 5581 5173 4842 5259 4787 5371 5088 5186 5367 5396 5556 5121 5321 5347 5301 4812 5170 4599 5099 5278 5345 4938 4965 5011 4598 5462 5118 5357 4920 4852 5264 5048 5182 5051 4915 4851 4712 4579 5278 5304 4865 5077 5483 4790 5147 5112 5274 5391 5083 4973 4872 4999 4796 4871 4974 4984 4985 5307 5283 4770 4888 5443 5024 5060 5291 5569 5335 5269 4648 5223 5230 5263 4867 5077 5645 4692 5301 5234 5353 5143 5180 5671 5102 4558 5117 4840 5180 5135 4999 5404 5275 5431 5102 4884 5091 5301 4805 4904 5023 4907 5046 4779 4613 5208 5555 5027 4864 4893 5156 5218 5531 4826 5006 5358 5172 5096 4870 5453 4784 4867 5291 4917 5054 5061 4909 5605 4849 4945 5238 4727 5289 5223 5626 5284 5415 5218 4740 5430 5181 5015 4754 5043 5001 5409 5110 5121 5377 5242 5038 5281 4659 4738 4950 5139 5034 4987 5185 5012 5016 5511 5240 5463 4768 4801 5509 5237 4861 5301 5012 4868 5091 5422 5056 5338 4871 4735 5462 5328 5234 4770 4966 5026 4915 4823 4799 4923 5221 5261 4893
4675 5221 5069 4748 4906 4945 4976 4931 4302 4717 5144 5517 4779 4676 4872 4388 4928 5179 4937 5312 4918 5318 4846 5071 5172 5286 4865 5103 4524 4558 5173 4891 4485 4611 4777 4472 5444 4870 4793 4805 4746 4913 5047 4987 4749 4625 5082 4562 4408 4832 5053 4682 4734 5429 4607 4793 4781 4814 4995 4861 4767 4602 4768 4510 4387 4626 4872 4988 4964 4907 4585 4927 5149 4590 4619 5034 5368 5076 5098 4612 5021 5091 5039 4892 4655 5331 4533 5134 4838 5100 4896 4271 5336 4699 4659 4639 4862 5022 4902 5164 5352 4952 5210 5148 4767 4831 5020 4744 4631 4845 4811 4532 4631 4620 4879 5257 4622 4597 4687 4934 4833 5030 4577 4734 5195 5074 4787 4860 5556 4236 4676 4883 4706 4569 4526 4588 5249 4821 4734 5050 4511 4935 4963 5222 5211 5068 4488 4760 5128 4872 4595 4593 4863 4790 5212 4767 4875 4963 4670 4739 4941 4392 4782 4848 4865 4688 4917 4677 4800 4558 4918 4981 5030 4864 4569 5310 5108 4743 4713 4644 4825 4562 4989 4835 5090 4932 4287 5070 4967 5113 4844 4640 4753 4751 4823 4585 4759 4887 4995 4787
4764 5049 5214 4814 4987 4941 4822 5340 4424 4851 5172 5480 4849 4547 5094 4845 5205 4870 4927 4886 5205 5152 4517 5064 5141 5438 4865 5106 4444 4719 5089 5225 4684 4597 4739 4662 5355 4991 5010 4569 4589 4979 5093 4807 5219 4697 5001 4657 4804 4849 4944 4846 4935 5216 4659 4864 4819 5054 5046 4828 4649 4518 4881 4380 4617 4936 4708 4835 5030 4911 4579 4723 5361 4876 4775 5068 5122 5039 5051 4751 4867 4938 5042 4857 4679 5342 4358 5250 4869 5142 4868 4891 5394 4868 4311 4907 4639 4938 4819 4829 5202 5014 5272 4755 4893 4881 4902 5064 4615 4530 4494 4400 4496 4852 5222 5238 4794 4489 4783 4947 4934 5430 4488 5195 5211 5202 4715 4605 5606 4396 4571 4988 4668 4516 4718 4775 5205 4904 4695 4881 4771 5265 5102 4808 5059 4648 4742 4503 5086 4984 4485 4460 5073 5009 5374 5070 4715 4847 4721 4912 4848 4529 4347 5192 4738 4710 4819 5010 4642 4610 5255 4845 4902 4607 4938 5027 4957 4678 5159 4640 4743 4777 5113 4913 4820 4854 4353 4888 4815 5127 4447 4854 4551 4700 4785 4842 4769 4940 5078 4477
4996 5274 5167 5176 5150 5349 5164 5369 4684 5094 5358 5454 5200 5129 5467 5031 5360 5509 5062 5395 5478 5850 5273 5452 5299 5834 4851 5554 4952 5051 5550 5411 4725 5042 5263 4822 5743 5389 5332 4979 4966 5205 5616 5435 5320 5113 5283 4879 4957 5413 5550 5236 5419 5794 4914 5240 5230 5183 5357 5389 5009 4877 5225 4920 4888 5250 4900 5221 5383 5491 5017 5011 5542 5200 5095 5511 5600 5357 5693 4954 5163 5225 5437 5175 5189 5530 4896 5237 5390 5341 5030 5196 5583 5251 4870 5337 5041 5301 5264 5227 5831 5513 5285 5262 4837 5584 5269 4837 5108 4851 4857 4645 4624 4987 5289 5438 5246 4962 4897 5635 4955 5574 4963 5129 5381 5448 5023 5055 5584 4826 4838 5249 5069 5031 5036 4970 5687 4971 5130 5476 5076 5254 5378 5514 5461 5312 5152 4890 5491 5357 5334 4812 5242 5127 5507 5393 5199 5394 5165 5388 5321 4745 4738 5126 5298 5261 5047 5648 4840 4971 5251 5378 5631 4955 5103 5581 5269 4894 5155 5049 5095 5282 5347 5086 5351 5196 4764 5086 5163 5362 5123 5104 4975 4919 4863 4934 5075 5047 5258 4638
5136 5552 5167 4784 5292 5382 5232 5071 4291 4874 5438 5533 4906 4934 5286 4923 5338 5617 5069 5348 5304 5740 4981 5385 5494 5476 4825 5283 4917 4730 4855 5559 4860 4844 4855 4734 5497 5280 5196 4929 4700 5134 5272 5052 5267 5028 4899 4915 5011 4967 5509 4851 5061 5595 4679 5020 4938 5181 5283 4931 4806 4972 5391 4880 4683 5032 5152 5029 5103 5362 4844 4844 5317 4775 4961 5388 5474 5232 5482 4812 5246 5052 5259 5081 4783 5935 4816 5297 5112 5553 5173 4840 5522 4900 4821 5224 5099 5550 5286 5317 5453 5249 5366 5485 4689 5398 5215 5136 4991 5005 4871 4525 4737 4950 5005 5401 5028 4710 4636 5197 5135 5495 4821 5131 5282 5098 5028 5031 5683 4775 4892 5104 4701 4961 4863 4947 5489 5171 5083 5340 4824 5600 5222 5596 5308 5297 4965 4975 5318 5139 4735 5067 5114 4965 5353 5245 5156 5109 4874 5258 5148 4866 4782 5059 5437 5043 4987 5201 4797 5021 5358 5333 5216 4800 5048 5419 5287 5342 5252 4641 4925 4719 5402 5217 5419 5218 4760 5412 5055 5121 4608 4778 4516 5216 5105 5344 4786 5243 5333 4537
5019 5142 4991 4568 4878 5109 4966 4876 4567 4856 5193 5427 4698 4360 4784 4540 4827 5284 4780 4922 5227 5161 4727 5402 5115 5233 4657 4991 4804 4528 4875 5353 4596 4674 4951 4441 5138 5378 4917 4943 4874 4917 4971 4516 4854 4797 4907 4724 4723 5016 5244 4865 4709 5305 4535 4605 4863 4903 5101 4863 5068 4260 4958 4480 4614 4544 4609 5027 5077 5365 4869 4709 5301 4690 4777 4956 5460 4922 5336 4444 5016 5051 5039 5040 4581 5309 4618 5304 5083 4969 4950 4891 5437 4915 4519 4736 4875 5228 4836 4987 5098 4962 5163 4857 4915 4954 5280 4342 5001 4806 4594 4625 4811 4721 4995 5189 4697 4570 5047 5220 4856 5128 4622 4937 5250 5287 4930 5007 5374 4667 4727 4823 4746 4602 4558 4306 5342 4960 5053 4963 4498 5301 4979 5071 5004 5009 5155 4683 5273 4957 4769 4618 4856 4707 5332 5209 4899 5163 5156 4700 5055 4704 4664 5012 5127 4816 4731 5056 4643 4871 5168 5053 4869 4742 4745 5094 4882 4928 5050 4564 4804 4913 5121 4782 5420 5028 4458 5363 4999 5050 4794 4508 4585 4741 4669 4855 5054 4996 5018 4522
4861 5021 4872 4895 4784 4735 5026 5126 4249 4754 5185 5385 4834 4629 4925 4869 5357 5267 5124 4977 5016 5433 4739 5182 5000 5475 4607 5126 4679 4776 4900 5072 4454 4506 4603 4308 5447 4758 4963 4849 4918 4849 5023 4645 5004 4753 4898 4751 5068 5153 5161 4892 5029 5398 4660 5079 4774 4955 5262 5161 4397 4649 5099 4546 4624 4983 4546 4835 4777 5147 4888 4514 4974 4832 4855 5148 5321 4825 5088 4474 4945 4813 5014 4946 4944 5211 4545 5030 4978 4875 5052 4788 5133 4853 4351 5044 4742 5277 4684 4783 5154 5082 5228 4908 4775 4837 4947 4761 4987 4562 4341 4484 4796 4716 4979 5035 4690 4535 4561 4976 5085 5116 4359 4936 5028 5159 4716 4929 5557 4400 4520 4838 4766 4548 4653 4650 5346 4915 4859 4895 4639 5295 5011 4836 5187 5092 4671 4387 5093 4982 4660 4562 5230 5052 5322 5090 4939 5174 4939 4890 5392 4662 4446 5313 4895 5074 4814 5315 4893 4753 5346 4808 4903 4805 4717 5259 5108 4829 4960 4922 4796 4950 4795 5018 5333 4798 4501 4995 4818 4893 4376 4741 4875 4673 4684 4786 4931 5095 4844 4370
4782 5752 5493 5448 5534 5536 5212 5613 4823 5175 5768 5669 5270 5046 5449 5163 5383 5528 5431 5475 5752 6048 5406 5513 5724 5852 5101 5561 5012 4961 5541 5541 4846 4892 5016 4702 5773 5461 5283 4905 4870 5464 5567 5274 5355 5086 5241 5133 5173 5652 5646 5171 5363 5799 5009 5396 5295 5422 5494 5558 5112 4972 5297 4855 4980 5367 5238 5609 5636 5348 4996 5050 5579 5080 5115 5532 6011 5363 5442 5140 5156 5291 5426 5338 4981 5803 5081 5541 5288 5438 5230 5063 5781 5460 5204 5463 5343 5847 5087 5487 5604 5523 5670 5431 4969 5334 5269 5082 5512 4928 5301 4675 4818 4999 5583 5877 5266 4770 4791 5512 5438 5591 5216 5565 5461 5259 5294 5335 6065 4892 5086 5295 4948 5243 5023 5310 5746 4895 5107 5567 4949 5330 5288 5612 5315 5463 5225 5240 5943 5068 4902 4718 5174 5456 5733 5302 5214 5669 5214 5179 5719 5053 5303 5701 5258 5103 4994 5306 5198 5160 5631 5632 5426 5373 4885 5618 5342 4954 5243 5137 5077 5065 5593 5267 5480 5443 4757 5319 5236 5464 4993 4919 5208 5286 5138 5509 5239 5370 5690 5135
4422 5347 4625 4670 4732 4943 4662 4927 4389 4683 4880 5310 4764 4411 4750 4476 4996 5000 4964 4685 4682 4994 4502 4750 5166 5233 4701 4873 4508 4598 5100 5152 4258 4560 4434 4371 5046 4563 4792 4531 4762 4913 4754 4838 5141 4483 4714 4294 4770 4585 4904 4873 4772 5122 4459 4780 4663 4810 4836 4901 4649 4308 4620 4340 4398 4800 4413 4719 4532 4861 4560 4732 5038 4388 4772 4936 5248 4898 4657 4650 4937 4746 4654 4679 4538 5123 4454 4863 4735 4887 4879 4639 5199 4964 4373 4872 4489 5021 4834 5094 4927 4691 4978 4804 4426 4798 5023 4660 5067 4477 4478 4326 4651 4480 4977 4998 4575 4415 4704 4927 4850 5032 4607 5042 4835 5023 4706 4567 5170 4355 4819 4775 4627 4678 4387 4511 4915 4871 4591 4779 4507 4627 4773 5142 4711 4725 4664 4472 5094 4484 4601 4113 4903 4648 5092 4867 4577 4905 4746 4732 4973 4218 4558 4771 4917 4677 4616 4928 4797 4397 5017 4925 4728 4588 4328 4885 5143 4638 4778 4558 4726 4775 4689 4580 4693 4765 4591 5219 4748 4522 4304 4759 4438 4618 4717 4482 4501 4812 5000 4434
5418 6136 5408 5668 5417 5785 5709 5763 4933 5249 5458 5762 5530 4903 5385 5069 5557 5678 5408 5956 5625 5893 5268 5647 5744 5907 5128 5859 5157 5093 5873 5559 5038 5055 5428 4941 6023 5348 5593 5019 5212 5621 5814 5556 5494 5107 5503 5111 5112 5606 5640 5309 5569 5821 5238 5526 5175 5624 5433 5351 5213 5321 5437 5380 5418 5355 5311 5447 5631 5547 5278 5269 5785 5195 5260 5480 6088 5890 5855 4917 5270 5541 5504 5529 5200 5975 5053 5744 5622 5649 5259 5302 5787 5627 5178 5432 5192 5428 5486 5503 5784 5716 5607 5598 5383 5492 5520 5226 5379 5232 5178 4711 5032 5440 5382 5366 5136 5216 5298 5504 5463 5572 5093 5349 5702 5715 5310 5314 5953 5082 5019 5691 5103 5279 5041 5369 5772 5153 5265 5713 5126 5608 5490 5752 5598 5508 5274 5197 5684 5563 5386 4933 5558 5376 5955 5463 5275 5844 5234 5306 5558 5131 5201 5386 5353 5139 4927 5548 5160 5281 5638 5840 5597 5105 5395 5920 5679 5556 5335 5390 5149 5269 5754 5198 5755 5428 4801 5434 5216 5616 5161 5438 5189 5127 5122 5324 5240 5466 5571 4988
4469 4807 4637 4279 4657 4739 4705 4974 4299 4425 4581 4912 4666 4299 4903 4393 4944 4781 4865 4565 4755 5063 4451 4763 4656 5070 4625 4857 4358 4596 4803 4783 4280 4316 4222 4358 5032 4588 4599 4469 4630 4506 4866 4713 4923 4202 4814 4650 4440 4654 4843 4394 4826 5097 4569 4539 4480 4805 4570 4432 4330 4309 4283 4368 4488 4595 4360 4751 4718 4723 4438 4400 4864 4486 4428 4769 4911 4945 5034 4390 4692 4395 4759 4677 4273 5031 4227 4727 4498 4719 4584 4432 4802 4632 4211 4464 4497 4963 4588 4389 5158 4927 5042 4723 4404 4488 4577 4512 4385 4423 4177 4014 4375 4577 4844 4920 4336 4097 4531 4734 4682 5158 4287 4741 4804 4899 4644 4620 5211 4178 4399 4516 4341 4375 4420 4216 4906 4531 4129 4820 4475 4737 4965 4999 4971 4809 4625 4384 4737 4651 4680 4234 4691 4688 5030 4700 4483 4804 4536 4592 4729 4041 4344 4871 4537 4744 4412 4843 4552 4401 4897 4913 4754 4530 4467 4884 4967 4792 4716 4636 4420 4624 4803 4544 4833 4472 4336 4861 4370 4627 3983 4552 4367 4489 4613 4464 4488 4596 4738 4300
5344 5764 5691 5386 5686 5386 5440 5715 4792 5313 5553 6047 5148 5185 5356 5387 5609 5699 5402 5703 5777 5932 5055 5564 5691 5748 5089 5358 5167 5126 5411 5621 5034 4959 5359 5097 5773 5376 5266 5158 5052 5240 5460 5535 5157 5036 5444 5297 4889 5727 5830 5184 5447 5744 4964 5405 5441 5719 5549 5418 5157 5030 5272 5037 5198 4936 5114 5468 5334 5451 5168 5502 5821 5438 5380 5354 6245 5411 5790 5176 5751 5420 5427 5458 5403 5578 4963 5705 5625 5696 5504 5163 5694 5485 4978 5393 5490 5695 5617 5585 6090 5481 5578 5495 5180 5448 5633 5190 5409 5101 5006 4668 4932 5101 5287 5814 4920 4858 5032 5425 5238 5737 5124 5470 5742 5704 4932 5260 5992 5057 5033 5415 5242 5097 5084 5182 5877 5322 5234 5861 5198 5754 5395 5790 5975 5522 5082 5244 5577 5475 4918 4969 5387 5361 5706 5508 5514 5648 5383 5298 5831 4950 5230 5293 5342 5285 5086 5519 5075 5476 5455 5692 5721 5101 5222 5749 5354 5175 5555 5322 5078 5250 5697 5426 5881 5337 4798 5589 5613 5527 4908 5085 5380 5215 5285 5311 5046 5412 5530 4978
4929 5308 5084 4850 4879 5074 5140 5198 4565 4926 5174 5325 4992 5090 5261 4834 5232 4904 5188 5094 5238 5619 4977 5271 5049 5720 4899 5262 4651 4871 5166 5140 4499 4790 4889 4644 5492 5166 5244 4687 4831 5082 5271 5184 5199 4653 5045 4472 4829 5281 4810 5102 4898 5477 4851 5117 4761 5189 5098 4948 4971 4788 5018 4858 4941 4978 4896 5085 5215 4973 4619 4773 5287 4542 5146 4912 5514 5119 5380 4786 5174 4787 4925 5167 4600 5432 5056 5399 5215 5004 4939 4968 5363 5180 4652 4955 4930 5140 4816 4937 5374 5328 5326 5225 4778 5200 5204 4747 5092 4765 4963 4575 4775 4871 5235 5262 5252 4697 4946 5048 4873 5271 4762 4951 5062 5189 4790 5048 5730 4861 4709 4972 4835 4778 4613 4773 5276 4932 4813 5062 4836 4981 5147 5163 5530 5204 4570 4791 5316 4960 4681 4680 5257 4757 5202 5079 4940 5183 4952 5122 5038 4536 4854 4904 4968 5127 4875 5238 4928 4734 5229 4869 5402 4754 4860 5098 5322 4765 5292 5159 4812 4872 5314 4998 5250 5120 4654 5176 4963 5054 4451 4660 4880 4712 4884 4819 4857 4890 5348 4737
5332 5708 5592 5341 5382 5544 5714 5663 4475 5141 5435 5867 5430 5151 5337 5315 5748 5650 5482 5442 5605 6061 5227 5750 5774 5990 5356 5803 5109 4838 5765 5621 5035 5202 5361 4852 5887 5797 5433 5077 5096 5573 5669 5426 5607 5200 5441 5251 5302 5278 5840 5162 5543 5892 5184 5225 5219 5361 5590 5144 5004 4733 5573 5150 5086 5259 5231 5296 5426 5230 5249 5435 5642 5343 5138 5652 5719 5529 5593 5261 5499 5627 5404 5457 5339 5809 4956 5568 5364 5549 5242 4892 5737 5326 5141 5464 5331 5617 5185 5346 5659 5426 5724 5374 5133 5410 5364 5191 5471 5291 5133 4782 5265 5274 5802 5358 5313 4939 5282 5472 5542 5742 5254 5442 5714 5443 5347 5445 6098 4778 5230 5346 4953 4866 4997 5226 5802 5327 5255 5668 4907 5393 5574 5730 5438 5497 5092 5241 5710 5490 5255 5043 5489 5379 5956 5280 5230 5611 5313 5598 5320 5005 4972 5659 5376 5324 5192 5537 5443 5242 5677 5577 5568 5136 5125 5778 5556 5329 5321 5408 5197 5163 5212 5259 5679 5304 4774 5520 5322 5415 5150 5257 5084 5217 5061 5102 5194 5543 5659 5057
4871 5375 5178 5090 5288 5335 5132 5306 4598 4774 5571 5219 5000 4788 4971 4742 5192 5238 5108 5096 4981 5585 4927 5125 5404 5618 4929 5285 5189 4728 5368 5238 4694 4710 4785 4532 5465 5130 4976 4552 4672 5221 4983 4879 5092 4975 5240 4733 5034 5148 5607 5056 4993 5455 4761 5395 4697 5376 4921 4957 4759 4890 5072 4686 4837 5005 4719 5058 5241 5409 4703 5024 5021 4928 4986 5283 5379 5141 5372 4711 4938 4872 5217 5187 4565 5469 4749 5180 5041 4987 5058 4544 5662 4982 4583 5153 5044 5341 4972 5057 5208 5084 5406 5205 4709 5144 4872 4827 5288 4953 4907 4579 4789 4776 4934 5276 4984 4523 4599 5268 5305 5156 4986 5262 5050 5271 5054 4989 5593 4756 4912 5082 4744 4957 4798 4794 5220 4796 4976 5102 4757 5295 5046 5312 5029 5120 4883 4585 5465 5092 4660 4582 5086 5039 5742 5160 4719 5200 5182 5084 5233 4765 4708 5033 5283 5266 4647 5027 4820 4880 5266 5215 5163 4903 4925 5619 5218 4990 5172 4803 4843 5145 5106 5116 5274 5249 4691 5112 4836 5296 4686 4407 4654 5046 4942 5060 4824 4848 5058 4762
5035 5653 5224 5099 5209 5430 5014 5142 4794 4693 5228 5439 4923 5053 5273 4710 5419 5394 5154 5282 5461 5535 5134 5372 5525 5466 5088 5174 4590 4961 5326 5380 4746 4790 4873 4674 5666 5115 5149 4721 4881 5225 5180 5200 5082 5150 5088 4922 4986 5151 5375 5147 5069 5423 4658 5193 4809 5289 5300 5081 5014 4921 5185 4475 4783 4767 5042 5118 5530 5292 4873 4940 5328 4781 5213 5375 5468 5320 5224 4868 5052 5270 5269 5087 4854 5672 4731 5192 5398 5243 5251 4955 5674 4834 4641 5192 4872 5282 5279 5508 5288 5140 5407 5030 5085 5212 5310 4725 5103 4865 4984 4768 5017 5074 5337 5265 4741 4593 4984 5201 5320 5367 4858 5419 5170 5225 4872 5207 5807 4892 4978 5007 4756 4910 4596 4667 5627 5282 5084 5121 4705 5558 5188 5408 5495 5250 4809 4924 5699 5005 4970 4512 5095 5008 5603 5552 4524 5342 5195 5191 5192 4562 4842 5160 5360 4871 4808 4769 4802 5145 5312 5284 5316 5138 5058 5208 5136 5114 5415 4980 5076 4842 5121 4968 5144 4974 4759 5216 5088 5161 4969 4716 4825 4751 4887 5045 4762 5214 5542 4652
5302 5721 5876 5325 5309 5614 5744 5687 5040 5298 5651 5869 5671 5304 5665 5339 5678 5628 5548 5613 5303 6025 5377 6113 5776 6246 5386 5790 5525 5380 6050 5713 4954 5219 5380 4930 5621 5484 5659 5351 5318 5765 5478 5410 5645 5169 5322 5197 5093 5623 5807 5560 5475 6281 5438 5361 5389 5484 5778 5520 5459 5129 5504 5227 5477 5434 5252 5548 5710 5512 5446 5410 5989 5085 5421 5735 5946 5694 5885 5019 5809 5571 5553 5476 5075 6011 5082 5802 5611 5883 5548 5061 6007 5691 5294 5446 5445 5687 5589 5649 5730 5619 5909 5447 5335 5797 5420 5240 5617 5504 5222 4986 5332 5623 5592 5574 5396 5209 5379 5740 5495 5645 5342 5749 5520 5713 5504 5483 6379 5185 5251 5441 5327 5066 5220 5072 6052 5120 5377 5702 5034 5722 5989 5877 5668 5477 5436 5232 5648 5649 5363 5033 5608 5486 5716 5794 5427 5612 5484 5528 5683 5074 5032 5690 5636 5352 5380 5782 5512 5205 5802 5782 5667 5498 5247 5524 5676 5580 5583 5825 5471 5273 5479 5414 5608 5711 4967 5912 5561 5642 5212 5265 5114 5256 5268 5374 5392 5613 5551 5337
4988 5691 5218 5266 5287 5288 5207 5485 4549 5026 5577 5641 5108 5191 5439 5006 5673 5559 5248 5491 5584 5918 5341 5567 5307 5986 5306 5603 4978 4935 5492 5571 4985 5024 4966 5073 5741 5570 5407 4994 5399 5404 5577 5438 5444 4992 5259 5107 5151 5566 5297 5168 5508 5791 5123 5256 4986 5420 5403 5096 5487 4992 5305 4894 5167 5189 5303 5563 5516 5296 5160 5250 5578 4932 5159 5397 5766 5588 5318 5126 5353 5277 5325 5435 4976 5764 4925 5588 5411 5540 5449 5041 5819 5271 4915 5338 5283 5353 5396 5184 5665 5291 5635 5523 5094 5441 5305 5230 5072 5020 5212 4842 5298 4979 5440 5439 5127 4776 5235 5626 5339 5619 4722 5406 5713 5614 4987 5131 5933 4907 4995 5242 5132 4960 4960 5209 5299 5178 5146 5374 4981 5595 5161 5770 5429 5289 4972 5092 5632 5365 4990 4845 5342 5117 5700 5473 5320 5581 5273 5152 5597 4844 5120 5472 5273 5249 5032 5338 5156 5255 5550 5398 5315 4815 5197 5746 5343 5235 5270 5426 5269 5213 5346 5342 5612 5322 4855 5367 5399 5635 5179 4884 4738 5383 5096 5078 5015 5267 5556 4981
5129 5258 4977 4899 4820 5275 5039 5204 4577 4944 5053 5269 4894 4655 4972 4774 5088 5009 4786 5194 5228 5230 4873 5190 5054 5352 4917 5123 4730 4687 5076 5057 4609 4837 5092 4736 5436 5134 5098 4686 4712 5200 5203 4798 4774 4722 4984 4598 4989 4742 5149 4897 4862 5386 4618 4860 4724 5101 5335 4904 4908 4698 4968 4821 4784 4703 5013 5049 5225 4916 4696 4825 5082 4831 4847 5056 5205 5287 5295 4561 5039 5162 5135 5062 4610 5597 4762 5044 5051 5095 5067 4781 5494 4905 4530 4613 4612 5282 4924 4898 5336 4994 5120 5012 4865 5009 4958 4805 4888 4815 4863 4720 4668 4972 5295 5022 4639 4498 4803 5078 4736 5094 4645 5113 5187 5055 4958 5013 5442 4799 4481 5024 4789 4521 4513 4660 5336 4861 4838 4908 4716 4935 4892 5327 5342 5364 5034 4995 5337 4881 4680 4488 5150 4896 5165 5039 5013 5206 5044 4686 5377 4524 4809 4986 4881 5008 4679 5221 4578 4692 5357 5113 5176 4676 4760 5214 5214 4578 5091 4684 4848 5046 5349 4810 5123 4899 4594 5019 4962 5113 4657 4811 4579 4801 4745 4597 4839 5046 5008 4690
5361 5773 5584 5225 5498 5503 5484 5583 4658 5475 5768 5989 5380 5266 5714 5455 5776 5419 5380 5652 5811 5978 5516 5724 5516 5600 5378 5922 5083 5209 5786 5483 4996 5121 5523 5168 6033 5575 5520 5150 5072 5481 5762 5367 5439 4978 5204 5156 5624 5643 5883 5449 5278 5928 5161 5557 5484 5776 5742 5271 5154 5028 5478 5053 5135 5429 5487 5574 5312 5354 5330 5372 5804 5003 5301 5411 5984 5525 5926 5050 5393 5725 5568 5459 5132 5984 5124 5442 5710 5644 5471 5064 5944 5423 4992 5457 5274 5770 5423 5327 5775 5534 5759 5526 5265 5393 5607 5175 5312 5215 5084 4915 5413 5041 5512 5489 5447 5292 5149 5547 5657 5884 5238 5452 5702 5657 5120 5282 6031 5353 5349 5475 5100 4995 5100 5192 5711 5337 5364 5721 5032 5767 5670 5673 5573 5376 5397 5246 5829 5610 5528 5312 5373 5358 5593 5810 5273 5740 5689 5512 5761 5242 5008 5754 5336 5306 5264 5294 5061 5424 5795 5341 5635 5137 5215 5787 5642 5495 5835 5463 5352 5375 5695 5563 5659 5725 4798 5689 5572 5959 5104 5161 4948 5646 5335 5271 5404 5382 5703 4964
4799 5313 5211 5175 4946 5170 5254 5251 4615 4757 5093 5509 5004 4935 5251 4902 5152 5273 5073 5135 5287 5575 5026 5461 5512 5723 4629 5375 4828 4673 5334 5157 4522 4761 4983 4826 5284 5055 4975 4735 4712 5053 5002 5053 4786 4884 4925 4689 4812 5077 5115 4871 5127 5336 4998 4912 5070 5338 5179 4791 4692 4520 5170 4566 4575 4765 5112 5054 5106 5197 4611 4865 5252 4846 5029 5141 5629 5064 5232 4675 5109 5200 5119 5013 4791 5500 4677 5119 5145 5364 4777 4786 5470 4852 4889 4827 4353 5218 4727 5124 5309 4965 5326 5074 4600 4715 5377 4804 5118 4813 4795 4499 4547 4755 5068 5172 4959 4583 4883 5183 5147 5205 4892 4867 5058 5055 5081 4677 5664 4588 4958 4908 4643 4725 4681 4589 5625 4738 5062 5013 4785 5276 4989 5466 5360 4901 4672 4886 5283 4896 4949 4742 4858 5015 5220 4987 5068 5142 5163 5110 4951 4483 4681 5240 5078 4854 4892 4954 4879 4859 5050 4900 5222 4822 4552 5305 5097 4738 4943 4694 4838 4887 5237 4939 5039 4983 4393 5342 4999 5035 4553 4654 4616 4947 4848 4843 4672 5309 5043 4847
4784 5665 5455 5393 5265 5314 5248 5592 4716 5027 5433 5520 4952 4812 5280 4908 5492 5250 5270 5318 5326 5768 5136 5344 5348 5648 5038 5264 4877 5124 5354 5485 5031 5046 4936 4663 5476 5540 5353 5055 4704 5300 5251 5247 5362 4763 5213 4794 4924 5315 5501 5445 5145 5641 4906 5372 5262 5243 5398 5307 5105 4853 5040 4863 5018 4862 4818 5088 5181 5216 4834 5087 5295 4818 5195 5297 6056 5088 5468 4754 5264 5507 5304 5382 4933 5586 5002 5439 5321 5216 5227 5050 5674 5102 4864 5078 5325 5575 5110 5373 5762 5200 5677 5287 4918 5337 5293 5126 5229 5145 5186 4739 5229 4979 5183 5505 5120 4918 4946 5506 5236 5569 4824 5533 5578 5745 4973 5163 5645 4894 5074 5323 4870 5185 5087 4902 5374 5015 4896 5319 4620 5367 5494 5230 5410 5426 5059 5007 5589 5185 4881 5112 5224 5328 5695 5362 5125 5262 4961 5065 5267 5210 4932 5106 5249 5160 4933 5231 5189 5188 5460 5348 5449 5145 5056 5427 5424 5150 5315 5175 5150 5180 5697 5005 5370 5372 4769 5427 4967 5129 4813 4978 5076 5150 4863 5191 5101 5352 5535 4975
5005 5546 5505 5306 5205 5238 5293 5294 4697 5082 5421 5493 5132 5029 5243 5082 5500 5256 5324 4972 5361 6060 4983 5264 5427 5615 4889 5262 5024 5001 5467 5575 4752 5032 5043 4669 5515 5261 5240 4677 4898 5380 5221 5348 5310 4996 5138 5020 5015 5253 5395 5372 5466 5371 4998 5054 5135 5595 5117 4844 5270 4703 5227 4907 5232 5041 5112 4962 5287 5198 5008 5028 5416 5089 5162 5231 5832 5072 5528 4720 5356 5531 5312 5092 5211 5648 4855 5333 5524 5149 5182 5030 5676 5238 4869 5060 4983 5432 5335 5186 5412 5557 5503 5103 4759 5003 5145 5303 5379 4891 4920 4785 4697 4769 5435 5413 5130 5072 4959 5120 5013 5699 5034 5139 5208 5288 5360 5105 5815 5008 5062 5234 4988 5045 5017 4923 5500 4970 4980 5541 4798 5510 5422 5463 5356 5229 4812 4708 5387 5067 5033 4718 5350 4828 5521 5311 4980 5613 5171 5108 5209 4939 4788 5417 5269 4961 5037 5200 5051 4791 5416 5296 5605 5246 5397 5316 5206 4878 5385 5212 5134 5199 5284 5213 5396 5274 4904 5379 5150 5392 4706 4941 4557 5288 4936 5234 5013 5152 5449 4758
5115 5750 5256 5198 4892 5470 5372 5574 4832 5087 5493 5701 5393 5311 5219 5068 5444 5517 5352 5560 5197 5880 4932 5626 5526 5819 5042 5507 5085 5371 5401 5421 4792 5052 5265 4799 5788 5228 5184 5024 4888 5547 5377 5312 5287 5010 5227 4881 5143 5474 5519 5308 5550 6045 5087 5449 5285 5451 5361 5392 4937 4841 5370 4997 5047 5530 5180 4953 5455 5333 5120 5016 5431 5063 5095 5355 5863 5693 5823 4865 5234 5133 5185 5235 5145 5687 4885 5324 5625 5445 5416 4802 5751 5458 4613 5255 4890 5537 5448 5336 5466 5359 5392 5286 4787 5443 5457 5198 5328 5248 4880 4679 4747 5020 5315 5466 5283 4918 4914 5370 5239 5753 4987 5454 5581 5377 5118 5272 5609 4855 4868 5501 4783 4978 5023 5014 5553 5131 5162 5362 4961 5409 5205 5649 5504 5189 4935 4779 5462 5411 5296 4804 5230 5215 5801 5247 5202 5328 5123 5333 5273 4574 5075 5321 5105 5022 4937 5438 5341 5038 5462 5309 5549 5121 5016 5959 5442 5278 5525 5220 5308 5287 5289 5341 5575 5556 4591 5635 5251 5236 4891 5401 5009 5112 5173 5119 5254 5160 5528 4854
4880 5426 4964 5143 5135 5192 4774 5042 4758 4819 5194 5188 4511 4685 5186 4717 5322 5046 5081 5197 4987 5342 4937 5270 4889 5282 4494 5039 4456 4832 5132 5117 4628 4808 4792 4608 5198 5200 5240 4477 4937 5000 5191 4970 4900 4525 4854 4321 4799 4946 5223 5041 4796 5269 4781 4916 4552 4954 5124 4895 4909 4705 4853 4713 4601 4672 4871 4935 5006 4924 4839 4758 5149 4566 4965 5109 5222 5212 5189 4604 4987 4948 4863 4950 4659 5406 4751 5082 5061 5318 4805 4835 5261 4844 4656 5014 4821 5131 5143 5018 5314 5082 5008 4990 4831 4712 4933 4766 4632 4859 4592 4384 4788 5052 5047 5095 4762 4560 4549 5255 5004 5326 4450 4970 4977 5543 4595 4849 5277 4547 4900 5019 4742 4919 4466 4804 4846 4731 4717 5022 4452 5169 4848 4998 5311 5171 4837 4598 5204 4813 4632 4678 4864 4756 5101 5038 4573 5182 4925 4724 5129 4760 4853 4914 5190 4895 4798 4854 4850 4755 5173 5207 5051 4646 4708 5132 4931 4785 4991 4726 4808 4812 5000 4727 5113 5111 4623 4899 4741 5185 4667 4618 4410 5031 4522 4805 4683 5036 5230 4528
5154 5525 5045 4928 5247 5338 5297 5276 4725 4986 5299 5439 4906 4838 4978 4883 5037 5393 5161 5162 5088 5803 4901 5289 5368 5456 5115 5261 4703 4770 5175 5341 5057 5078 4867 4979 5284 5189 5502 5191 4864 5138 5540 5245 5443 4811 5034 4855 5318 5097 5394 5170 5192 5314 4672 5131 4943 5240 5395 4988 5084 4707 5163 5209 4805 4994 4701 5062 5220 5370 5104 4918 5383 4857 5085 5216 5617 5285 5595 4864 5272 5064 5109 5255 4667 5474 5093 5400 5203 5311 5201 5046 5685 5126 4796 5141 5039 5607 5383 5296 5382 5349 5141 5204 4576 5098 5092 5170 4871 5017 4795 4665 4600 4832 5165 5402 4729 4569 4968 5446 5192 5535 4855 4916 5304 5409 5204 5223 5537 4876 4769 5225 4988 4896 4925 4781 5483 4901 4978 5179 4888 5130 5233 5707 5379 5397 4998 5151 5501 5175 4684 4509 5266 5008 5652 5167 4955 5506 5124 5241 5285 4623 4806 4968 5268 5030 4607 5439 5028 4660 5416 5430 5326 4915 5077 5522 5196 4947 5260 4965 4802 5258 5202 5132 5325 5353 4898 5085 5038 5240 4606 4744 4775 5064 5188 4806 4878 5133 5437 4858
4784 5004 4924 4722 4671 4776 4748 4675 4472 5015 5275 5134 4579 4672 4816 4602 4930 4951 4995 4712 4940 5253 4713 5044 5068 5017 4483 4804 4381 4647 4902 5121 4308 4656 4589 4209 5234 4971 4575 4577 4600 4993 4820 4704 4941 4673 4742 4376 4650 4605 5007 4582 4846 5336 4472 5055 4653 5064 4829 4690 4575 4453 4561 4537 4557 4694 4409 4564 4791 4861 4663 4413 4841 4621 4623 5019 5567 5036 5231 4515 4760 4649 4604 5085 4588 5217 4544 4742 4688 4882 4666 4650 5220 4767 4164 4371 4793 4805 4783 4862 5305 5039 4969 4851 4665 4959 4931 4762 4677 4549 4374 4425 4499 4361 4756 4922 4633 4279 4567 4842 4546 5297 4563 4842 5070 5030 4635 4896 5160 4553 4476 4950 4378 4541 4457 4498 5313 4504 4683 4940 4374 5022 4771 5013 4960 4995 4742 4529 4954 4824 4693 4417 4851 4704 5227 4815 4725 5084 4665 4848 4751 4294 4494 4871 4814 4637 4364 4911 4835 4420 5139 4686 4876 4609 4373 5025 4736 4908 4598 4729 4768 4683 5193 4630 5325 4531 4437 4906 4752 4639 4413 4596 4501 4599 4593 4749 4838 4967 4921 4443
4868 5040 4880 4523 4767 5027 4785 5016 4261 4845 5243 5390 4899 4615 4975 4388 5095 4961 4874 4923 4903 5122 4600 4993 5065 5067 4738 4923 4744 4787 4760 5187 4476 4529 4595 4327 5065 4885 5109 4676 4823 4820 5069 4918 4802 4510 4820 4628 4717 4817 5060 4672 4888 5177 4537 4884 4851 4912 4894 4770 4910 4229 5008 4523 4275 4919 4653 4764 4576 4933 4665 4659 5109 4568 4675 4928 5213 4847 5037 4667 4594 4819 4795 4765 4829 5272 4446 4991 4882 5171 4916 4837 5144 4523 4444 4751 4503 5204 4580 4726 5021 4832 5060 4881 4516 4950 5132 4917 4714 4542 4545 4185 4531 4858 4958 4903 4760 4446 4560 4885 4612 5016 4527 4897 5225 4930 4654 4813 5429 4564 4515 4974 4600 4576 4512 4605 5147 4812 4763 5127 4257 4874 4937 5179 4993 5083 4744 4334 5110 4603 4789 4273 4885 4904 5202 4936 4766 5139 5119 4754 4879 4327 4602 5013 4621 4901 4909 4867 4551 4715 5146 4708 4866 4717 4545 4827 4943 4785 4993 4426 4618 4664 4859 4776 5069 4925 4267 5181 4823 4967 4645 4638 4592 4699 4800 4738 4660 4983 5124 4400
4802 5123 4992 4810 4739 4937 4997 5062 4228 4633 5035 5188 4701 4682 5002 4782 4852 5266 4944 5113 5165 5440 4484 5314 5227 5271 4799 5111 4539 4436 5085 5146 4590 4742 5100 4649 5370 5257 4992 4493 4770 5154 5270 5089 4684 4774 5037 4581 4721 5190 5279 4915 4945 5542 4662 4896 4715 4952 5122 4955 4690 4566 4876 4596 4648 4744 4744 4926 5143 4982 4526 4708 4896 4790 4897 5032 5438 5154 5361 4833 5114 4880 4955 5003 4557 5332 4377 4888 4986 5102 4804 4558 5435 4825 4459 4885 4761 5316 4844 4921 5337 5185 5015 4887 4808 4784 5003 4883 4745 4662 4539 4715 4867 4827 4972 4854 4664 4593 4464 5124 4700 4778 4582 5057 5264 5238 4755 4926 5214 4687 4640 5103 4494 4592 4447 4620 5275 4908 4831 5210 4357 4883 5058 5105 5429 5336 4617 4702 5178 4958 4691 4585 5331 4999 5399 4973 4881 5264 5133 4853 5059 4501 4693 4860 4929 4930 4816 5303 4408 4776 5262 4784 5064 4517 4834 5144 5006 4798 4968 4705 4967 4916 4930 4567 5182 4778 4483 4865 4953 5167 4796 4649 4591 4878 4588 4819 4942 4847 4981 4789
4876 5161 4992 4729 4814 5089 5066 5260 4387 4766 5128 5314 4606 4646 5019 4962 5227 5087 5040 5047 5031 5556 4787 5220 5254 5302 4798 5090 4613 4623 5008 5197 4590 4467 4620 4446 5338 5051 4755 4810 4806 4848 4890 4998 4850 4591 5026 4690 4813 4937 5191 4907 4959 5362 4762 4768 4810 5116 5053 4864 4752 4553 5142 4587 4577 4828 4857 4942 5137 4904 4901 4774 5165 4569 4725 4997 5403 4978 5184 4472 4875 5096 4997 4799 4636 5196 4705 5012 4747 5066 5216 4985 5366 4989 4449 4908 4820 5109 4858 4857 5387 5226 5207 4851 4606 4898 5046 4564 5005 4873 4643 4283 4836 4570 5208 4883 4694 4648 4876 5031 4840 5109 4357 5266 5067 4897 4919 4810 5271 4496 4507 4995 4905 4546 4649 4818 5061 4758 4781 4916 4738 5019 4699 4987 5307 4954 4583 4849 5261 4938 4783 4602 5204 4904 5352 5086 4844 4870 4797 4898 5239 4499 4555 5332 4700 5043 4778 5170 4573 4651 5153 4956 5020 4615 4475 5187 5046 4877 5202 4717 4631 4816 5030 4746 5253 4775 4399 5139 4925 4970 4462 4845 4773 4799 4914 4668 5020 4655 5153 4622
4632 4958 4956 4792 5036 5060 4919 5103 4276 4701 5028 5206 4773 4423 4801 4802 5292 5227 4899 4796 4896 5163 4896 5066 5094 5276 4483 5320 4649 4678 5234 4966 4716 4551 4432 4311 5182 4921 4976 4664 4574 4847 5055 4926 5068 4673 4941 4639 4599 4782 5359 4624 4990 5227 4550 5007 4857 4961 4760 4987 4638 4477 4946 4497 4639 4620 4603 4751 4903 5165 4544 4699 5171 4514 5016 5265 5396 4878 5104 4600 4931 5008 4710 4817 4806 5115 4446 5054 4950 5006 4751 4646 5252 4984 4462 4749 4868 5003 4836 4910 5080 5219 5248 4979 4696 4741 5018 4699 4744 4841 4639 4525 4637 4853 4854 4955 4591 4420 4548 5033 4788 5182 4512 4836 5198 5006 4847 5009 5362 4350 4569 4908 4777 4624 4532 4661 5027 4680 4452 5064 4376 4987 4940 5096 4992 4795 4812 4626 5054 5006 4975 4611 4755 4888 5431 4776 4486 4972 4476 4848 4821 4385 4459 5177 4670 4772 4604 4958 4968 4641 5355 4978 5050 4749 4788 5144 4909 4647 4871 4810 4571 4697 5014 4629 4956 4686 4501 5043 4623 4938 4638 4417 4589 4745 4492 4694 4541 4976 5107 4528
5153 5404 5223 5214 5288 5434 5215 5195 4698 4905 5414 5596 5211 5031 5193 4804 5646 5148 5080 5071 5169 5797 4886 5425 5596 5590 5213 5512 5142 5172 5567 5317 4709 4817 5155 4663 5771 5143 5159 5143 5110 5210 5324 5262 5216 4827 5384 4675 4835 5120 5286 5008 5112 5664 4974 4755 4972 5466 5451 5284 4937 5032 5292 4837 5242 5130 4709 5222 5430 5200 5162 5153 5452 5031 5097 5329 5792 5384 5262 4807 5421 5324 5214 5011 5053 5456 4819 5249 4980 5621 5074 4755 5286 5057 4776 4823 5065 5325 5203 5114 5308 5171 5431 4960 4660 5309 5124 5131 4977 4814 4689 4327 4902 4903 5464 5238 4956 4792 5071 5272 5066 5495 4900 5277 5157 5474 5186 5048 5699 4712 4593 5211 4920 5053 5139 5035 5438 4957 4841 5626 4807 5439 5498 5234 5518 5471 5002 4822 5642 5206 5092 4590 4984 5134 5574 5396 5258 5307 5193 5322 5267 4793 4865 5142 5352 5228 4951 5368 5090 4705 5521 5384 5574 4960 4887 5505 5458 5122 5213 5148 5222 5184 5350 5053 5245 5095 4474 5611 5231 5196 4830 5150 5078 4983 4986 5092 4869 5031 5182 4626
5055 5349 5258 4928 5050 5131 5329 5130 4460 4681 5498 5461 5155 4878 5120 5070 5141 5229 5021 5301 5285 5829 4961 5251 5243 5647 4905 5308 5036 4901 5317 5400 4767 4537 4913 4590 5610 5206 5131 4845 4731 5255 5109 4832 5112 4799 4983 4827 5040 5126 5339 4816 4998 5652 4611 5124 4900 5309 5440 4663 5078 4611 5017 4518 5033 5010 5161 5093 5054 4977 4925 4773 5192 4892 5064 5009 5733 5254 5344 4738 5084 5266 4967 5072 4807 5538 4730 5242 5063 5419 5233 4881 5777 5284 4700 4976 5038 5288 5124 5152 5159 5451 5440 5098 4889 5156 5224 4905 4953 4524 4931 4758 4925 5113 5260 5033 5151 4703 4975 5246 5210 5317 4712 4986 5287 5294 4984 5048 5521 4664 4789 4861 4860 4808 4700 4980 5361 4952 4966 5332 4768 5098 5382 5358 5285 5060 4540 5002 5361 5002 4669 4656 5372 4955 5522 5148 4951 5381 4953 5020 5394 4837 4900 5044 5254 4891 4677 5314 4868 4670 5539 5194 5154 4813 5001 5387 5107 5104 5058 5044 4975 4777 5095 4993 5395 5050 4665 5211 4999 5003 5114 4796 4882 5074 4963 4985 5000 5053 5474 4943
5007 5670 5392 5216 5039 5044 5427 5606 4775 5187 5377 5537 5476 4949 5336 5126 5458 5495 5228 5403 5441 5718 4991 5269 5560 5606 4953 5429 4818 4848 5207 5431 4950 5023 4824 4796 5884 5181 5270 4930 4865 5186 5438 5295 5503 4865 4987 4960 5220 5125 5499 5248 5289 5764 4844 5258 5240 5278 5356 5252 5064 4777 5152 5089 4971 5225 5154 5244 5368 5474 5172 4892 5656 4972 4954 5353 5617 5271 5528 4931 5414 5079 5343 5247 4911 5774 5238 5626 5325 5303 5347 5062 5804 5167 5098 5223 5112 5692 5237 5283 5568 5448 5593 5253 5014 5460 5337 5143 5345 5074 5172 4822 4972 5039 5410 5459 5233 4995 5192 5539 5176 5558 5000 5304 5417 5401 5282 5101 5791 4825 4926 5026 5051 4879 4730 5028 5467 5001 5060 5204 5263 5416 5166 5542 5282 5117 5046 5174 5694 5244 4856 4560 5358 5191 5650 5212 4800 5520 5209 5375 5650 4734 4660 5348 5078 4921 5067 5430 5117 4781 5456 5516 4973 5339 4936 5486 5296 5155 5194 5293 5276 5039 5360 5396 5324 5357 4746 5514 5385 5405 5044 5122 5066 5294 5329 4848 4987 5078 5410 4893
4769 5237 4875 5049 4953 5005 5009 5410 4698 4990 5307 5568 5053 4854 5305 4690 5383 5031 5219 5008 5002 5760 4641 5199 5100 5308 4979 5049 4758 4810 5028 5195 4525 4812 5110 4643 5284 4840 5186 4743 4574 5091 5232 5026 5227 4569 4685 4595 4632 5151 5015 4885 5028 5396 4822 4742 4929 5114 5263 4962 4852 4755 4885 4850 4643 5018 4740 4795 5059 4894 4936 5011 5289 4759 4792 5115 5289 5134 5098 4743 5004 5161 4984 5233 4761 5434 4579 4987 5145 5051 4754 4696 5454 4780 4536 5042 4616 5199 4782 5123 5587 5113 5015 4856 4707 5217 5033 4830 4972 4772 4647 4276 4696 4749 5121 4873 4981 4646 4935 4776 4767 5310 4687 4932 5176 5194 4725 4915 5645 4530 4552 5222 4599 4602 4510 4669 5449 4721 4933 5283 4609 5337 5135 5040 5130 5295 4630 4752 5181 5081 4763 4270 5140 4779 5282 5053 4935 5093 4785 5110 4870 4574 4655 4944 4963 4729 4716 5022 4663 4450 5110 4976 5026 5094 4684 5165 5238 4845 4889 4835 4894 4857 5420 4947 5224 5173 4403 5464 5154 4821 4787 4882 4699 4898 5056 4662 4853 4862 5345 4850
4756 5376 5096 5057 5039 5208 4977 5152 4533 4763 5322 5299 4843 4838 5307 4538 5097 5198 5092 5172 5049 5435 5294 5230 5004 5599 4643 5297 4790 4885 5142 5157 4540 4859 4969 4745 5410 5071 4905 4722 4712 5093 5494 5107 4937 4697 5150 4809 4836 5388 5148 4862 5292 5435 5063 4977 4860 5118 5202 5076 4736 4785 4998 4893 4957 4975 4849 5193 5024 5217 4988 4675 5116 4747 4807 5235 5548 4950 5450 4588 5039 5038 4998 5045 4873 5321 4678 5126 5212 5035 4856 4916 5200 4997 4736 4947 5013 5420 4858 5072 5254 5232 5120 5100 4813 5000 5170 4977 4919 4700 4994 4451 4715 4746 4958 5363 4995 4513 4906 5210 5076 5559 4464 5031 5046 5321 4866 4945 5563 4917 4797 5025 4833 4818 4897 4852 5168 4693 5037 5187 4752 4972 4980 5275 5237 5109 4807 4775 5108 5012 4706 4736 4778 4828 5237 5061 4965 5126 4915 5013 5094 4712 4754 5314 5063 4916 4631 5155 4951 5154 5416 5001 5265 4787 5033 5212 5097 4785 5078 4710 4771 4961 4949 4683 5388 4982 4808 5088 4821 5304 4526 4741 4629 5017 4730 4903 5123 5231 5316 4776
4958 5420 5093 5318 5164 5222 5210 5224 4767 5251 5575 5842 5134 4772 5512 5040 5594 5598 5104 5312 5297 5531 5013 5428 5409 5788 5129 5372 5220 5172 5689 5324 4907 5050 5150 4815 5572 5093 5361 5091 5149 5140 5159 5039 5203 5092 5193 4953 5082 5329 5617 5130 5209 5628 5140 5323 5047 5406 5481 5275 5063 4741 5407 5006 4840 4991 5264 5114 5071 5163 5293 5258 5384 4804 5138 5175 5855 5328 5631 4650 5198 5430 5030 5334 4931 5373 5025 5559 5126 5508 5418 4869 5575 5368 4632 5203 5193 5504 5383 5218 5616 5345 5276 4947 4849 5529 5379 4897 5261 5092 4883 4544 5264 4861 5488 5509 4911 4920 5160 5341 5246 5593 4665 5447 5176 5480 5026 4996 6151 4797 5008 5103 5073 5121 4910 4966 5473 4878 4893 5438 4795 5513 5482 5447 5293 5414 5272 5204 5463 5240 5387 4671 5347 5008 5564 5293 5250 5336 5132 5214 5464 5036 4723 5419 5276 5030 4857 5297 5145 4885 5385 5405 5357 5259 4973 5462 5440 5416 5457 4882 5113 5211 5548 5321 5572 5049 4648 5630 5185 5337 4928 5274 5063 5091 4975 5007 5307 5358 5481 4885
5116 5517 5474 5168 5172 5346 5222 5622 5108 5350 5041 5579 5298 5103 5240 5010 5446 5448 5185 5413 5494 5861 5264 5498 5317 5927 5137 5231 5387 5388 5763 5439 4889 5010 5169 4825 5605 5305 5407 5045 5099 5194 5489 5090 5231 4961 5090 4958 4916 5545 5571 5236 5371 5739 5070 5258 5100 5473 5643 5009 4845 4713 4937 4924 5157 5185 4864 5290 5293 5536 4983 5133 5577 5287 5217 5657 5707 5490 5370 4957 5363 5236 5298 5356 5065 5738 5151 5491 5063 5698 5212 4926 5624 5349 5194 5042 5258 5567 5405 5341 5371 5372 5664 5142 4886 5557 5417 5100 5143 5125 5065 4869 5348 5056 5631 5553 5286 4706 5253 5646 5125 5283 5065 5523 5229 5603 5259 5110 5968 4676 5238 5295 4880 5245 5186 4836 5568 4768 5033 5433 5136 5429 5555 5580 5429 5262 4965 5178 5355 5416 4894 5001 5175 5243 5534 5519 5181 5246 5366 5340 5163 4875 4858 5190 5347 5359 4924 5340 4943 4889 5461 5695 5486 5310 4759 5544 5359 5124 5328 5199 5071 5443 5507 5021 5546 5088 4785 5683 5261 5238 4726 4929 5181 4929 5197 4989 4983 5433 5283 5272
5029 5069 5069 4608 5012 5213 4979 5076 4577 4931 5234 5603 4780 4847 4779 4718 4904 5062 4911 4884 5036 5366 5064 5133 5042 5255 4754 5223 4552 4591 5077 5023 4603 4696 4978 4363 5346 4942 4872 4874 4667 5076 5018 4904 4930 4845 4692 4539 5133 5147 5278 4868 4938 5222 4658 5003 4807 5266 4952 4820 4885 4371 4931 5005 4640 4853 4674 4989 5276 4953 4731 4753 5012 4622 4732 5084 5329 5115 4997 4533 5256 4872 4830 5203 4516 5106 4563 4928 4808 5224 4870 4604 5529 4887 4503 4835 4910 4811 4753 5173 5036 5194 5132 5016 4543 4939 5164 4690 4801 4683 4844 4695 4816 4431 4870 5124 4780 4152 4562 5342 5047 5149 4558 5067 5151 5107 5008 4929 5668 4635 4710 5105 4889 4389 4758 4864 5215 4571 4889 5086 4574 4861 4924 5404 5164 4789 4888 4831 5216 4830 4639 4339 4994 4833 5365 5220 4721 5129 4844 4822 5207 4426 4503 5064 4923 4872 4642 4972 4710 4523 5183 4862 5119 4519 4757 5485 5074 4621 5113 4974 4700 5005 4904 4895 5043 4890 4568 4862 4998 5160 4708 4508 4523 4997 4909 4401 4894 4870 5193 4549
5182 5656 5401 4672 5319 5288 5206 5254 4667 4851 5298 5681 5138 4855 5143 4951 5247 5316 5210 5353 5160 5605 4900 5348 5541 5602 4682 5205 4978 4842 5330 5560 4927 4787 5082 4730 5416 5244 5118 5030 4932 5439 5227 5053 5341 4760 5056 5173 4875 5238 5450 5158 5401 5609 4920 4759 5277 5324 5478 5136 4960 5072 5010 4701 4900 5122 4846 5260 5341 5006 4917 4882 5266 4884 5048 5410 5587 5380 5348 4782 5435 4953 5229 5146 4717 5785 4640 5418 4937 5434 4830 4855 5725 5269 4833 5182 5089 5250 5200 5387 5438 5276 5523 5171 4959 5086 5322 4703 5015 4845 4790 4585 4889 4920 5066 5284 5184 4635 4930 5390 5174 5422 5002 5377 5358 5303 4952 4984 5548 4731 4957 5252 4919 4663 5025 4901 5510 5022 5217 5154 4877 5400 5209 5392 5304 5155 4913 4696 5317 5270 4703 4882 5195 5045 5513 5369 4910 5132 5277 4965 5381 4669 4777 5216 5186 5302 5226 5363 5124 4796 5451 5268 4987 4794 4864 5876 5129 5227 5131 5061 4982 5023 5228 5197 5587 5277 4633 5626 5154 5249 4630 4794 4849 5193 5031 5070 4859 5194 5164 4918
4893 5559 5206 4956 5197 5091 5256 5110 4398 4773 5365 5408 5107 4865 5204 4835 5266 4949 5017 5151 5425 5743 4970 5471 5228 5570 4895 5282 4806 4909 5291 5215 4870 5134 5030 4836 5679 5188 5267 4870 4712 5280 5373 5334 5229 4922 4993 4959 4955 5247 5292 5161 5267 5528 4831 4958 4852 5365 5450 5304 4972 4946 4944 4920 4918 5118 5127 5016 5499 5181 4899 5224 5350 5006 5050 5194 5453 5773 5431 4753 4982 5249 5021 5073 4995 5670 4960 5075 5362 5253 5029 4872 5793 5187 4564 5250 5124 5126 5148 5107 5507 5349 5496 5263 4923 5239 5230 5201 4926 4967 4825 4589 4765 5149 5260 5251 5006 4701 4826 5288 4937 5432 4948 5319 5348 5404 4939 5265 5624 5067 4908 5028 4958 5165 5071 4926 5567 4847 4996 5235 4830 5304 5412 5166 5362 5399 4769 4503 5300 4963 4768 4927 5107 4954 5487 5431 4972 5291 5069 5136 5342 4773 4891 5220 5394 5156 4876 5165 4788 4916 5607 5163 5203 4763 5085 5451 5394 5107 5282 4686 5007 5056 5351 5058 5171 5126 4812 5255 4887 5329 4786 4827 4813 5066 4859 5164 5088 5217 5230 4913
4476 4884 4860 4792 4818 4845 4994 5041 4362 4878 4899 5149 4705 4825 4912 4450 5004 5086 4946 4588 4914 5478 4737 5089 4894 5475 4400 4867 4560 4721 5215 4976 4710 4808 4858 4530 5116 5056 4644 4256 4428 5061 4905 5071 4860 4871 4760 4918 4736 4944 5120 4907 5266 5166 4731 4615 4989 5061 4767 4671 4412 4476 4878 4533 4805 4586 4827 4718 4809 4569 4428 4932 5275 4730 4555 4738 5373 4906 4986 4363 4659 5018 4681 4815 4950 5085 4466 4881 4953 4914 4716 4694 5279 4880 4515 4731 4746 5066 4674 4766 5477 4784 5068 4739 4664 5006 5042 4599 4802 4852 4560 3850 4650 4622 4929 5071 4670 4545 4425 4906 4525 5219 4549 4885 5077 4937 4438 4756 5406 4855 4471 4568 4419 4686 4676 4541 5319 4567 4771 4996 4600 4812 4925 5263 4875 5161 4591 4576 5098 4776 4764 4676 4799 4624 5062 4853 4647 4779 4785 4669 4932 4283 4749 4708 4983 4715 4617 4747 4607 4871 4873 4927 5105 4702 4676 4856 4698 4758 5154 4596 4761 4872 4694 4649 5256 4682 4490 4856 4811 5136 4288 4311 4460 4864 4362 4668 4830 4738 4833 4574
4694 5040 4737 4531 4706 4856 4571 4490 4300 4484 4600 5047 4628 4403 4690 4226 5013 4957 4892 4901 4845 4948 4574 4964 4956 4963 4515 4577 4530 4593 4706 4885 4312 4487 4549 4279 4912 4749 4635 4648 4381 4841 4854 4484 4708 4284 4399 4416 4461 4921 4656 4638 4601 4957 4371 4894 4308 5016 4803 4675 4549 4102 4665 4231 4263 4464 4535 4503 4756 4540 4434 4488 4764 4249 4586 4858 5190 4614 4818 4430 4623 4709 4497 4667 4465 5075 4274 4885 4934 4964 4787 4203 4951 4825 4292 4518 4513 4910 4446 4912 4871 4664 4976 4570 4500 4753 5076 4512 4460 4487 4276 4218 4451 4413 4825 4722 4415 4124 4535 4602 4628 4951 4485 4682 4866 4804 4515 4367 5433 4356 4449 4504 4467 4333 4585 4300 5142 4537 4438 4683 4300 4751 4935 4799 4824 4458 4609 4402 4636 4727 4584 4097 4454 4473 5006 4638 4563 4766 4488 4530 4519 4125 4321 4819 4825 4261 4267 4328 4646 4605 4655 4902 4752 4460 4490 5014 4560 4698 4660 4289 4474 4416 4890 4549 4888 4721 4065 4970 4560 4474 4601 4342 4536 4305 4361 4823 4312 4889 5086 4168
4677 5219 5053 5088 4747 5020 5091 5148 4412 4889 5141 5546 5024 4590 5148 4623 5047 5366 5014 5230 5463 5266 4841 5200 5121 5491 4924 5186 4799 4975 5304 5110 4621 4661 4769 4516 5142 4820 5142 4747 4872 5006 5003 5145 4883 4886 4873 4572 4820 5124 5240 5104 4867 5542 4662 4794 5025 5001 5269 4872 4650 4352 5215 4560 4715 4876 4657 5071 5085 5017 4657 4909 4998 4637 4802 5307 5796 5087 5160 4543 5148 4858 5192 4710 4688 5411 4704 5202 4878 5495 4917 4888 5615 4951 4915 4716 4990 5342 4958 4841 5338 5049 5400 5156 4540 5051 4950 4737 4807 4812 4428 4535 4951 4785 5097 5186 4776 4674 4647 4866 4874 5118 4675 4835 5210 5109 4801 5086 5560 4769 4577 4803 4530 4850 4774 4565 5489 4723 4674 5056 4422 5251 5028 5466 5015 5324 4910 4799 5476 5022 4834 4568 4992 5008 5261 4906 5101 5121 5170 5094 5071 4803 4859 4973 5090 4806 4711 5139 5079 4998 5374 5251 5089 4792 4624 5214 5150 4948 5000 4977 4772 4916 5229 5040 5203 4984 4274 5305 5000 4912 4577 4590 4878 4806 4662 4723 4799 5183 5215 4883
4897 5254 5280 5142 4950 5264 5140 5326 4506 4775 5311 5405 5089 4686 4907 4581 5267 5327 5187 5276 5483 5402 4924 5061 5237 5559 4916 5201 4799 4776 4972 5053 4440 4692 4757 4479 5175 5127 5087 4601 4813 5051 5361 4924 5040 4630 4972 4876 5230 5216 5070 4771 5158 5539 4705 5436 4754 5619 5191 5137 4703 4712 5040 4530 4690 4981 5035 5089 4904 5072 4674 4986 5350 4785 5434 5089 5660 5470 5161 4720 4986 5180 4904 5173 4884 5315 4812 5062 5362 5181 4978 4532 5520 5305 4554 5195 4854 5428 5007 5107 5343 5192 5255 5101 4860 4927 5305 5074 5145 4822 4958 4564 4553 4773 5201 5109 4979 4825 4713 5118 5127 5356 4715 5348 5353 5256 4825 4783 5581 4808 4847 5098 4782 4884 4778 4739 5641 5014 5014 5150 4613 5119 5154 5554 4931 5060 4900 4711 5294 5154 4822 4803 5189 5087 5298 4828 5146 5368 5112 4987 5000 4269 4785 5401 5083 5298 4687 4971 4854 4970 4939 4829 5411 4778 4696 5614 5137 5010 5094 4851 4961 5029 5279 4846 5361 5068 4705 5157 4766 5140 4717 4688 4645 4807 4704 4954 5040 5151 5206 4857
5274 5565 5377 4845 5408 5153 5259 5378 4753 5014 5301 5768 5220 5127 5297 5061 5086 5505 5338 5436 5593 5881 5219 5622 5223 5720 5046 5661 5092 5047 5324 5322 5048 4787 5094 4831 5445 5280 5131 5106 5105 5345 5384 5081 5253 4873 5106 4961 5148 5556 5566 5260 5285 5811 4918 5470 5113 5430 5206 4870 5018 4689 5351 4823 4951 5199 5082 5367 5390 5468 5212 5183 5485 5086 5113 5269 5894 5408 5383 4831 5201 5037 5175 5331 4816 5582 5186 5477 5364 5405 5307 5101 5734 5147 4861 5223 5009 5520 5166 5379 5310 5381 5544 5240 5151 5296 5438 4891 5146 4939 5087 4844 5071 4999 5321 5316 4972 4873 5101 5469 5156 5339 4925 5259 5295 5261 5285 5125 5717 4960 5092 5209 5178 4980 4941 5030 5584 4906 5195 5412 5028 5290 5356 5542 5539 5249 4943 4954 5643 5393 4986 4821 5285 5029 5704 5619 5020 5376 5156 5175 5480 4727 4673 5369 5354 5172 4970 5313 5050 4967 5477 5241 5434 4825 4879 5623 5289 5346 5280 5168 4915 5308 5387 5033 5526 5368 4821 5234 5401 5355 4939 4851 4767 4882 4849 4848 5268 5324 5533 4787
4643 4862 4792 4308 4550 4865 5060 4972 4270 4596 4747 4915 4504 4582 4449 4298 4839 4794 4673 4675 4724 5248 4633 4855 4929 4933 4585 4809 4242 4365 4781 4795 4075 4365 4445 4202 5095 4890 4676 4350 4250 4615 4759 4884 4581 4259 4712 4504 4571 4682 4921 4988 4572 4960 4506 4708 4721 4793 4692 4456 4317 4059 4354 4485 4500 4374 4344 4523 4813 4875 4463 4580 4932 4558 4405 4933 4988 4849 5148 4264 4656 4542 4868 4745 4522 4956 4505 4829 4812 4657 4858 4671 4894 4515 4228 4742 4468 4879 4623 4578 5070 4859 4860 4561 4396 4778 4766 4629 4725 4635 4413 4041 4683 4479 4807 5058 4371 4392 4501 4768 4603 5064 4181 4690 5093 4805 4598 4839 5442 4342 4392 4590 4397 4609 4337 4174 5135 4429 4515 4818 4467 4795 4840 4778 5123 4933 4342 4378 4928 4489 4355 4352 4836 4591 4869 4854 4762 4877 4826 4654 4896 4550 4288 4506 4727 4673 4489 4791 4450 4633 4914 4546 4701 4502 4516 4703 4714 4601 4958 4387 4524 4914 4708 4623 5014 4706 4247 4873 4739 4621 4163 4349 4571 4653 4488 4601 4602 4658 4819 4169
5275 5423 5472 5288 5419 5376 5154 5491 4872 5307 5599 5724 5130 5051 5425 5061 5608 5287 5507 5269 5455 5644 5094 5481 5560 5535 5191 5368 5009 4880 5411 5532 5050 5021 5249 5029 5901 5246 5382 4984 4989 5462 5486 5278 5526 5087 5319 5013 5027 5241 5530 5351 5153 5764 4946 5210 5193 5374 5352 5111 5017 4729 5594 4815 5044 5114 5186 5206 5224 5468 5120 5019 5567 5119 5128 5581 5669 5410 5392 5022 5494 5135 5398 5083 5150 5755 5135 5645 5251 5337 5511 5019 5871 5053 4916 5080 5156 5635 5369 5326 5753 5503 5496 5283 5104 5203 5316 4897 5028 4965 4856 5009 4880 4866 5445 5427 5329 4792 4898 5108 5276 5661 4986 5263 5222 5575 5152 5281 5764 5003 5251 5499 4990 4970 4911 5276 5571 4965 4895 5511 4876 5386 5307 5549 5507 5260 5216 4868 5934 5488 4947 4719 5231 4939 5708 5649 4951 5462 5083 5309 5482 4727 4990 5538 5344 5216 5197 5411 5164 5089 5663 5486 5113 5121 5053 5667 5259 5177 5532 5245 4808 5097 5347 5343 5443 5304 4745 5424 5191 5241 4849 5018 4911 5148 4889 5067 5210 5367 5768 4717
4618 4998 5184 4727 4808 5178 5286 5081 4519 4941 5241 5446 4956 4851 5149 4985 5177 5294 4836 4838 5182 5335 4729 5268 5205 5561 4810 5244 4958 4994 5144 5103 4483 4781 4826 4548 5190 5233 4725 4666 4625 5169 4877 5196 4943 4861 4842 4551 4883 5099 5254 4943 5161 5516 4752 4777 5005 4917 4959 4938 4747 4966 5158 4569 4636 4940 4676 4831 4879 5031 4791 4872 5196 4644 4820 5162 5644 5112 5170 4490 5364 5184 4890 4897 4605 5822 4623 4954 5050 5140 4932 4515 5543 5024 4794 4907 4864 5306 4887 5209 5287 5287 5228 4937 4802 4956 4882 4596 5057 4839 4770 4646 4922 4692 5233 4977 4974 4574 4661 4989 4885 4936 4626 4888 5237 4815 4929 4889 5899 4458 4807 4777 4664 4661 4514 4644 5222 4811 4659 5222 4760 5109 4997 5194 5314 4999 4811 4754 5383 4922 4698 4529 5298 4763 5331 4846 4830 4831 4882 4862 4933 4515 4906 4876 5038 4711 5086 5178 5073 4564 4989 5192 5002 4765 4667 5112 5110 5153 5249 5035 4879 4846 4973 4940 5113 5203 4377 5168 4918 4870 4723 4513 4691 5017 4637 4702 5012 4838 5269 4656
4978 5394 5248 4754 5027 5096 5197 4992 4733 4854 4840 5342 4948 4948 5181 4722 4940 5461 5141 5007 5262 5444 4983 5187 5368 5737 4961 5301 4687 4879 5149 5228 4572 4872 4886 4524 5256 5100 5468 4816 4835 5028 5060 5218 4832 4943 4845 4866 4568 4853 5157 4986 5171 5051 4744 5034 4880 5089 5319 4776 4974 4745 5015 4632 4970 4958 5056 4795 5134 5208 4502 5053 5421 4792 5095 5163 5570 5050 5192 4675 4987 5058 5206 5050 4733 5483 4748 5305 4633 5096 4978 5057 5679 5233 4831 5019 4749 5108 4956 5108 5441 5339 5351 5218 4562 5215 5124 4750 4883 5019 4784 4486 4575 4833 5269 5199 4955 4539 4669 4984 4974 5331 4628 4940 5260 4950 4930 4850 5550 4688 4834 4918 4674 4845 4583 4618 5524 4897 4872 5112 4883 5128 4814 5277 5198 4857 4708 4854 5176 4923 4829 4625 5097 5135 5318 5187 4901 5377 5293 5110 5310 4817 4605 4959 5293 4741 4680 4923 4865 4831 5073 5376 5104 4757 4655 5267 5018 4928 5133 4774 4779 4797 5164 4844 5138 5080 4537 5206 4976 4985 4729 4545 4581 4745 4818 4830 4695 5011 4990 4740
5134 5639 5297 5217 5166 5355 5145 5693 5032 5059 5476 5597 4889 5189 5311 4947 5290 5738 5367 5236 5405 5731 5056 5447 5135 5813 5136 5484 4864 4960 5199 5415 4796 4539 4957 4763 5788 5358 5406 5065 5084 4991 5398 5190 5192 4998 5348 4929 5011 5379 5304 5310 5265 5352 5054 5142 5017 5225 5541 5209 4852 4989 5195 4858 4996 5226 4975 5333 5220 5516 4837 4849 5742 4832 5222 5274 5614 5413 5315 5069 5240 4882 5307 5361 4839 5476 4829 5714 5056 5352 5072 4965 5659 5132 4780 4967 4861 5238 5038 5224 5197 5309 5541 5317 4888 5319 5494 5108 5235 4854 5189 4656 5056 5053 5210 5215 5031 4575 4982 5552 5334 5548 4728 5127 5497 5523 4917 5358 5572 4671 4780 5284 4879 4940 5015 4968 5227 4941 5029 5050 4851 5340 5092 5355 5470 5431 5024 5079 5560 5469 4873 4727 5306 5336 5820 5434 4881 5303 4981 4991 5404 4843 4900 5031 5218 5351 4843 5216 5092 5081 5477 5365 5476 4998 5035 5610 5628 5232 5261 5185 5006 5200 5072 5213 5418 5118 4575 5380 4948 5280 4778 4919 4904 5057 4948 5043 4907 5132 5228 4745
4852 5255 5206 5169 5081 4963 4968 5136 4506 5073 5492 5195 5002 4941 5207 4969 5512 5301 5137 5191 5195 5686 5195 5378 5047 5295 4684 4852 4781 4842 5346 5416 4783 4589 4750 4674 5608 5137 5156 4885 4829 5200 5045 4948 5114 4958 5141 4888 5096 5390 5408 5408 4990 5171 4828 5293 5017 5521 5262 4863 4839 4849 5073 4869 4937 4769 4657 5078 5360 5346 4951 4913 5070 4782 4994 5308 5572 5001 5169 4838 4984 4895 5209 4970 4971 5502 4795 5494 5148 4970 5343 4849 5351 4942 4503 4967 5343 5105 5020 5208 5397 5057 5256 5105 4722 5319 5045 4947 4978 4931 4776 4533 4889 4771 5149 5105 4857 4459 4795 5547 5269 5331 4801 5220 5311 5629 5030 4916 5481 4653 4838 5141 4833 4867 4874 5003 5382 5039 5012 5076 4604 5244 5403 4903 5305 5171 5006 4675 5379 5156 5115 4478 4940 4947 5651 5345 4600 5420 5174 5016 5052 4822 4716 5194 5017 5165 4823 5091 4890 5090 5485 5155 5325 4912 5140 5451 4829 4804 5066 4912 4959 5144 5189 5133 5443 5069 4695 5249 5072 5080 4883 4454 4693 4862 4560 5004 4781 4864 5230 4613
4749 4803 4641 4611 4594 4818 4846 5185 4485 4695 5116 4968 4815 4645 4929 4513 4710 4792 4787 4651 4735 5422 4761 5100 4754 5169 4625 4876 4591 4421 4977 5056 4404 4676 4641 4428 4902 4795 4850 4403 4582 5087 5078 4789 5026 4463 4844 4739 4722 4938 4922 4822 4847 5180 4579 4629 4662 4991 4786 4733 4766 4562 4862 4672 4548 4778 4489 4940 4826 4768 4633 4768 5185 4631 4659 4656 5252 5056 4952 4470 4958 4794 4688 4628 4569 5157 4568 4889 4983 5030 4970 4804 5246 4820 4611 4846 4801 4947 4794 4907 5003 4894 5057 4934 4443 4773 5074 4560 4775 4654 4426 4643 4653 4545 5082 4754 4648 4381 4593 5140 4704 5237 4373 4935 5082 5206 4842 4761 5406 4502 4628 4799 4420 4633 4466 4670 4843 4831 4565 4808 4328 4875 4936 4965 4726 4829 4790 4556 5123 4839 4700 4333 4902 4671 5398 4936 4609 4870 4744 4738 4913 4312 4545 4882 4701 4705 4653 4940 4523 4384 5226 4946 4683 4804 4753 4940 4768 4652 4965 4645 4750 4963 4847 4884 4943 4833 4410 5167 4780 4876 4161 4657 4478 4860 4648 4730 4688 4959 5036 4231
5275 5716 5567 5054 5456 5421 5310 5505 4920 5005 5318 5558 4998 5059 5353 5201 5493 5691 5338 5468 5556 5715 5354 5355 5391 5538 5086 5537 5092 4900 5507 5435 5101 4720 5213 5021 5938 5386 5326 5035 5172 5004 5718 5478 5563 4999 5229 4924 5211 5198 5374 5081 5220 5693 4914 5013 5032 5362 5675 5233 5082 4990 5361 5052 5067 5173 5213 5308 5429 5477 5068 5001 5435 5121 5235 5474 5723 5458 5638 4722 5214 5326 5416 5341 5114 5899 4996 5451 5232 5651 5102 5138 5773 5235 4692 5099 4912 5603 5414 5342 5714 5716 5673 5625 4861 5378 5185 5256 5067 5117 4938 4507 4625 5081 5614 5543 5127 4766 5137 5248 5448 5675 4923 5190 5452 5388 5299 5471 6074 4925 4935 5258 4952 4995 5049 4842 5704 5063 5281 5441 5065 5477 5113 5581 5630 5452 4930 5216 5873 5310 5083 5045 5234 5048 5785 5296 5183 5653 5360 5270 5474 4782 4998 5472 5408 5085 4819 5274 5096 5161 5432 5426 5515 5008 4953 5633 5516 5130 5598 5005 5103 4901 5445 5160 5458 5300 4826 5452 5314 5585 5048 4951 4884 4958 5259 4830 5016 5456 5615 4808
4767 4621 4840 4701 4482 4711 4715 4986 4155 4585 4814 4655 4623 4459 4579 4200 4838 4719 4539 4635 4480 4759 4343 4788 4514 4818 4372 4723 4386 4416 4766 4826 4250 4322 4669 4237 5190 4677 4547 4648 4394 4667 5071 4649 4683 4456 4514 4306 4575 4477 5064 4609 4911 5027 4570 4534 4211 4794 4673 4448 4257 4312 4630 4352 4423 4651 4401 4658 4509 4514 4396 4460 4535 4265 4489 4727 5104 4670 4758 4383 4743 4523 4642 4750 4556 4862 4255 4805 4413 4779 4651 4288 5075 4532 4253 4507 4436 4717 4539 4771 4917 4901 4889 4382 4348 4584 4558 4483 4377 4470 4377 4118 4506 4665 4603 4637 4618 4160 4203 4860 4489 4985 4295 4727 4815 4932 4472 4546 4938 4140 4392 4674 4433 4621 4177 4554 4658 4495 4479 4612 4139 4542 4608 4853 4619 4560 4701 4205 4817 4806 4350 4315 4599 4795 4810 4418 4430 4736 4716 4517 4539 4053 4411 4656 4899 4697 4226 4902 4306 4529 4888 4575 4640 4446 4252 5115 4566 4684 4709 4521 4691 4578 4597 4420 4774 4536 4084 4654 4666 4581 4503 4280 4342 4347 4254 4446 4621 4494 4499 4218
5162 5640 5521 5171 5278 5373 5355 5384 4910 5326 5567 5808 5246 5402 5353 5084 5508 5589 5582 5448 5542 5556 5238 5524 5420 5681 5385 5792 5087 5187 5276 5436 4778 4922 5233 4864 5774 5560 5488 5194 5070 5429 5553 5419 5489 5144 5234 5088 5340 5531 5663 5312 5388 5986 4891 5334 5114 5456 5580 5687 5343 5057 5490 4958 5235 5238 4998 5270 5242 5445 5198 5002 5544 4971 5194 5399 5910 5415 5502 5140 5534 5272 5375 5347 4913 5818 4920 5651 5333 5226 5394 4974 5720 5389 4717 5466 5265 5607 5217 5149 5481 5587 5620 5348 5004 5581 5462 5322 5321 5159 5257 5029 5300 5022 5313 5162 5429 4809 5105 5858 5393 5668 5024 5676 5870 5428 5074 5262 5969 5004 4997 5574 5151 4755 4989 5083 5651 5397 5157 5374 5094 5504 5314 5578 5595 5301 5000 4991 5510 5380 5009 4876 5602 5496 5862 5572 5418 5673 5769 5368 5674 4915 4926 5524 5299 5484 4956 5460 5244 5291 5676 5183 5583 5009 5025 5802 5472 5064 5796 5343 5446 5275 5422 5212 5671 5408 4762 5230 5409 5503 5100 5126 5111 5379 5260 4973 5090 5092 5507 4856
4882 5281 5073 5088 4739 4882 5028 5149 4664 4817 5372 5398 4822 4893 5057 4948 5072 5391 5017 5148 4929 5296 4997 5085 5425 5300 4897 4996 4804 4699 5264 5100 4446 4706 4969 4659 5467 4940 4866 4882 4812 5085 5077 4986 5166 5025 5277 4856 4912 5113 5174 4972 5111 5291 4769 5271 4780 5098 5152 4920 4548 4560 5173 4887 4682 4706 4660 5215 5078 5179 4744 4643 4749 4606 4932 5267 5767 5172 5267 4656 5093 5058 4903 5058 4676 5173 4847 5297 4921 5058 5351 4772 5419 4871 4391 4914 4870 5345 5029 5036 5329 5005 5160 5100 4962 5106 5269 4849 4909 4956 4798 4795 4781 5075 5014 5365 4894 4644 4889 5215 4869 5249 4886 5102 4862 5260 4880 4828 5419 4810 4853 4945 4771 4580 4741 4975 5292 4836 4722 4960 4609 5122 5116 5504 5222 4903 4861 4775 5206 4850 4708 4754 4868 4856 5469 4926 4836 5080 4962 5023 5228 4408 4811 5225 5039 4991 4498 4917 5098 4856 5408 4931 5232 4730 4624 5518 4968 5110 5004 4876 5062 4919 5252 4917 5300 4887 4541 5248 5050 5037 4381 4802 4879 4742 4627 4768 4694 4930 5342 4465
4694 4949 4971 4904 5040 5144 4831 4885 4408 4793 5130 5304 4483 4458 5028 4627 4631 5154 4700 4864 5020 5287 4618 4811 5104 5466 4777 5122 4611 4765 5166 5003 4630 4790 4831 4363 5077 4811 5005 4480 4582 4903 5131 4649 4887 4632 4895 4389 4707 4804 5048 4722 4775 4916 4492 4835 4641 4867 4812 4613 4697 4452 4873 4418 4529 4883 4653 4764 4885 4920 4521 4581 5170 4685 4839 4874 5143 4868 5146 4668 4733 4800 4899 5046 4384 5033 4301 5212 4980 5289 4791 5039 5127 4881 4362 4701 4489 4936 4716 4948 5314 5040 5014 4751 4728 4886 4902 4561 4657 4705 4450 4487 4248 4634 4974 4897 4667 4221 4693 4908 4851 5193 4459 5085 5099 5161 4561 4537 5231 4459 4623 5034 4544 4711 4560 4772 5101 4762 4770 4942 4645 4912 4955 5232 4878 4702 4827 4740 5240 4858 4677 4365 4749 4872 5260 4840 4512 5026 4906 4711 5086 4378 4572 4841 4847 4721 4465 4830 4415 4377 5058 4864 5033 4360 4630 5183 4904 4585 4861 4677 4641 4781 5033 4673 5097 4920 4366 4958 4791 4962 4582 4317 4352 4834 4755 4749 4617 4881 5229 4335
4883 5519 5222 4953 5229 5329 5336 5275 4865 4924 5295 5611 5024 5144 5375 4902 5403 5393 5363 5476 5384 5788 5112 5339 5234 5608 5038 5320 5003 5020 5331 5360 4947 4926 4865 5004 5646 5007 5289 4833 4868 5238 5596 5399 5358 4894 5193 5066 5004 5245 5643 5250 5178 5556 4940 5319 5080 5095 5454 5243 5092 4776 5018 4881 4935 4843 4934 5103 5340 5238 4950 5040 5360 4861 5202 5293 5833 5182 5533 4754 5190 5006 5290 5399 4908 5599 4860 5472 5386 5322 5208 5255 5552 5112 4891 5243 5294 5317 5412 5330 5628 5350 5492 5200 4764 5274 5289 4993 4947 4977 5012 4511 4958 4937 5139 5215 5170 4680 4889 5375 5069 5551 4659 5257 5494 5334 4905 5175 6064 4565 4753 5046 4981 4869 4961 4708 5494 5164 5037 5537 5054 5350 5313 5444 5275 5260 4971 5206 5406 5187 4912 4820 5233 5165 5639 5209 5083 5238 4962 5270 5424 4971 4894 5630 5350 5093 5002 5191 5104 4980 5390 5208 5461 5222 5091 5363 5113 5260 5157 5050 5093 5164 5439 5253 5489 5274 4646 5438 4984 5138 4649 4835 5137 4930 5131 4833 4982 5110 5527 4806
4995 5482 5073 4778 5054 5355 4918 5228 4760 5171 5159 5410 4912 4942 5035 4954 5238 5113 5135 4940 5054 5503 4949 5280 5331 5337 4877 5076 4561 4725 5053 5055 4641 4707 4830 4346 5430 5381 5250 4767 4735 4962 5227 5053 5240 4577 4702 4617 5038 5033 5325 5020 4981 5368 4617 5128 4841 5089 5287 5083 4791 4773 5079 4490 4816 4918 4872 5194 5104 5187 4759 4766 5260 4560 4919 5177 5389 5166 5387 4604 5132 4994 5035 4848 4698 5535 4805 5189 5055 5401 5053 4993 5556 5062 4799 4816 5064 5239 5124 5028 5385 5500 5300 5031 4756 5087 5151 4697 4944 4569 4592 4366 4808 5093 5235 5324 4827 4287 4452 5371 5048 5250 4665 5314 5089 5270 4743 4892 5682 4729 4714 4752 4750 4969 4656 4719 5161 4892 4981 5270 4836 5229 5241 4898 5223 5236 4793 4749 4989 4989 4995 4552 5103 4993 5226 5191 4857 5075 4877 5042 5356 4893 4891 4920 4964 4889 4842 5033 4804 4929 5345 5214 4854 4800 4806 5129 4913 4845 5255 4777 4931 4967 5071 5006 5056 5106 4492 4961 4894 5245 4653 4772 4674 5005 4842 4928 4948 5070 5313 4469
4769 5193 5149 4633 4818 4921 4863 5175 4585 4535 5124 5472 4952 4633 5006 4900 5398 5074 5235 5039 5172 5429 4859 4896 5272 5510 4921 5115 4739 4897 5175 5411 4608 4995 4682 4396 5449 5159 4876 4458 4970 4945 5000 4979 5056 4755 4930 4597 4932 5109 5319 5021 4874 5575 4954 4968 5017 5289 5135 5053 4814 4482 4959 4552 4853 4840 4776 5215 5103 5061 4643 4873 5285 4756 4772 5191 5511 5089 5031 4531 5091 5054 5138 5087 4671 5318 4632 5220 5035 5383 5216 4984 5679 5192 4744 5162 5049 5206 5122 5000 5361 5200 5377 5062 4634 5005 5268 4857 4890 4752 4536 4603 4837 4858 5285 5170 4881 4707 4802 5422 4930 5396 4288 5179 5134 5059 5056 4986 5596 4612 4776 4995 4754 4816 4821 4750 5322 4724 4871 5005 4754 5190 5253 5358 5485 5006 4688 4714 5324 4939 4802 4571 4932 5031 5370 4984 5000 5131 4891 5001 5106 4689 4773 5226 5140 4945 4839 5153 4888 4940 5189 5045 5299 4841 4817 5021 5093 4877 5246 4915 5160 5030 5330 4942 5291 4903 4623 5288 4995 4980 4465 4814 4771 4844 4670 5021 5095 4912 5091 4870
4912 5258 5239 4980 4833 4922 5071 5229 4538 4822 5217 5366 4857 4621 5085 4818 5135 5131 4999 5266 5125 5550 4948 5067 5075 5356 4970 5309 4868 4642 5449 5064 4722 4722 4912 4393 5197 4970 4953 4445 4635 5139 5122 4748 4849 4756 5227 4580 5036 5145 5179 4895 5008 5386 4859 5007 4758 4991 4984 5091 4780 4544 5122 4712 4784 4818 4949 5028 5351 4967 4365 4835 4988 4517 4812 5175 5595 5221 5499 4272 5099 5263 5264 5140 4661 5466 4420 5121 5213 5265 4673 4877 5522 4928 4556 4731 4844 5000 4981 5199 5187 5232 5367 4904 4814 5030 4987 4792 4955 4535 4853 4418 4759 4816 5370 4954 4882 4694 4797 4995 4860 4935 4566 5169 5376 5282 4782 4911 5700 4691 4607 4889 4558 4849 4442 4570 5410 4654 4721 5091 4768 5154 5029 5406 4936 5037 4855 5057 5366 4997 4762 4339 5172 5068 5118 4777 4764 5089 4574 4681 5119 4720 4580 5155 5087 4771 4620 5197 4812 4511 5301 5181 4955 4749 4768 5140 5043 5381 5018 4986 4994 4799 5029 4728 5126 5045 4286 5336 4716 4983 4979 4737 4411 4739 4614 4763 4905 4999 5022 4675
4361 4963 4657 4575 4659 4357 4907 4820 3972 4534 5046 4980 4470 4475 4914 4301 4554 4773 4702 5016 4952 5248 4322 4758 4754 5032 4266 4937 4582 4357 4743 4757 4404 4653 4520 4399 5055 4799 4822 4411 4329 4686 4950 4826 4663 4503 4813 4417 4637 4655 5038 4631 4512 5181 4240 4729 4635 5004 4592 4639 4480 4231 4505 4313 4391 4629 4651 4802 4473 4919 4595 4599 4861 4222 4507 4828 5006 4650 5145 4212 4585 4418 4767 4581 4544 5120 4382 4912 4727 4697 4531 4527 4954 4610 4506 4556 4687 5235 4765 4659 5144 4857 4907 4913 4411 4518 4642 4611 4512 4474 4379 4387 4300 4441 4560 4811 4679 4547 4314 5043 4686 4940 4380 4566 4863 4794 4488 4846 5254 4352 4387 4463 4545 4560 4438 4490 4817 4517 4505 4908 4261 4858 4589 4971 4779 4809 4446 4355 4727 4790 4550 4542 4664 4602 4872 4724 4707 4987 4660 4526 4877 4171 4485 4988 4639 4623 4568 4750 4389 4689 4794 4527 4833 4290 4469 4941 4564 4370 4658 4342 4742 4732 4991 4688 4778 4752 3985 4976 4690 4951 4374 4509 4190 4553 4483 4415 4591 4832 4722 4468
5325 5644 5577 5317 5291 5616 5358 5640 4979 5198 5563 5886 5396 5469 5731 5017 5697 5551 5326 5290 5267 6061 5494 5718 5581 5824 5320 5590 5037 5346 5775 5627 4933 5100 5228 4869 5996 5528 5754 5262 5322 5715 5609 5491 5600 5002 5318 5116 5550 5667 5627 5651 5413 5734 5053 5337 5397 5727 5699 5209 5354 4977 5364 4999 5238 5509 5228 5391 5578 5478 5242 5354 5786 5087 5376 5787 5787 5746 5717 5081 5622 5420 5666 5185 5112 5813 5164 5637 5535 5542 5339 5068 5775 5304 4682 5507 5125 5645 5474 5899 5780 5542 5846 5490 5014 5378 5547 5294 5268 5266 5083 4900 5162 5478 5809 5663 5646 4983 5258 5770 5477 5939 5085 5592 5561 5691 5322 5197 6048 5006 5452 5534 5019 5230 4859 5363 5493 5439 5585 5529 5206 5579 5655 5538 5580 5535 5558 5126 5730 5357 5557 5061 5427 5158 5722 5575 5202 5702 5425 5579 5435 4963 4942 5636 5335 5423 5460 5701 5490 5314 5843 5535 5670 5296 5273 5953 5698 5308 5662 5157 5569 5782 5483 5418 5447 5611 4804 5874 5434 5511 5122 5455 4769 5343 4996 5241 5237 5244 5783 5087
4891 5097 5064 4875 5060 4779 5195 5307 4547 4852 5007 5135 4728 4854 4944 4713 5035 5189 5000 4937 4983 5507 4896 5161 5072 5255 4716 5105 4605 4724 4990 5069 4607 4781 4856 4837 5359 5174 4860 4622 4796 5135 5344 5177 4946 4581 4824 4502 4784 4899 5284 5050 4931 5465 4562 4612 4548 5001 5084 4907 4662 4924 5043 4508 4821 4632 4783 5080 4691 4901 4882 4831 5276 4722 5094 4837 5385 4755 5170 4738 5174 4876 5040 4964 4712 5365 4479 5384 5132 4927 4922 4516 5445 5191 4722 4971 4938 5093 4846 5127 5176 5182 5488 5139 4667 4784 5125 4839 4858 4784 4927 4654 4469 4666 5014 5100 4731 4667 4646 5211 5002 5395 4512 4842 5092 5300 4808 4935 5487 4532 4796 4764 4946 4803 4562 4678 5067 5078 4659 5359 4389 4947 4969 5187 5070 5028 4661 4845 5323 4965 4813 4598 4899 4978 5225 4830 4898 5272 5038 5006 5404 4492 4827 4989 5201 4829 4800 5077 4880 5035 5048 5169 4988 4792 4928 5303 4934 4802 5163 5067 4883 4717 4972 4878 4837 5124 4718 4945 4937 5059 4741 4584 4870 5090 4765 4783 4894 4856 5067 4532
5066 5397 5205 4996 5264 5518 5209 5389 4882 4940 5445 5591 5116 5019 5161 4627 5321 5403 5376 5457 5110 5744 5186 5560 5013 5717 5003 5354 4876 5139 5198 5355 4695 4938 4941 4897 5604 5244 5210 4832 5281 4952 5349 5115 5301 4648 5182 4713 5362 5174 5474 5020 5146 5770 4925 5420 4969 5198 5344 5395 4774 5053 5240 4901 4905 5085 4891 5210 4988 5269 5087 5058 5210 4911 5277 5107 5482 5214 5271 4775 5133 4922 5213 5242 4900 5298 4661 5420 5385 5206 5304 4638 5473 5205 4509 5241 5059 5259 4938 5268 5338 5059 5332 5037 4857 4997 5309 4749 4988 5000 4992 4599 4817 4833 5167 5367 5002 4696 4848 5559 5001 5644 4846 5117 5046 5384 4951 4931 5622 4762 5160 5107 5007 4911 4952 4752 5607 4992 4659 5297 4692 5031 5085 5433 5082 4926 5120 5228 5267 5232 4945 4665 5135 5148 5484 5152 4969 5477 4973 4916 5503 4659 4772 5251 5035 4944 4914 5268 5230 4881 5261 5285 5328 4902 4771 5881 5164 4890 5125 5311 5158 5187 5328 5441 5320 5296 4649 5219 4974 5084 4962 4825 4979 5130 5177 4817 4819 4756 5245 4875
5386 5732 5645 5476 5600 5815 5426 5787 4878 5380 5741 6175 5444 5189 5885 5373 5558 5642 5434 5562 5794 6222 5229 5487 5818 6042 5437 5616 5333 5458 5835 5678 5172 5335 5294 4895 5752 5765 5683 5365 5429 5515 5694 5563 5490 4939 5459 5251 5552 5677 6172 5349 5665 5753 5076 5602 5530 5624 5719 5572 5365 5208 5371 5183 5215 5528 5356 5360 5549 5464 5462 5319 6030 5277 5653 5586 6284 5797 5753 4947 5427 5668 5638 5361 5267 6056 5040 5498 5601 5779 5350 5344 6042 5420 5005 5272 5195 5774 5502 5714 5950 5512 6167 5355 5268 5210 5453 5049 5209 5378 5177 4641 5179 5079 5800 5743 5512 5186 5071 5608 5375 5883 5340 5454 5661 5808 5041 5249 6034 5316 5258 5558 5282 5473 5270 5457 5906 5285 5307 5500 5006 5573 5450 5924 5768 5593 5382 5430 5693 5698 5361 5342 5514 5354 5822 5625 5237 5555 5335 5252 5838 5151 5423 5603 5568 5239 5513 5658 5243 5187 5946 5793 5709 5266 5265 5811 5314 5244 5508 5320 5316 5102 5589 5394 5676 5490 4918 5795 5409 5750 5037 5266 5098 5604 5294 5337 5351 5540 5743 5384
4766 5339 5023 4830 4473 5023 5258 4955 4576 4659 4881 5602 4842 4747 4829 4436 4904 5199 5114 4966 5394 5311 4661 4935 5143 5284 4494 5341 4682 4607 4920 5197 4440 4457 4717 4507 5287 5143 5009 4672 4831 5002 5181 5091 4878 4637 4803 4646 4612 5050 4962 4775 5111 5306 4686 4713 4579 4858 5071 5135 4594 4681 5124 4494 4862 4733 4727 4647 5025 5024 4854 4503 5154 4756 4864 5176 5376 4953 5034 4528 4728 4832 4703 4970 4587 5207 4795 5096 5033 5024 4461 4761 5080 4995 4677 4839 4954 4862 4933 5007 5249 5079 5099 4890 4692 4919 5016 4428 4939 4801 4784 4292 4446 4803 5054 4960 4910 4589 4727 4917 4752 5194 4626 5086 5056 4991 4670 4919 5223 4283 4585 4697 4596 4452 4668 4565 5135 4758 4865 5101 4410 4838 5045 5010 4953 4897 4666 4651 5016 4809 4712 4586 5048 5141 5176 4802 5037 4995 4933 4991 5168 4369 4704 4843 4769 4767 4598 4966 4910 4805 5096 4762 5069 4718 4691 5218 4985 5012 4697 4904 4813 4502 4760 4692 5018 4750 4315 4910 4771 4923 4447 4828 4669 4716 4711 4838 4716 5017 4969 4537
4952 5539 5355 5083 5153 5463 5088 5108 4632 4741 5626 5564 5072 4790 5163 4716 4994 5357 5055 5496 5295 5643 5006 5492 5581 5526 5016 5681 4992 4636 5353 5272 4479 4754 4899 4718 5634 5093 5030 4758 4890 5332 5179 5260 5010 4927 5090 5231 5037 5087 5627 4808 5274 5561 4616 5107 5253 5506 5349 5045 5173 4776 5106 4899 4979 5226 5000 5265 5337 5199 5093 4879 5462 5045 5061 5388 5729 5381 5560 4693 5048 5206 5505 5017 5051 5590 4665 5271 5231 5328 5224 5177 5548 5270 4752 5255 5139 5239 5245 5192 5467 4955 5333 5015 5131 5156 5336 5033 5215 4916 4865 4751 4817 5028 5355 5197 4883 4907 5183 5334 5422 5348 4765 5453 5501 4924 4800 4852 5523 4888 4989 5142 4767 5116 5018 4701 5553 5220 5256 5226 4998 5324 5223 5374 5084 5131 4998 4971 5568 4793 4928 4758 5260 5204 5669 4991 5091 5207 5428 5066 5344 4723 4769 5419 5166 4853 4765 5001 5117 4934 5393 5344 5300 5136 5042 5307 5291 5068 5072 4929 5178 5067 5113 4911 5612 5197 4717 5276 5090 5449 4797 4842 5255 5052 5079 5120 5059 5232 5529 4799
4582 5205 4983 4751 4983 4859 4774 4915 4576 4609 5008 5386 4854 4604 4971 4636 5056 5294 4962 5083 5067 5321 4916 5096 5099 5235 4730 4884 4531 4908 4999 5165 4483 4529 4820 4487 5048 4782 4775 4562 4736 4985 5020 4801 5024 4835 4818 4653 4703 5146 4966 4944 4947 5497 4632 4977 4820 5194 4834 5030 4944 4674 5206 4598 4977 4721 4937 4916 5074 4829 4922 4812 5062 4471 5036 4912 5589 5016 5255 4375 4811 4515 4891 4958 4609 5178 4549 5323 5077 4914 4780 4975 5202 5054 4350 4914 4732 5059 4811 5044 5359 5122 5078 4973 4703 5053 5290 4558 4781 4971 4744 4410 4446 4733 5024 5054 4789 4412 4677 5008 5029 5222 4559 5084 5275 5004 4647 4721 5437 4610 4610 5116 4713 4807 4785 4592 5231 4615 4891 5003 4443 4962 4910 5111 5024 5109 4605 4476 4973 4748 4697 4353 4897 4805 5326 4785 4728 5123 5094 4751 5005 4398 4676 5103 4943 4858 4224 4706 4895 4922 5291 4850 5217 4503 4806 5222 4984 4832 5059 4768 4722 4834 5209 4924 5450 5088 4489 4929 5048 4845 4596 4865 4673 4596 4753 4927 4990 4841 5179 4573
4818 5707 5326 5260 5221 5480 5271 5326 4977 4911 5463 5690 4826 4935 5668 5168 5203 5434 5435 5054 5412 5743 5068 5289 5469 5897 4975 5438 4837 4932 5252 5408 4902 4867 5069 5002 5573 5484 5175 5037 4760 5249 5423 5419 5061 4882 4961 4901 4968 5512 5524 5231 5383 5530 4913 5031 4976 5076 5197 5136 4905 4666 5396 4995 5084 4759 5119 5197 5541 5325 4801 4920 5477 4566 4971 5254 5606 5177 5487 4791 5143 5384 5178 5130 4743 5622 4728 5455 5363 5434 4921 5129 5761 5237 4911 5029 5068 5336 5197 5217 5621 5420 5272 5113 4827 5239 5417 4734 5251 4725 4995 4538 4638 5010 5185 5275 5127 4470 4741 5129 5139 5579 4785 5169 5436 5481 5176 5219 5661 4786 4867 5244 5050 4926 4975 4858 5414 4887 5022 5468 4920 5332 5268 5478 5409 5387 4869 4931 5432 5267 4956 4603 5301 5194 5611 5229 5037 5018 4912 5099 5346 4728 5052 5162 5192 4993 5029 5292 5126 4962 5411 5362 5287 4947 5141 5248 5059 4892 4994 5225 5034 4828 5147 5011 5345 5086 4597 5393 4892 5418 4941 5004 4877 5118 4993 5002 4852 5407 5440 4844
4738 4929 5230 4845 4649 4883 5237 5205 4448 4699 5228 5331 5110 4762 4952 4782 5059 4772 4670 4761 4934 5334 4858 5072 5086 5226 4754 5014 4563 4609 5153 4937 4438 4438 4560 4701 5142 5237 4920 4460 4705 4853 4916 5061 4903 4704 4866 4574 4846 5166 5211 4623 4871 5212 4742 4900 4641 5051 4957 4660 4651 4714 4924 4472 4513 4917 4673 4906 5024 4804 4411 4895 4890 4670 4925 5183 5413 5312 5181 4638 4830 4878 5151 4760 4612 5411 4514 4773 5149 4741 4838 4568 5463 4689 4360 4839 5036 5013 4514 5104 5362 5016 5407 4709 5012 4822 4975 4467 5046 4824 4777 4732 4482 4903 5155 5220 4859 4441 4705 5059 4905 5486 4870 4929 5304 5003 4627 4695 5531 4645 4691 4867 4620 4935 4634 4462 5202 4743 4753 5014 4375 4885 5079 5167 5194 5254 4854 4743 5184 4714 4775 4670 5125 4558 5262 4885 4755 5060 5226 4771 4829 4433 4789 4717 5009 4596 5118 4820 4699 4750 4987 4867 5256 4773 4836 5284 4966 4489 4870 4910 5004 4920 5001 4885 4986 4611 4685 4809 4513 4938 4766 4375 4693 5046 4620 4906 4643 5044 5235 4639
4409 4728 4422 4561 4293 4841 4950 4858 4233 4321 4999 4978 4566 4487 4881 4522 4906 4823 4529 4683 4529 5276 4534 5190 4941 4988 4611 4758 4541 4189 4643 4708 4290 4336 4266 4347 5052 4817 4552 4351 4578 4623 4601 4593 4652 4249 4439 4088 4468 4710 5039 4654 4533 4945 4448 4346 4567 4399 4925 4806 4445 4446 4784 4259 4437 4858 4325 4779 4856 4567 4747 4520 4744 4367 4507 4534 5046 4745 4975 4577 4790 4533 4432 4648 4252 4853 4540 4664 4838 4831 4869 4535 4929 4759 4341 4617 4495 4907 4423 4699 4963 4799 4692 4434 4261 4676 4465 4442 4580 4495 4396 4305 4547 4446 4690 4830 4397 4338 4623 4897 4549 4958 4192 4695 4694 4980 4465 4550 4903 4252 4177 4724 4331 4335 4073 4555 4939 4465 4495 4622 4048 4630 4531 4762 5078 4847 4698 4537 4888 4732 4516 4192 4750 4563 4997 4798 4767 4510 4549 4534 4940 4297 4303 4497 4661 4694 4541 4681 4518 4402 4894 4758 4897 4473 4499 5047 4655 4251 4526 4447 4492 4770 4558 4766 4733 4901 4035 4651 4788 4825 4261 4509 4455 4917 4363 4497 4659 4428 5016 4234
4974 5160 4928 4959 5169 5056 5017 4986 4369 4821 5148 5448 4911 4552 4721 4685 5483 5305 4717 5213 5199 5372 4806 5196 5195 5121 4861 4815 4652 4588 5266 5074 4343 4520 4772 4214 5543 4832 4768 4520 4682 4755 5223 4926 5080 4642 4847 4927 4724 4924 5317 4581 5060 5342 4515 4726 5010 5043 4835 4991 4776 4615 4950 4593 4965 4980 4577 5036 5105 4752 4691 4764 4990 4498 4912 4840 5415 5117 5162 4578 5006 4831 5295 4841 4733 5324 4622 4954 4994 5056 4852 4764 5467 4982 4570 4964 5058 5057 4898 4987 5501 5479 5179 4886 4320 4960 5091 4635 4746 4696 4661 4335 4615 4980 4999 5158 4991 4598 4521 4946 5025 5199 4551 4964 5274 5169 4692 4888 5526 4557 4839 4882 4594 4758 4476 4777 5185 4942 4642 5247 4661 4866 4983 5340 5071 5043 4869 4637 5146 4635 4878 4355 4968 4640 5149 4859 4694 5242 4859 4908 5078 4458 4540 4974 5114 4920 4662 4740 4924 4721 5117 5112 5339 4796 4698 5271 5110 4836 5051 4599 4602 4630 5177 4812 5074 4768 4454 5211 4988 5012 4472 4822 4601 4704 4539 4609 4847 5051 5286 4619
4513 4861 4937 4741 4679 4683 4765 4735 4258 4450 4885 5110 4493 4379 4819 4530 4830 4884 4701 4892 4837 5148 4590 4710 4910 5106 4690 4494 4519 4262 4640 4809 4143 4314 4462 4472 5062 4946 4665 4310 4388 4622 4760 4730 4671 4612 4702 4469 4594 4646 4790 4540 4736 5145 4788 4459 4637 4818 4738 4656 4603 4115 4759 4497 4237 4535 4645 4769 4884 4588 4654 4706 4982 4359 4491 4464 5188 4943 5079 4378 4699 4718 4726 4660 4278 4951 4433 4849 4827 4922 4674 4302 4868 4721 4348 4582 4489 4965 4752 4681 5191 4804 4885 4794 4412 4779 4722 4463 4579 4442 4422 4323 4423 4524 4970 4621 4251 4370 4674 4761 4542 5162 4542 4690 4877 4899 4559 4481 5231 4417 4405 4773 4130 4537 4341 4424 5014 4421 4456 4752 4187 4794 4649 4934 4769 4816 4625 4345 4941 4676 4517 4352 4528 4326 4951 4533 4684 4901 4797 4392 4641 4202 4519 4924 4524 4434 4466 4523 4549 4292 4812 4846 4860 4476 4527 5063 4657 4601 4638 4401 4666 4541 4936 4857 4981 5030 4137 5014 4606 4871 4295 4367 4460 4813 4511 4409 4471 4917 5014 4274
4947 5669 5460 5113 5064 5277 5492 5529 4526 4991 5415 5400 5308 5013 5370 4884 5089 5374 5418 5593 5626 5796 4926 5483 5490 5830 5080 5441 4933 4847 5525 5567 4912 5313 5066 4939 5641 5310 5381 5070 5024 5588 5423 5164 5217 5176 5214 5185 5114 5384 5502 5155 5102 5861 4967 5270 5157 5304 5485 5083 5148 4984 5372 4969 5051 5028 5304 5261 5388 5284 5149 4908 5522 4911 5057 5330 5741 5227 5563 4839 5368 4910 5177 5188 4929 5853 4943 5364 5290 5547 5242 5123 5469 5213 5077 5177 5225 5228 5279 5372 5645 5404 5474 5365 5026 5511 5208 5019 5334 4953 5019 4856 5064 5002 5100 5118 5152 4770 4881 5472 5308 5469 5014 5147 5715 5352 5174 5207 6063 4930 4949 5166 4958 4833 4710 4880 5720 5122 5146 5472 4637 5304 5201 5759 5279 5400 5060 5068 5483 5267 5126 4749 5159 5562 5771 5466 5063 5646 5381 5342 5448 4863 5090 5406 5199 5234 4871 5333 5195 5173 5408 5258 5311 5213 4941 5450 5166 5224 5309 5134 5248 5262 5435 5348 5527 5130 4575 5271 5391 5326 4697 5069 4935 4862 5135 4915 5368 5332 5349 5201
4702 5274 5092 5070 4814 5072 5086 5017 4536 4485 4959 5059 4837 4780 5017 4560 5000 5237 5034 5215 5017 5246 5022 5359 5062 5545 4896 5080 4871 4660 5226 5252 4741 4463 4847 4687 5459 5065 4906 4837 4776 5149 5083 4853 4810 4594 4903 4812 4724 5018 5298 4658 5021 5514 4885 4829 4959 5143 5247 4830 4770 4694 4964 4583 4783 4626 4955 4818 5018 5007 4737 4792 5360 4830 4632 4952 5657 5196 5376 4427 4958 4891 4733 4990 4755 5383 4830 5056 5076 5133 4939 4625 5264 4949 4697 5134 4939 5149 4909 5195 5318 5150 5187 4980 4694 5221 5086 4935 4950 4931 4936 4466 4671 4813 4868 4899 4931 4331 4894 5259 4930 5250 4815 5238 5486 5415 4803 5044 5284 4643 4770 5181 4607 4605 4545 4812 5270 4760 4929 5176 4671 5184 5035 5599 5292 5247 4875 4810 5267 5160 4624 4703 5112 4987 5435 5191 5025 5028 4960 4992 5043 4361 4619 4786 5025 5012 4429 5051 4707 4782 5192 4793 5230 4769 4883 5405 5183 5102 5139 4658 4802 5030 4939 4820 5337 4982 4570 5536 5043 5036 4678 4816 4843 4893 4931 4836 4651 4995 4949 4831
4818 5171 5149 5121 4979 5019 4902 5253 4595 4886 5301 5095 5004 4947 5175 4780 5150 5168 5161 5257 5254 5633 4954 4930 5238 5268 4849 5370 4817 4924 5247 5341 4527 4856 4734 4776 5656 5138 5125 4665 4815 5109 5278 5160 5195 4515 4977 4607 4901 4924 5117 4651 4983 5469 4673 5114 4801 5021 5223 4728 5033 4573 4855 4956 4641 5203 4953 4900 5252 4952 4930 4709 5051 4879 4793 5120 5338 5417 5239 4959 5067 5023 5186 5157 4768 5464 4736 4940 5080 5232 5109 4930 5354 5096 4516 4882 4784 5150 4879 5088 5443 5354 5349 4916 4829 5294 4833 4991 5048 4859 4729 4700 4743 4834 5263 5126 5059 4500 4944 5102 4722 5478 4784 4869 5516 5090 4877 4950 5766 4705 4752 4922 4914 4918 4695 4769 5246 4981 4736 5114 4816 4841 4850 5378 5046 5180 4777 4879 5429 5055 4849 4499 5248 4831 5526 4693 4867 5406 5156 5122 5031 4580 4841 5095 5056 4862 4630 5017 4768 4705 5165 5154 5086 4985 4580 5340 5098 4806 4915 4884 5052 4793 5184 4830 5308 5034 4649 5277 5168 5213 4864 4849 4829 4791 5079 4583 5012 4944 5262 4620
5198 5171 5483 4909 5329 5278 5208 5611 4549 4865 5430 5551 5170 5096 5112 5051 5425 5421 5440 5281 5349 5635 5218 5414 5168 5632 4935 5244 5057 5248 5366 5562 4879 5060 5067 4863 5344 5373 5285 4781 5084 5335 5302 5109 5534 5142 5019 4515 5167 5116 5590 5156 5080 5701 4374 5257 4984 5409 5278 5254 4961 4791 4977 4885 4946 5160 4904 5054 5036 5339 5097 4966 5405 4779 5288 5422 5690 5085 5447 4754 5138 5050 5062 5429 4877 5724 4711 5110 5446 5339 5203 5054 5812 5370 4530 5200 5166 5316 4835 5565 5349 5607 5517 5438 4969 5335 5374 5095 5250 4935 4922 5026 4893 4724 5026 5417 5064 4824 4974 5281 5315 5584 4414 4963 5062 5434 5013 5095 5758 4762 4925 5169 4924 4855 4821 4582 5540 5330 5161 5366 4559 5372 5239 5594 5338 5107 4948 4873 5597 5234 4617 4749 5114 5067 5615 5377 5171 5304 4944 5358 5212 5036 4944 5258 5490 5079 5111 5223 5190 5263 5454 5288 5308 5065 5191 5459 5327 5083 5246 5382 5098 5061 5276 4943 5265 5171 5052 5249 5176 5355 4544 4891 4882 4881 5201 5154 5199 5171 5583 4700
4795 5249 5062 4861 4756 4938 4879 5063 4567 4720 5309 5051 4655 4545 4922 4750 5015 5297 5031 5054 4989 5548 4931 5004 5228 5460 4751 5165 4593 4661 5176 5111 4561 4775 4683 4523 5439 4810 5203 4722 4890 4864 5145 5013 4946 4833 4938 4780 4551 4881 4986 4872 5047 5243 4794 4901 4490 5256 5070 4729 4679 4591 4779 4816 4864 4687 4890 4757 5010 5158 4988 4826 5100 4661 4744 5118 5412 5124 5041 4478 4988 4705 5081 5021 4513 5279 4703 5037 4615 4854 4903 4975 5267 4791 4410 4683 4945 5003 5077 5020 5374 4879 5339 5033 4561 4959 4973 4649 4969 4691 4612 4351 4582 4579 4995 4868 4924 4517 4846 5032 5107 5238 4571 4914 5087 4986 4894 4870 5537 4538 4837 5049 4608 4633 4563 4683 5203 4884 4507 4993 4673 5176 4768 5148 5009 4983 4723 4783 5209 4914 4680 4479 5077 4893 5360 5064 4839 5208 5006 5084 5178 4609 4668 5056 4905 4726 4722 4799 4731 4763 5273 5237 4904 4760 4670 5314 4950 4836 5029 4887 4816 4853 5152 4895 5188 4915 4551 5125 4886 4963 4462 4781 4583 4673 4619 5050 4787 4689 4888 4591
4817 5692 5214 4678 4958 5174 4865 5054 4703 4715 5282 5392 4931 4979 4831 4920 4986 5101 5115 5278 5137 5527 5208 5279 5234 5241 4948 5054 4854 4947 5335 5352 4592 4562 4928 4447 5303 4994 4703 4814 4829 4989 5215 5141 5096 4769 4979 4844 4827 5117 4927 5201 5108 5536 4848 4952 4968 4842 5133 5057 4752 4839 5142 4593 4757 4692 4731 5295 5277 5255 4806 4947 4916 4638 4841 5208 5568 5162 5234 4941 5115 4843 5137 4986 4663 5566 4704 5128 4844 5175 4910 4881 5514 4839 4691 5168 5087 5041 4982 5294 5174 5191 5285 5061 4582 5147 5278 4824 4946 4764 4933 4524 4611 4637 5005 5380 4956 4600 4599 5592 4601 4928 4689 5163 5201 5085 4960 5025 5567 4496 4909 5016 4571 4603 4706 4603 5453 4576 5029 5266 4571 4866 5115 5374 5312 5096 4623 4788 5225 5057 4513 4537 4972 5005 5498 5246 4760 5526 4958 4906 5116 4690 4922 5016 5088 5144 4619 5056 4990 5013 5282 4974 5219 4744 4742 5251 5205 4825 5363 4799 4949 4883 5109 4944 5225 5093 4378 5083 5065 4944 4582 4648 4720 4726 4807 4684 4652 4821 5071 4636
4872 5371 5424 5138 4924 5333 5263 5377 4466 4827 5462 5512 4926 4734 5084 4770 5389 5049 5060 5553 4920 5535 4875 5539 5500 5446 4929 5442 5020 5068 5595 5422 4842 4877 5078 4820 5549 5230 5202 4781 4938 5304 5488 5031 4985 4834 5265 4847 4974 4983 5316 5071 5278 5770 4956 5081 5115 5342 5207 5528 4887 4774 5156 4822 5119 5042 4578 4992 5372 5564 5099 5039 5415 4719 5163 5375 5749 5179 5692 4573 5012 4993 5379 5259 4950 5630 4834 5245 5386 5262 4999 5104 5779 5257 4783 5182 5161 5625 5081 5275 5558 5205 5366 4904 5015 5057 5415 4987 5296 5302 4947 4898 4632 5085 5121 5469 5042 4966 4681 5374 4909 5520 4789 5217 5139 5564 4793 5205 5587 4912 4967 5311 4901 5011 4868 4879 5411 5047 5000 5270 4605 5177 5317 5272 5347 5491 5098 5018 5536 5307 4799 4724 5291 5280 5408 5305 5100 5453 5083 5086 5265 4646 5009 5504 5149 5189 5135 5509 5009 5157 5442 5127 5411 4934 5143 5373 5080 4926 5380 5120 5273 5167 5336 4867 5477 5266 4551 5325 5160 5286 4874 5088 5101 4712 5103 5231 5181 5301 5092 4937
