9451 9843 9516 9386 9709 9509 10133 8913 9478 9672 9295 10417 9883 9301 9626 9067 9879 9014 10019 9879 9614 8921 9196 9527 10070 9825 9421 9923 9549 9344 10258 9976 9422 10002 9532 9779 9871 9346 9488 9959 9493 9784 9578 9544 10264 9224 9344 9347 9279 9182 9801 9579 9780 8938 9597 9546 9969 9238 9152 9183 9551 9361 9462 10300 9357 9173 9744 9356 9423 9731 10440 9267 9610 9056 8927 9378 9956 9381 9241 9967 9146 9521 9354 9184 9488 9493 9346 9877 9873 9235 9419 8708 9602 9473 9292 9108 10014 9640 9443 9480 9197 9727 9416 10042 9825 9282 9904 9575 9676 10390 9232 9864 9930 9833 9332 9513 9755 9553 9365 9631 9252 9693 9720 10095 9438 8981 8972 10101 9465 9331 9221 9597 9371 9286 10393 9914 10024 9887 9620 9717 9855 9163 10138 9266 9865 9217 10092 10009 9726 9271 9518 10401 9116 9144 9409 10292 9891 9430 9859 10034 9504 9494 9160 10024 9008 9485 9622 9986 10339 9387 9465 9866 9384 9299 9615 8877 9587 9498 9861 9275 10465 9270 9698 10423 9369 9108 10072 10078 10438 9758 9471 9833 9872 10207 8956 9235 9485 9040 9797 9218 10062 9129 9274 9609 9686 10542 9884 9370 9809 9640 9811 10023 9007 9387 8968 8975 9353 9629 9527 9539 9494 9810 9961 8802 10052 9473 9184 9323 9544 9319 9220 9139 9586 9595 10004 9229 10176 9677 10193 9434 9630 9353 9625 10005 8996 9408 9947 9630 9585 9728 9627 9557 9206 9462 9691 9493 9488 9350 9619 10143 9445 9486 9264 8972 9374 9717 8992 9559 9498 9546 9111 9969 9906 9839 9813 10004 9532 9702 9359 9827 9015 9727 9442 9841 9694 8946 9320 9559 9181 9587 9535 9641 8940 10036 9540 9518 9605 9047 9717 9861 9438 9512 9366 10260 9296 9478 9119 9645 9607 9884 9254 9826 9744 9408 9948 9449 10402 10100 9548 9145 9941 9149 9573 9830 9441 10155 9705 9758 9556 9446 9585 9183 9794 9662 9730 9113 9929 9382 9686 9610 9186 10136 9681 9518 9635 9749 9400 9845 10414 9197 9171 9948 9436 9998 9490 9372 9113 9761 9110 9493 9741 9883 9437 9733 9541 9708 9484 9381 9073 9791 9434 9917 9907 9633 9874 9451 9496 9690 9339 9862 9619 9260 9718 9369 9882 10030 9467 9791 9113 9748 9370 9666 9450 8968 8994 9857 9578 9592 9590 9944
10388 10242 10343 10555 10349 10596 10895 10008 10444 10261 9952 11386 10565 10038 10393 10012 10911 9801 10968 10945 10608 9885 10411 10251 10586 10331 10415 10649 10135 10168 11005 11356 10309 11169 10754 10456 11142 10649 9958 10896 10346 10276 10512 10561 10867 9907 9925 10046 10529 9891 10729 10375 10778 9623 10470 10293 11153 10431 9702 10386 10615 9606 10626 11527 10599 10386 10607 10215 10747 10945 11163 10423 10390 10247 10596 10065 10659 9871 9825 10916 10540 10348 10295 10717 11079 10384 10394 10699 10724 10274 10200 9912 9963 10024 10396 10100 10656 10372 10362 10594 10052 10395 10483 10679 10149 9844 10969 10429 10627 11039 9782 10905 10837 10979 10463 10111 10495 9966 10591 10429 9866 10302 10549 11010 10153 10215 9514 10964 10426 10540 10590 10264 10043 10406 11403 10091 10515 10980 10354 10563 10220 10037 10785 10043 10645 9983 10957 11463 10961 10046 10119 11249 9882 10092 10285 11250 10516 10303 10398 10964 10400 10672 10074 10520 10274 9992 10646 10398 10686 10306 10473 10713 10148 10281 10963 9946 10194 10690 10846 10504 11386 10550 10854 11280 10074 10364 10480 11199 10899 10159 10232 10817 11034 11253 10145 10238 10160 9980 10493 9647 10569 10208 9945 9954 10815 10972 10389 10222 10659 10354 10739 10636 9487 10312 9812 9992 10088 10742 9965 10260 9860 10576 10288 9524 10603 10203 10021 10082 10131 10295 10348 10192 10596 10663 11163 10262 10626 10917 11097 10360 10920 10049 10619 10973 9878 10646 10720 10355 10220 10632 10259 10032 10317 10616 10788 10324 10536 9876 10237 11047 9760 10460 10067 9697 9892 10459 10043 10435 10721 10491 9727 10674 10369 10258 10716 10817 10219 10676 10406 10699 9495 10427 10540 11089 10797 9591 10627 9910 10305 10250 10559 10052 9480 10925 10794 10421 10057 10228 10486 10944 10080 10277 10458 11106 10150 10138 10022 10404 10455 10971 10200 10608 10284 10461 10747 10381 11173 10587 10504 9944 10699 10287 10453 10312 10774 10625 10568 10863 10635 10365 10998 9911 10450 10473 10276 9679 10913 10748 10363 10426 10290 10321 10260 10397 10673 11126 9843 10925 10795 10358 10361 10611 9733 11029 10659 10240 9890 10310 9921 10185 10549 10476 10524 10837 10640 10161 10567 10437 10082 10468 10457 10921 10721 10214 10346 10593 10127 10388 10387 11039 10770 10373 10799 10016 10495 10342 10531 11187 10245 10538 10235 10579 10460 10075 10020 10930 10208 10187 10634 10874
9947 10070 9709 9879 9632 9685 10368 9375 9788 9537 9346 11011 10066 9590 10010 9029 10117 9282 9992 10422 9940 9331 9414 9709 10406 9805 9832 9964 9903 9677 10191 10534 9879 10766 10106 9776 10280 9655 10028 10582 9651 9925 10076 9977 10009 9573 9808 9535 10130 9569 10226 9909 9942 9245 9865 10149 10221 9588 9750 9404 10053 9529 9943 10341 9493 9442 9866 9685 9625 10147 10552 9632 10082 9954 9822 9413 10277 9737 9153 10273 9683 9937 10156 9466 10315 10009 9748 10287 10018 9961 9684 8963 9433 9892 10084 9991 10337 9737 9399 9824 9893 9532 9146 9927 10025 9658 10069 10352 9894 10247 9631 9758 10123 9930 9837 9957 9489 9635 9221 9748 9595 10062 10212 10479 9513 9555 9179 10615 9644 10021 9755 9616 9322 9766 10580 9869 9994 9654 9651 9785 9575 9528 10401 9676 9899 9717 10163 10302 9903 9516 9544 10726 9042 9664 9558 10661 10158 9593 10213 10329 9947 10341 9708 10295 9681 9539 9635 9814 10566 9513 10051 10220 9593 9893 10148 9572 9884 10215 10177 10121 10660 9815 9832 10363 9536 9479 9883 10928 10525 10099 9395 9831 10080 10514 9246 9644 9429 9066 9946 9240 10256 9434 9875 9544 10566 10524 9804 10123 9710 10326 10396 10223 8980 10026 9310 9107 10026 10373 9588 9512 9839 9734 9567 9012 10230 9576 9430 9842 9752 9658 10035 9493 9846 10294 10330 9702 10023 10527 10499 9696 9934 10036 10238 11002 9384 9619 10099 9843 9571 9773 9881 9679 9949 10018 9883 9847 9796 9490 9536 10601 9716 9551 9695 9416 9900 9824 9881 9764 9728 9546 9417 10428 9689 9977 10035 10403 10312 9911 9951 9931 9429 9679 9943 9931 10204 9229 10105 9832 10060 9780 10125 10123 9396 10582 9855 10114 9955 9791 9983 10217 9927 9905 9764 10396 10064 9951 9542 9870 9709 10275 9417 9840 9933 9767 10109 9722 10581 9926 9905 9509 9727 9886 9954 10007 10005 9844 9727 10131 9666 9811 10020 9272 10174 10158 10063 9925 10331 9928 9631 9756 9885 9993 10057 9997 10330 10536 9073 9891 10401 9438 9671 9795 9201 10693 9892 9865 9376 10027 9357 9722 10283 9790 9686 10209 9699 9931 9620 9711 9107 9776 10259 10171 10048 9977 9967 9711 9711 10180 9487 10284 9811 9590 10788 9739 10367 9877 10139 10116 9632 10066 9664 10085 9839 9638 9289 10246 9353 10004 10183 10061
9489 10239 9167 9421 9611 9457 10131 8755 9689 9549 9125 10926 9726 8973 9579 8508 9619 8574 9661 10245 9543 9319 9651 9268 9948 9544 9244 9474 9305 9605 10297 10006 9566 10087 9561 9190 10062 9385 9576 9930 9647 9382 9740 9591 10031 9230 9110 9598 9620 9323 9477 9379 9645 8809 9388 9555 10089 9608 9131 9142 9670 9170 9601 10004 9262 9084 9781 9283 9496 9735 9910 9305 9995 9525 9561 9199 9601 9174 8966 9304 9313 9664 9913 9843 9981 9147 9466 9737 9765 9586 9451 9451 9524 9276 9167 9153 9947 9705 8780 9451 9027 9251 9304 9620 9726 9326 10320 9518 9130 9761 9338 9940 10121 9672 9679 9750 9989 9032 9462 9368 8865 9681 9544 9813 9138 8762 9043 9377 9288 9663 9633 9469 9078 9564 10338 9519 9593 9961 9538 9973 9475 9307 10318 9062 10005 9327 9784 10186 9354 9165 9102 10799 8902 9242 9448 10227 9833 9342 9749 9749 9614 9198 9137 9552 9551 9314 9509 9778 9923 9226 9330 10044 9317 9328 10056 8935 9588 9753 9734 9520 10296 9952 9431 10510 9130 9626 9834 9740 10269 8981 9275 9598 9952 10706 9382 9254 9368 8727 9478 8819 9722 8911 9621 9354 9996 9900 9381 9359 9647 9580 10114 10577 9201 9432 9078 9278 9382 9366 9493 9071 8927 9387 9417 8964 10029 9221 9605 9222 9614 9750 9418 8933 9486 9908 9972 9410 9663 9835 10026 9402 9911 9231 9515 10297 9071 9662 9889 9726 9689 9542 9422 9741 9140 9471 9751 9287 9552 9313 9759 10296 9225 9463 9190 9255 9696 9822 9018 9710 9348 9227 8726 10000 9534 9789 9889 10013 9524 9511 9390 9502 8951 9329 9486 9924 9949 8532 10080 9514 9358 9598 9796 9620 9102 10197 9936 9648 9374 9345 9922 10010 9317 9687 9716 9727 9869 9399 8995 9381 9309 9972 8875 9344 9783 9103 10131 9804 10021 10049 9669 9237 9540 9457 9816 9596 9455 9998 9710 10245 9647 9214 9788 9338 9099 9573 9653 9230 9759 9521 9108 9610 9309 9728 9590 9507 9571 9986 9272 10521 10235 9124 9031 10288 8651 9624 9616 9642 9281 9691 9286 9423 9644 9855 9690 9871 9588 9387 9583 9279 8921 9408 9833 9717 9889 9769 9445 9477 9292 9572 9534 10205 10210 9396 10172 9587 9594 9554 9315 9597 9352 9819 9237 9760 9373 9180 9448 9798 9108 9417 9877 10062
10022 10094 10256 10229 9823 9862 10347 9594 9846 9777 9743 11126 9745 9862 10373 9285 10884 8923 10191 10630 10290 9918 9958 10401 10485 10022 10263 9607 10033 10480 10492 10723 10244 10529 10281 10065 10316 9906 10349 10053 9956 10240 10329 10200 10696 9453 9401 10076 9945 9834 10444 9983 10195 9473 9958 10521 10287 9694 10022 9754 10374 9494 9795 10562 10041 9608 9827 9518 10018 10414 11258 9738 10218 9905 10132 9880 10172 10087 9735 10707 9806 9809 10241 10061 10417 10565 10078 10249 10120 10200 9899 9475 10058 9722 10535 9764 10158 10000 9758 9847 9944 10524 10055 10514 10045 9902 10417 10646 9983 10304 9537 10323 10683 10839 9979 10130 10138 9854 10038 10132 9757 10067 10188 10520 9550 10025 9531 10404 10191 10176 9768 9945 9650 9666 10669 9879 10168 10122 10617 9891 10045 9868 11323 9648 10134 9647 10476 10577 10154 9914 10131 10758 9534 10117 10004 11053 10105 10134 10134 10861 10395 10082 9987 10528 9863 9994 10124 10489 10704 9660 9894 10155 9843 9954 10484 9673 9989 10271 10341 9952 10652 10045 10004 10886 10254 10118 10631 10449 10775 10374 9701 10108 9948 10751 9833 9841 10053 9692 9843 9440 10700 9552 10276 10093 10526 10929 10264 10317 9868 9942 10915 10597 9702 9865 9542 9669 9871 10024 9856 9925 10394 10523 9911 9452 10538 9918 10063 9791 9962 10044 9938 9773 10042 10458 10361 10149 10240 10466 10472 9858 10171 9800 10124 10540 9820 10493 9891 9987 10126 10074 10047 10175 9980 10319 10016 10164 9790 10032 10227 10680 9585 9899 10142 9478 10012 10035 9503 10299 10029 9999 9438 10593 10130 10566 10630 10637 9931 10032 9566 10331 9825 9752 9936 9966 10365 9684 10220 10089 9932 9999 9879 9771 9701 10559 10488 10545 10208 10044 10271 10810 9694 10088 10539 10645 10088 9855 9821 10457 10077 10663 9987 10045 10343 10369 10240 10007 10787 10593 9999 9502 10507 9961 9729 10401 10161 10855 9575 10353 10313 9785 10409 9864 10389 10347 10345 9864 10498 10253 9837 9995 9997 10296 10345 10378 10243 10696 9835 10578 11153 10254 9662 10522 9684 10453 10327 10365 9800 9881 9820 10101 10310 10023 10222 10534 10033 10252 10226 9830 9697 9929 10565 10287 10132 10258 10110 9910 10021 10335 10026 10593 10680 9532 10622 9663 10336 10461 10398 10489 10310 11009 10229 10348 10063 9704 9843 10330 10106 9717 10541 10438
9537 9818 9699 9828 9664 9593 10262 9098 9928 9246 9385 11091 9705 9608 9866 9125 9926 8879 9720 10351 9903 9023 9524 9667 10098 9872 9858 9649 9183 9928 10261 10560 9365 9951 9916 9776 9734 9634 10083 10308 9587 9684 9978 9851 10293 9015 9148 9537 9655 9415 10152 9296 9984 9260 9366 10046 9794 9269 9426 9440 9668 8967 10017 10651 9530 9754 10111 9397 9467 10195 10369 9819 9850 9500 10049 9288 10268 9861 8705 10064 9656 10028 9768 9899 10084 9358 9358 9889 9866 9823 9516 8982 9134 9296 10273 9486 9859 9805 9224 10240 9330 9429 9194 9741 9755 9812 10455 10236 9850 9950 9378 9664 10073 10116 9593 9588 9669 9514 9451 9996 9385 9751 9909 10080 9473 9212 9055 10256 9644 9559 9403 9584 9534 9506 10329 9970 9693 9706 9714 9878 9362 9416 10439 9197 10035 9232 10016 10457 9843 9328 9325 10541 9355 9732 9514 10495 9755 9606 10070 10194 9712 9667 9483 9961 9488 9815 10077 10062 10823 9738 9698 9868 9554 9380 10030 9489 10024 10247 10049 9658 10360 9794 9648 10372 9544 9721 9869 10262 10082 9727 9416 9462 9585 10266 9390 9687 9695 9189 9711 9157 10199 9212 9745 9635 10060 10456 9538 9842 9465 9837 10508 10354 9209 9927 9338 9355 9212 10091 9628 9482 9772 9933 9827 9257 9751 9324 9591 9243 9810 9575 9914 9569 10054 10127 9829 9582 9998 10357 9872 9411 9716 9591 9837 10368 9595 9529 9846 9884 9387 10005 9681 9948 9970 9900 9910 9586 9603 9834 9493 10294 9807 9764 9416 9185 9601 9907 9311 9822 9628 9871 8939 9916 9571 9520 10009 10412 10066 9588 9500 9783 9306 9683 9772 9880 9857 8975 9965 9600 9530 9587 9792 9731 8871 10559 9935 9993 9862 9562 10019 10083 10077 9800 9922 10259 9616 9298 9840 10013 9671 9822 9331 9587 9774 9710 10032 9727 10059 10012 9196 9166 9672 9564 9534 10139 10216 10187 9209 10017 9963 9900 10300 9432 10060 9982 9724 9332 10084 9655 9388 9781 9564 9738 10176 9951 9964 10240 9090 10159 10418 9529 9268 10002 8968 10148 10041 9465 9278 9993 9495 9795 10055 9971 9662 9800 9847 9437 10282 9240 9035 9486 10089 9734 10053 9286 10111 9957 9803 9820 9504 10113 9871 9418 10238 9534 9530 9628 10007 9955 9633 10139 9545 10091 9773 9043 9537 9850 9807 9646 9904 10098
10193 10344 10211 10152 10165 10073 10770 9783 10454 10078 10192 11379 10348 10124 10062 9692 10518 9303 10651 10879 10320 10127 10060 10523 10674 9985 10234 10236 10278 10436 11018 10718 10253 10957 10184 10484 10724 10329 10274 10435 9913 10271 10234 10495 10768 10383 9546 10109 9882 9616 10824 10049 10246 10230 10149 10221 10653 10061 10074 9713 10246 9503 10452 10775 10066 9980 10331 9907 10327 10424 10297 10148 10349 9972 10132 9621 10204 10066 9460 10450 10109 10055 10570 10163 10530 9685 9663 10407 10592 10188 9870 9693 9974 9901 10514 9832 10401 10291 9750 10215 10244 10025 9634 10740 10693 10158 10931 10842 10303 10938 10111 10481 10487 10787 10249 10216 10609 9977 10004 10613 10103 10284 10186 10783 9800 9917 9418 10854 10272 9891 10180 9790 10102 10258 10966 10683 10548 10273 10238 10592 10147 10335 11215 9738 10700 10327 10372 10962 10503 9810 10011 11052 9752 10503 10140 11193 10449 10171 10042 10834 10070 10483 9742 10484 9633 10112 10210 10608 10952 9908 10022 10750 10201 10262 10889 9843 10318 10584 10479 10378 11004 10245 10564 11171 9938 9869 10670 10806 10712 10072 10224 10457 10173 10560 9812 10127 10606 9417 10354 9548 10463 9826 10255 10347 10459 10884 10220 10162 10173 10438 10381 10546 9637 10167 10455 10272 9823 10782 10111 10246 10306 10770 10611 9529 10682 9847 10178 9830 10262 10334 10357 9949 10347 10377 10759 10147 10418 10523 10484 9744 10213 10164 10283 11054 9670 10315 10505 10111 10317 10238 10231 10395 10582 9950 10522 10112 10198 9684 10256 11159 10422 9997 10087 9615 9865 10457 9957 10505 10155 10515 9129 10438 10503 10577 10374 10878 10611 9978 10100 10932 9802 10311 10086 10624 10326 9753 10596 10090 10113 10089 9869 10209 9511 10904 10689 10488 10409 10004 10830 10485 10317 10164 10575 10606 10330 9877 9928 10573 9686 10740 9527 10370 10534 10195 10689 10286 10983 10348 10128 9807 10344 10418 10524 10235 10068 10669 10256 10874 10482 10333 10886 9927 10357 10520 10224 9665 10998 10456 10137 10560 9942 10267 10608 10331 10517 10941 9611 10635 10591 10126 9826 10541 9756 10684 10657 10394 9722 10880 10107 9850 10688 10504 10209 10090 10157 9872 10247 10158 9506 10079 10278 10688 10795 10590 10490 10114 10403 10249 9839 10963 10112 9886 10747 10107 10804 10284 10508 10108 10119 10463 9579 10766 10141 9686 9794 10456 9878 10075 10588 10391
9918 9728 9825 10116 9779 9801 10378 9471 9998 9955 9676 10810 9998 10096 9948 9345 9991 8849 10351 10390 10230 9351 10028 10187 10491 9827 10074 10294 9990 9759 10923 10318 10012 10535 9865 10012 10257 10133 10338 10417 9531 9978 10061 9583 10319 9505 9426 9769 10213 9470 10241 9927 9968 9437 9699 9777 10204 10131 9568 9914 10064 9497 10177 10544 9926 9742 9837 9620 10161 10268 10422 9664 9960 10014 9797 9666 10022 9345 9468 10691 9776 9941 10430 10132 10107 9821 9804 10257 10261 10184 9590 9370 10043 9793 10159 9534 10464 10158 9702 10069 9742 10105 9810 10180 9971 10085 10717 10355 9697 10295 9651 9973 10376 10898 9682 10251 10287 10125 10081 10094 9777 10169 9876 10473 9476 9491 9463 10274 10020 9777 9517 9567 9946 9868 10541 10099 9997 10071 9695 10210 10053 9961 10675 9484 10276 9863 10075 10808 9940 9600 9711 10812 9717 9891 9796 10753 9984 9958 10459 10657 9958 9902 9943 10486 9738 9931 9870 10459 10646 9913 10171 10532 10019 9698 10294 9883 9687 10203 10214 10044 10772 10165 9960 10617 9402 9891 10834 10742 10503 9873 9609 9915 10192 10346 9602 9810 9939 9671 10050 9303 10008 9348 10118 9724 10051 10320 9998 9845 9798 10544 10542 10430 9357 9876 9826 9606 9754 10191 9791 10115 9856 10579 10267 9591 10587 9637 9925 9841 9814 9729 9607 9727 10021 10281 10547 9929 10097 10327 10377 9727 9772 9993 9895 10642 9649 10348 10090 10226 9837 10054 10416 9901 9747 10072 10093 9666 9903 9615 9919 10615 10087 9855 9874 9474 9665 9884 9428 9834 9916 9599 9599 10042 10429 10367 10262 10417 10124 9898 9881 10066 9769 9690 9928 10341 10387 9495 10424 9680 9884 9745 9879 10109 9384 10543 10519 10252 9807 9840 10321 10354 9919 9990 10223 10521 9907 9472 9930 9842 9756 10699 9262 10164 9631 9907 10382 9871 10549 9961 10423 9582 10182 9884 10232 10272 10002 10436 10090 10519 10295 9944 10508 10150 10650 10367 10055 9907 10549 10031 9875 9736 10167 10129 10410 9937 10280 11091 9705 10439 10998 9812 9618 10247 9801 10697 10238 10071 9470 9835 9960 10165 10119 10553 9478 10300 10142 9923 10137 9656 9117 10004 10249 10289 10487 9918 10199 10117 10042 10475 9577 10493 10191 9315 10649 10212 9918 10152 10008 10265 10032 10787 10105 10136 9817 9509 9782 10044 9835 10177 9994 10344
10068 10519 9771 10189 9951 10174 10846 9598 10430 10010 10195 11238 10260 9675 10400 9548 10451 9122 10521 10922 10279 9505 10029 10328 10381 10291 10299 10381 9983 10280 10714 10711 10121 10638 10321 10220 10862 10173 10533 10817 9905 10275 10338 9868 10262 9748 9853 10425 10104 9738 10671 9777 10247 9818 9799 10329 10365 9914 9672 9817 10292 9339 10293 10808 10403 9796 10075 10097 9996 10198 10894 10031 10204 10135 10319 9816 9977 10108 9636 10480 10132 9940 10532 10524 10645 10007 10097 10385 10693 10130 9985 9188 10216 9772 10445 9946 10672 10206 9890 10066 10517 10387 9923 10680 10257 9961 10642 10554 10152 10679 9862 10496 10874 10350 10182 10139 10506 9826 10084 9939 9686 10678 10200 10559 9793 9668 9350 10473 10041 10214 10087 9576 9933 10285 10751 10479 10194 10584 10335 9904 10224 10256 10722 9634 10406 9724 10596 10540 10276 9784 10058 11041 9765 10030 10689 10968 10345 10032 10513 10646 10532 10318 9887 10797 9564 9960 10027 10805 10634 9957 10313 10639 10382 10413 10819 9492 10155 10568 9906 10509 11253 10257 10257 10821 9580 9876 10500 10610 10742 10103 10058 10025 10473 10789 9759 10244 9972 10119 10457 9365 10373 10129 9945 10059 10448 10553 10500 10401 9963 10438 10765 10735 9913 10106 9535 9647 9407 10055 9717 10174 10208 10528 10044 9804 10592 9981 9991 9926 9975 10281 10449 10061 10465 10277 10718 10222 10920 10521 10595 9916 10490 9964 10389 10854 9745 10335 10350 10187 9723 10392 10134 9948 10265 9964 10400 9744 10378 9929 10050 10869 9829 10174 10143 9556 9619 10500 9617 10370 9903 9933 9005 10369 9988 10271 10527 10628 10036 10106 9993 10219 9546 9940 10453 10293 10206 9387 10273 9848 9986 10406 9812 9995 9932 10714 10648 10024 10066 9847 10561 10509 10189 10074 10369 10814 9947 9916 10215 10212 10003 10617 9609 9920 10408 10229 10892 10373 11079 10680 10105 9609 10542 10020 10285 10679 10024 10272 10246 10459 10209 10058 10176 9927 10089 10432 10123 9801 11004 9962 9756 10142 9936 10778 10500 10138 10408 11070 9479 10888 10669 10000 9877 10689 9653 10704 10296 10200 9751 10162 9836 9977 10519 10153 9999 10191 10347 9792 10168 9914 9746 10227 10186 10126 10571 9730 10443 10301 10214 10471 9846 10625 10473 9708 10476 9930 10450 10312 10348 10230 10061 10740 9727 10297 10021 9616 9930 10562 9825 10466 10294 10475
9340 10282 9524 9623 9741 9464 9853 9038 9785 9565 9259 10838 9832 9358 9451 9085 9865 8746 9856 10123 9890 9358 9435 10077 10491 9473 9980 9728 9862 9570 10271 10312 9462 9994 9848 9625 10159 9444 9671 10115 9305 9585 10186 9921 9798 9264 9037 9677 9815 9140 10042 9131 9911 8984 9641 9636 9913 9487 9585 9792 9757 9187 9799 10512 9581 9461 9728 9412 9648 9986 10631 9324 9610 9705 9782 8959 9992 9899 9120 10038 9776 9598 10058 10159 9928 9604 9395 10019 9844 9722 9446 9027 9889 9348 9680 9355 9878 9380 9297 9869 9549 9814 9566 9553 9649 9709 10354 10057 9546 9958 9592 9323 10357 9810 9364 9395 9931 9730 9610 10002 9318 9856 10145 10105 9380 9345 9065 10327 9347 9810 9653 9423 9849 9475 10659 9821 9651 10068 9700 9674 9330 9298 10367 9428 10062 9815 10200 10558 9713 9272 9359 10264 9651 9870 9568 10149 9454 9424 9714 10606 9626 9374 9251 9977 9148 9736 9825 10105 10418 9308 9846 10213 9604 9618 10295 9644 9971 10275 9690 9531 10312 9498 9898 10492 9079 9597 9887 10407 10298 9720 9502 9766 9847 10214 9392 9856 9525 9117 9647 9370 9722 9172 9540 9772 9772 10292 9788 9743 9825 9672 10051 9658 9443 9694 9480 9386 9552 10163 9585 9585 9793 9808 9711 8868 10347 9473 9666 9289 9853 9280 9647 9254 9821 9922 9785 9380 10102 10247 10188 9698 10235 9429 9800 9926 9362 9912 9731 9930 9599 9788 9225 9703 9720 9726 9751 9578 9494 9278 9280 10387 9492 9557 9712 9100 9532 9808 9135 10285 9758 9758 8882 10092 9649 9887 9893 10333 9676 9704 9599 10153 9506 9679 9671 9953 10064 9043 9751 9163 9559 9496 9676 9842 9132 9918 10210 9528 9590 9685 9853 10249 9585 9840 10110 9962 9354 9431 9345 9194 9590 10051 9222 9682 9753 9406 10006 9819 10348 10357 9797 9332 10178 9223 9688 10028 9876 10334 9605 9998 9839 9761 10300 9239 9842 10331 9912 9251 10246 9501 9339 9557 9290 9639 9902 9569 10386 9940 9241 9883 10610 9607 9275 9999 9525 10424 9900 9891 9242 9522 9194 9784 10098 9456 9708 10107 9755 9923 10047 9662 9090 9532 9718 9734 10530 9434 9781 9646 9697 10086 9313 10235 9685 9475 10426 9247 10001 9628 9673 9777 9267 9982 9434 9788 9294 9538 9351 9878 9162 9513 9957 9779
10010 10379 9826 10874 10492 10143 11197 9550 10272 9982 9723 11240 10208 10004 10454 9236 10738 9344 10773 10802 10415 9736 9895 10331 10645 10103 10168 10313 10109 10547 10646 11083 9984 10740 10209 10182 10801 10465 10546 10731 10187 10243 10603 10369 10524 9720 9726 9920 10317 9598 10523 10278 10151 9933 9983 10593 10427 9938 9908 9913 10080 9929 10360 10947 9778 10236 10374 10043 9999 10303 11294 9374 10932 9988 10084 10164 10457 9805 10176 10701 10474 10015 10468 10358 10478 10171 9929 10643 10557 10240 9798 9710 10314 9736 10553 9774 10681 10154 9780 10097 10222 10618 9821 10765 10132 10254 10791 10306 10079 10790 9623 10633 10627 10837 10310 10153 9841 10021 9817 10291 9750 10330 10381 10788 10039 9693 9582 10494 9724 10305 10323 10180 9881 10311 11282 10169 10505 10425 10406 10481 9552 9906 10845 9864 10678 10123 10625 10613 10099 9967 9936 11109 9521 9929 10247 11092 10078 10408 10714 11064 10303 10391 9894 10287 10395 10034 10120 10545 10496 9816 10472 10426 10199 10138 10760 9564 9872 10583 10579 10151 10583 10288 10362 11040 9981 10041 10629 10540 10777 10420 10050 10310 10366 11012 9673 9744 9821 9907 10334 9566 10641 9404 10204 10247 10917 10935 10239 10214 10224 10285 10800 10702 10173 10374 9769 9809 10097 10138 9887 10019 10132 10564 10549 9790 10779 10048 9766 9635 9971 10344 10531 9740 10144 10495 10653 10169 10734 10676 10423 9890 10689 9990 10472 10658 9752 10137 10281 10230 10017 10417 10160 10415 10034 10506 10394 9940 9960 9770 10282 11045 9796 10198 10207 9758 9795 10572 9679 10624 10309 9917 9806 10559 10102 10490 10526 10624 10009 10121 10104 10294 9715 10628 10378 10463 10524 9384 10395 9872 10262 10522 10229 10488 9647 10687 10215 10110 10251 10164 10271 11046 10353 10540 10607 10955 10182 10033 9722 10443 10103 10647 9580 9752 10591 10086 10404 10111 10678 10539 10279 9626 10726 9855 10541 10541 10331 10713 10365 10678 10559 10441 10477 9723 10369 10375 10446 9919 11025 10429 9903 10493 10022 10247 10417 10135 10509 10871 9426 10441 10901 10209 9888 10395 9635 10852 10545 10103 9883 10337 9892 9958 10392 10003 10267 10225 10608 10319 10494 9780 9577 10234 10526 10715 10818 10148 10142 10326 10105 10565 10317 10654 10551 9683 10746 9948 10657 10129 9991 10180 9867 10423 10261 10523 10238 9907 9902 10035 9791 9977 10400 10849
9920 10186 9770 10279 9396 9932 10248 9058 9716 9545 9615 11079 9983 9424 9759 9264 10554 8685 9863 10278 10140 9292 10093 10136 9968 9712 9831 10211 10131 9930 10222 10567 9696 10301 9636 9978 10464 10007 10106 9856 9789 10087 10383 9797 10153 9588 9373 9963 9895 9580 9860 9918 10037 8907 9554 9860 10019 9889 9350 9423 10094 9484 10050 10363 9616 9871 10083 9621 9823 9976 10830 9430 10296 9741 9860 9606 10441 9947 9318 10158 10056 9918 10218 10064 9950 10005 9765 10276 10278 9854 9501 9552 9643 9656 9942 9492 10321 10286 9540 9673 9895 9991 9616 9776 9976 9970 10463 10272 9823 10387 9655 10239 10344 10140 9651 9599 9921 9431 9896 9703 9349 9693 10190 10408 9753 9165 9474 10429 9616 9912 9994 9156 9731 10089 10711 10139 10057 10317 9808 9818 9655 9441 10394 9505 9998 9648 10101 10268 10337 9434 9753 10736 9273 9644 9667 10547 10233 10037 10069 10217 10311 9802 9191 9615 9342 9656 10138 9991 10510 9495 10178 10598 9749 9774 10230 9571 10086 10129 10119 9789 10506 10469 10159 10901 9467 9813 9896 10463 10639 9584 9933 10037 10291 10410 9653 9813 9686 9519 9591 9229 9997 9169 9693 10021 10460 10197 9582 10059 9779 10050 10319 10321 9575 9598 9549 9213 9855 10223 9599 9817 9502 10137 9730 9313 10105 9733 9768 9632 9974 9555 9626 9476 9818 10299 10742 9970 10302 10097 10259 9783 10133 9755 10047 10691 9461 9878 10171 9864 9714 10155 9815 9815 9801 10078 10232 9591 9831 9409 9571 11007 9555 9632 9546 8952 9762 10161 9209 9934 9729 9536 8716 10356 9946 10256 10153 10662 10091 10084 9485 10507 8977 9925 9781 10500 10036 9278 10108 9500 9736 9486 10059 9737 9189 10303 10280 10083 9821 9865 9999 10206 9683 9863 10366 10780 9910 9600 9763 9611 9825 10430 9476 9779 10283 9675 9940 9836 10587 10493 9817 9213 9933 9586 10031 10464 9755 10087 9733 10559 10070 9773 10132 9622 10123 9711 10145 9754 10112 9650 10017 9830 9438 10336 10183 9810 9743 10606 9320 10236 10496 9222 9628 10213 8942 10686 9901 9883 9745 9780 9879 9517 10073 10017 9770 10315 10609 9515 9930 9664 9395 9794 10052 10217 10162 10076 9909 10134 9764 10311 9714 10276 9969 9602 10490 9726 9945 9559 9768 10058 9899 10573 9683 10258 9884 9616 9568 10174 9733 9885 10287 10281
9824 10315 9707 9836 9961 9799 10038 9253 9674 9666 9712 11000 9833 9369 10137 9049 9912 8652 10177 10380 9736 9340 9851 10069 9887 9768 9689 9997 9640 9757 10561 10053 9439 10313 9998 10157 10456 9836 9910 10031 9768 9746 9941 9827 10351 9574 9658 9495 10069 9284 10042 10082 9818 9349 9816 9854 10362 9325 9544 9490 10027 9663 10116 10908 9638 9440 9692 9803 9637 10346 10265 9787 10217 9972 9735 9656 9758 9661 9413 10201 9510 9818 9894 9666 10172 9772 9655 9976 10072 9906 9775 9234 9767 9628 9908 9440 10116 10182 9102 9579 9595 10076 9666 9940 9830 9545 10336 10336 10386 10040 9207 10104 10275 10414 9849 9764 10188 9463 9083 9841 9261 10001 9828 10512 9569 9206 9477 10267 9663 9988 9527 9370 9303 9732 10701 10127 9915 9836 9796 9625 9838 9774 10634 9396 10016 10065 10206 10389 10129 9477 9589 10477 9360 9608 9740 10715 9776 9766 9981 10713 9857 9610 8754 10135 9779 9914 9916 9610 10499 9695 9974 10306 10013 9868 10278 9685 9677 10124 10291 10301 10309 10006 9563 11129 9796 9542 10107 10380 10396 9672 9558 10121 10007 10257 9193 9657 9669 9168 9525 9450 9949 9370 9406 9716 10093 10321 9737 10061 9944 10397 10232 10503 9470 9384 9732 9240 9461 10275 9663 9913 10093 9820 9889 9567 10191 9118 9571 9855 9707 9924 9853 9329 10064 10164 10284 9708 10258 10251 9980 9372 10085 9658 9589 10423 9296 10000 10309 9838 9964 9993 9686 9700 9937 9904 10244 9601 9581 9634 9589 10502 9970 9605 9663 9491 9769 10032 8822 10272 9374 9511 9174 10036 10158 10080 10117 10458 9790 9817 9646 10246 9197 9756 9971 10032 10205 9101 10038 9690 10019 9462 9496 9903 9737 10329 10335 9451 9934 9607 10138 10121 9647 9857 9761 10345 10042 9595 9589 9773 9585 10284 9510 10051 10040 9777 10062 10039 10412 10118 10060 9372 10054 9704 10078 9820 10066 10107 10120 10360 10073 9797 10020 9483 9982 10054 9595 9567 10122 10096 9888 9599 9593 9601 10197 9852 10171 10203 9144 10132 10287 9476 9283 9919 9345 10394 9875 9838 9479 9569 9122 9423 10150 9812 9458 9754 9539 9885 10057 9699 9207 9695 10051 10044 10106 9849 9490 9829 9614 10367 9626 10124 10161 9278 10611 9519 10247 9962 9917 9467 9554 10111 9751 9755 9506 9271 9365 10330 9659 9756 10203 10097
9230 9556 9338 9480 9180 9790 10201 8758 10020 9004 9120 10755 9634 9512 9513 8879 9485 8508 9791 10233 9682 9138 9424 9385 9884 9574 9728 9538 9631 9722 10102 9941 9422 9690 9408 9565 10032 9693 9512 9965 9470 9723 9608 9547 9886 8988 9320 9652 9713 8720 9887 9032 9601 8950 9224 9737 10223 9098 9118 9229 9865 9171 9508 10308 9652 9633 9526 9684 9556 9994 10188 9623 9925 9331 9906 9282 9992 9184 8828 9723 9464 9396 9679 9688 10183 9260 9371 9404 9687 9859 9335 8755 9488 9209 9771 9505 9740 9616 9220 9814 9528 9760 9325 9746 9782 9635 10170 9694 9705 9870 9364 9728 9995 9597 9355 9346 9627 9193 9198 9797 9105 9567 10006 10097 9274 9355 9132 10213 9473 9693 9618 9337 8683 9539 10371 9637 9601 9869 9537 9743 9279 8883 10091 9320 9657 9264 9849 10143 9887 9220 9104 10189 9046 9450 9486 10704 9431 9009 9909 10080 9713 9790 8907 10240 8928 9465 9771 10219 10082 9444 9338 9739 9652 9626 10184 9284 9738 10007 9863 9328 10228 9404 9777 10324 9305 8981 9597 10007 10237 9159 9387 9668 9823 10057 9357 9689 9436 9065 9588 8978 9660 9078 9536 9831 9849 9857 9832 9491 9693 9490 9866 10190 9252 9398 9653 9030 9531 10148 9255 9358 9504 9642 9574 8799 9913 9671 9161 9504 9581 9226 9651 9188 9723 9682 9981 9517 9862 9949 9745 9639 9467 9466 9841 10217 9358 9726 9541 9392 9285 9997 9338 9553 9847 9459 9551 9120 9386 9335 9293 10171 9128 9480 9242 8924 9293 9801 9179 9984 8990 9304 8775 9724 9440 9596 9995 10247 9653 9805 9230 9862 8640 9605 9833 9842 10207 8742 9994 9243 9323 9278 9379 9803 9000 9951 10017 9792 9653 9698 9758 10112 9723 9562 10062 10453 9612 9374 9447 9729 9183 10144 9467 9490 9797 9486 9843 9567 10375 9923 9460 9032 9745 9523 9573 9563 9612 9780 9142 9782 9708 9971 9918 9050 9687 9679 9460 9287 10050 9465 9671 9573 9372 9850 9809 9777 9896 9968 9124 9886 10448 9288 9385 9612 9263 10058 9648 9764 9101 9488 9140 9115 9757 9526 9500 9827 9689 9792 9750 9110 8897 9731 9731 9939 9815 9470 9629 9738 9537 9880 9193 9859 9702 9563 9895 9182 9578 9572 9582 9950 9152 9872 9641 9825 9561 9000 9285 9758 9349 9672 10030 9883
10382 10474 10151 10460 10399 10361 10945 10033 10221 9907 9863 11330 10510 9898 10591 9442 10776 9443 10408 10870 10645 10005 10098 10714 10623 10433 10428 10057 10034 10701 10666 10790 10216 10844 10577 10404 10648 10534 10272 10883 10358 10437 10481 10378 10775 9812 9749 9961 10415 9618 11006 10196 10366 9864 10049 10748 10637 10004 9896 10262 10528 9766 10531 11198 10323 10164 10574 10275 10473 10963 10916 10115 10552 10178 10471 9786 10857 9662 9845 10663 10468 10112 10381 10190 10659 10067 10491 10662 10604 10280 10119 9330 10242 9843 10761 10140 10557 10773 9910 10463 9703 9984 10120 10510 10604 10212 10934 10600 10444 10839 9736 10881 11195 10720 10263 9874 10151 9728 9984 10365 9925 10334 10675 11190 9855 9937 10154 10641 10388 10122 10102 10083 10247 9965 10901 10368 10708 10693 10813 10209 10307 9825 10782 9752 10522 10203 10882 11243 10556 9669 10092 11029 9750 10325 10553 10862 10804 10281 10332 11205 10789 10877 9996 10448 10040 10453 10491 10652 10703 10094 9961 10433 9833 10528 10854 9857 10416 10207 10584 10517 10971 10350 10982 11406 10314 9646 10111 11301 10667 10254 9808 10142 10581 10741 10049 9941 10591 9800 10188 9773 10885 10168 10459 9950 10848 10822 10394 9862 10146 10075 11256 11092 9633 10454 10050 9899 10234 10711 9975 10500 10391 10015 10568 9882 11004 9998 9840 10071 10023 10243 10132 10118 10477 10973 10822 10362 10515 10594 10961 9852 10817 10373 10698 11102 9981 10277 10684 10481 10263 10452 10408 10094 9991 10555 10703 10519 9920 9679 9998 11219 10150 9985 10230 9469 9582 10387 10023 10402 10012 10206 9700 11025 10058 10605 10819 10757 10600 10123 9878 10438 10048 10316 10366 10628 10802 9620 10720 10194 9903 10260 9886 10156 9982 11309 10430 10515 10104 10240 9964 10872 10297 10171 10457 11357 10303 10306 10255 10677 10342 10488 9924 10451 10580 10364 10540 10259 11003 10484 10394 9542 10507 10112 10241 10187 10779 10522 10227 10744 10401 10533 10822 9833 10800 10665 10389 10044 10761 9944 10523 10373 9964 10486 10352 10365 10782 10501 9802 10732 10952 10063 9837 10611 10029 10549 10473 10325 10461 10562 9874 10192 10403 10571 10540 10517 10257 10401 10893 9884 9743 10203 10729 10746 10774 10372 10507 10396 10490 10533 9968 10182 11135 10181 10757 10206 10525 10306 10292 10704 10334 10851 10179 10877 10095 9916 9992 10670 10303 10370 10165 11102
9828 9916 9926 10259 10093 9973 10455 9457 10278 9957 9318 11426 10075 9817 9958 9206 10517 9149 10157 10481 9980 9643 9923 10065 10453 9822 9801 10243 9887 10093 10458 10166 10183 10389 10269 9904 10571 10094 9971 10527 9700 10033 9995 10024 10212 9638 9383 9673 10286 9345 10419 9768 10374 9595 9449 9773 10268 9553 9661 9746 10209 9714 10275 10706 9619 9991 10321 9870 10132 10660 10490 9734 10201 10089 10244 9683 10334 9639 9346 10462 9403 9859 10373 10110 10352 10046 9753 10124 10398 10023 9661 9392 10098 9715 10293 9807 10475 10366 9586 10015 9714 9965 9665 10454 9816 9981 10400 10409 9910 10762 9637 10317 10231 10191 9828 10205 10076 9921 10149 10001 9510 9832 10427 10321 9594 9389 9212 10222 10235 10147 10238 9929 9560 9887 11049 10012 10140 10211 9996 9997 9742 9754 10786 9666 10589 9652 10407 10352 10432 9435 9537 10852 9358 9817 10088 10772 10085 10096 10048 10164 10239 10079 9466 10258 9904 9575 10280 10082 10309 9487 9770 10587 9680 9817 10560 9813 10241 10491 10150 10052 11146 9904 10014 10957 9516 9472 10639 10396 10545 9940 9881 10652 10296 10322 9563 10130 9907 9484 10063 9851 10386 9364 10050 9983 10044 9970 10120 10367 10046 10036 10626 10122 9442 10063 9210 9396 9976 10286 10123 9934 9928 10221 9772 9332 10319 9432 9706 9954 9881 9773 9992 9843 10097 10373 10497 10104 10266 10388 10093 9852 10064 9769 10371 10567 9646 10067 10195 10034 9907 9912 10014 9863 9626 10148 10373 9354 9666 9432 9997 10817 9472 10218 9869 9375 9417 10194 9718 10347 9960 9808 9439 10412 10143 10299 10379 10525 9920 9915 9739 10026 9399 10144 10196 10301 10311 9168 10127 9838 9880 9652 9892 10016 9765 10361 10572 10087 10044 10222 9993 10582 10003 9651 10121 10960 10094 9507 9483 10306 9894 10694 9486 9863 10488 9825 10290 10019 10409 9951 9920 9738 10154 9785 10142 10365 9937 10123 9821 10103 10303 9981 10168 9706 10058 10059 10371 10002 10851 10074 10047 9450 9903 10530 9982 10046 9952 10620 9510 10113 11019 9842 9716 10216 9507 10482 10107 10444 9916 9928 9530 9984 10207 9866 9977 10117 10179 10099 10029 9483 9723 9916 10118 10167 10262 9764 10056 10172 10031 10393 10280 10514 10212 9460 10537 9765 10257 9748 10070 10412 9752 10633 9908 10405 9726 9770 9716 10019 9668 9946 10203 10411
10037 10068 9798 10033 9969 10110 10232 9606 10061 9780 9514 10996 9899 9776 10043 9253 10291 9160 10232 10534 10338 9420 9808 10179 10420 9809 9970 9926 9964 10227 10775 10323 9777 10689 9985 9913 10631 10001 9798 10325 9587 9941 9809 10003 10096 9599 9767 9787 10159 9461 10223 9930 9698 9685 9707 10197 10502 9983 9861 9819 10023 9509 10269 10798 9636 9886 9472 10004 9907 10598 10793 9646 10133 10243 10221 9806 10082 9513 9706 10222 9824 9684 10356 9754 10243 9766 9761 10139 10190 10335 9903 9605 10002 9563 10071 9633 10498 9770 9890 10007 9741 10141 9853 10557 10237 9707 10595 10108 10347 10476 9640 10247 10539 10577 9647 9970 9951 9746 10124 10422 9315 9994 10341 10611 9485 9538 9375 10396 9712 10214 9822 9534 9532 10281 10319 10268 10193 10199 9899 10037 9975 9875 10817 9748 10154 9595 10393 10737 10126 9613 9866 10764 9333 9968 10121 10468 10175 9519 10037 10437 10227 10314 9440 10067 10155 10067 9881 10359 10449 9774 10001 10502 9901 9775 10319 9539 9878 10380 10091 9954 10798 9909 10231 10614 10067 9781 10178 10515 10658 9651 10238 10056 10219 11052 9382 10198 9721 9419 9868 9224 10200 9965 9344 10313 10037 10635 10263 9951 9941 10418 10484 10493 9675 9774 9421 9469 9741 10152 9652 10395 9705 9977 10174 10021 10225 9935 9222 10209 9979 9808 10275 9758 10400 10446 10365 9917 10327 10432 10842 9874 10309 9672 9909 10814 9470 10427 10074 9589 10207 9986 9855 9998 10047 10033 9999 9979 10003 9751 9780 10725 9437 10076 10154 9035 9976 10147 9193 10232 9792 9528 9269 9969 10442 10214 10596 10400 9923 9694 9810 10202 9638 10020 10144 10396 10490 9400 10335 9903 9798 9655 9659 10016 9298 10653 10471 10079 10111 9844 10726 10502 10005 9778 10260 10430 9893 9513 10121 10075 9796 10508 9587 10015 10148 9835 10362 10151 10820 10044 9877 9449 10401 9657 9872 9937 9835 10372 9964 10511 9961 10121 10222 10031 10374 10001 9857 9868 10585 9866 9759 10063 9511 10145 10025 10148 10402 10507 9542 10313 10736 9949 9692 10395 9812 10473 10158 9808 9776 10098 9837 9657 10054 10239 9651 10046 9923 10181 10213 9735 9635 10277 10273 10695 10470 9833 9896 10287 9853 9935 9764 10649 10286 9304 10500 9339 10364 10414 10000 10112 9974 10270 9793 10635 9840 9820 9754 10330 9783 10381 10320 10431
9516 9816 9531 9934 9780 9972 10542 9450 10273 9606 9786 11295 10054 9739 10315 9519 10636 8921 10251 10340 9962 9789 9650 10278 10673 9611 10077 10056 9964 9861 10005 10589 9764 10740 9779 9957 10233 10140 9638 10690 9803 10141 10345 10338 10777 9442 9458 9793 10015 9827 10246 9828 10252 9247 9880 10185 10211 9921 9671 9689 9992 9506 10201 10563 9853 10145 9733 9779 10302 10555 10433 9745 10066 9844 10280 9306 10133 9923 9259 10184 9868 9907 10080 9939 10085 9809 9679 9872 10519 10024 10117 9489 9932 9861 10182 10010 10744 10083 9653 10107 9458 10081 10115 10050 10142 9872 10678 10152 10007 10233 9448 9895 10476 10416 9742 10032 9644 9816 9808 10270 9608 9997 10381 10662 9457 9359 9742 10223 9894 9787 9362 9543 9904 9833 10294 10079 10006 10410 9981 10023 9923 9870 10707 9643 10050 9893 10493 10622 9964 9732 9713 10833 9565 9994 10008 10842 9842 9787 10041 10634 10103 10532 9159 10192 9775 9637 10421 10038 10732 9596 9842 10422 9431 9644 10377 9440 9955 10231 10293 9905 10552 10230 10077 10749 9758 9831 10207 10734 10331 9842 9591 10146 9871 10351 9519 9469 9801 9507 9862 9741 10226 9540 10006 9465 10382 10540 9885 9824 9865 9975 10699 10636 9360 10040 9710 9671 9769 10393 9882 9364 9902 9883 10110 9276 10094 9671 9552 10072 10425 9860 10080 9931 10293 10386 10399 9839 10568 10401 10539 10260 10061 10034 9867 10800 9558 9849 10262 9969 9872 9884 10015 9717 9885 9724 10234 9843 9877 9795 9899 10423 9887 9909 9872 9311 9611 9905 9478 9951 9377 9730 9214 10679 10573 9947 10531 10613 10335 10095 9881 9919 9328 9736 9969 10288 10533 9630 10423 10023 9941 9921 10112 9820 9483 10596 10375 10313 9699 9985 9844 10754 9949 9878 10021 10756 9642 9770 9801 10245 9698 10128 9200 10154 10375 9745 10102 10276 10445 10027 9798 9773 9925 10076 9911 10085 10175 10556 9989 10211 9992 10147 10574 9709 10150 10077 10018 9826 10523 9546 9814 9926 9356 9921 10106 9545 10066 10507 9676 10512 10621 9712 9570 10102 9385 10397 10041 10152 9975 10267 9584 9980 10639 10165 9445 9881 9888 9897 10249 10148 9593 9984 10202 10705 10503 10012 10267 10043 9844 10656 9737 10427 10421 9740 10555 9268 10233 9967 9641 9942 9519 10366 10060 10355 9882 9590 9915 10219 10180 10044 10021 10215
10125 10185 10154 10081 9878 10101 10513 9740 10182 10075 9571 11225 10230 9913 10544 9485 10217 9318 10483 10523 9844 9463 9964 9947 10721 10245 9990 10075 10011 9945 10291 11226 10217 10483 10249 10446 10454 10189 10037 10406 10091 9721 9948 9999 10232 9974 9484 9798 10340 9708 10052 9807 10276 9439 10088 10189 10591 9905 9641 9681 10166 9665 10176 10935 9981 10117 10325 10146 10359 10358 10722 10150 10220 9924 10308 9976 10245 10102 9237 10514 10105 9922 10478 10217 10470 9873 9717 10566 10090 9783 9742 9645 9861 9767 10149 10030 10085 10215 9471 10252 10016 9816 9902 9995 10469 10136 10760 10140 9807 10200 10346 10049 10563 10331 9818 9533 10197 9788 10159 10350 9953 10074 10309 10367 9681 9868 9426 10289 9546 10124 10044 9933 9827 10057 10950 10206 10528 10286 9764 10380 10329 9653 10725 9894 10296 9684 10607 11194 10403 10210 9980 10585 9674 10167 10054 11079 10193 10135 10126 10450 10544 10235 9922 10299 10267 10162 10255 10508 10928 9782 10244 10481 10429 9890 10718 10005 10316 10746 10440 9972 11022 10081 9867 11048 9660 9938 10395 10984 10381 10198 9605 10504 10165 10650 9293 9960 9976 9705 10152 9306 10191 9570 9895 9895 10230 10860 10267 10010 10356 10244 10549 10051 9613 10303 9905 9844 10047 10509 9596 9964 10080 10244 10086 9329 10369 9911 9732 9891 9906 9741 10278 9634 10292 10492 10736 10197 10325 10971 10669 9858 10380 9748 10404 10602 9600 9733 10266 9906 10382 10079 9900 10063 9910 10208 10094 10032 9789 9838 10196 10689 9902 10108 9645 9444 9951 10322 9890 10353 10427 10213 9246 10490 10353 10150 10391 10429 10018 10248 10009 10131 9501 9942 10173 10259 10565 9596 10715 9927 10047 9639 9962 10131 9476 10179 10241 10106 10220 10184 10748 10402 10230 10100 10218 10567 9960 9591 9427 9921 10174 10790 9464 10330 10357 10114 10540 10172 10494 10289 9750 9475 10622 10081 9965 10398 10136 10643 9939 10248 10136 9870 10421 9876 10453 10576 9713 9774 10514 10480 9773 10381 9741 10130 10702 9868 10327 10895 9621 10445 10548 10233 9561 10084 9523 10530 10018 10272 9920 10021 9779 10009 10465 10544 10241 10235 10218 9812 10328 10175 9263 9971 9850 10344 10214 9964 10407 10319 10285 10176 9955 10661 10271 9600 10572 9942 10060 10488 10472 10348 9804 10565 10316 10370 10234 9557 10161 10353 9494 10310 10138 9923
9796 10368 9657 10301 9307 9987 10486 9035 10289 9521 9706 10959 10526 9574 10078 8894 10708 8883 10434 10272 10103 9379 9935 10016 10239 9839 10093 10249 9757 9953 10448 10612 10074 10477 9716 9877 10665 9791 10062 10319 9489 9886 9715 9750 10545 9797 9494 9869 9925 9399 10246 9549 10030 9479 9928 9964 10227 9665 9378 9793 9724 8898 10347 10849 10047 9702 10153 9472 9595 10181 10111 10008 9975 9870 9720 9446 10277 9651 9550 10105 10083 9994 9835 10057 9981 9516 9500 10024 10191 10033 9601 9156 9802 9289 9872 9657 10001 9860 9495 9836 9519 9775 9569 10181 9644 9557 10340 10387 10080 10518 9547 10412 10098 10244 9578 9915 10015 9645 10090 10313 9194 10095 10210 10626 9991 9623 9255 10331 9558 10015 9761 9486 9894 10014 10833 10197 10341 10271 9824 10094 9877 9760 10693 9504 10023 9742 10342 10489 10002 9176 9504 10508 9511 9895 9606 10911 10079 9443 10154 10863 9951 10162 9192 10129 9295 9929 9962 10492 10144 9773 9941 10541 9949 10244 10024 9256 10222 9617 10388 10036 10307 10033 9849 10747 9719 9585 10127 10313 10124 9828 9787 9972 9961 10672 9316 9565 9844 9456 9981 9367 10378 9387 9837 9687 10494 10017 9729 9939 9581 9912 10622 10391 9706 9591 9735 9429 9525 10512 9757 10217 9789 10214 9954 9007 10527 9812 9806 9547 9966 9942 10133 9551 10167 10269 10754 9989 10203 10119 10184 9264 10180 9551 10255 10850 9205 9983 9934 9693 9920 10064 9789 9848 10000 9954 10250 10013 10115 9330 9657 10950 9480 9521 9621 9284 9520 10012 9243 10351 9861 9905 8884 10463 9910 9908 9910 10431 10058 10022 9454 10274 9802 10026 9964 10418 9905 9368 10302 9764 9889 9633 9506 9929 8988 10580 10546 9753 10234 9688 9942 10342 10010 9803 9843 10849 9972 9683 9505 10095 9636 10083 9433 9882 10383 9376 10332 9599 10480 10558 9965 9597 9848 9597 9851 10181 9535 10041 9920 10252 10151 9832 10294 9579 9603 10037 10004 9498 9927 10093 10037 9557 9554 10186 10247 10086 10069 9978 9062 10132 10349 9668 9519 10098 9505 10251 9953 10029 9682 10179 9102 9695 10107 9864 9903 10148 10330 9855 9885 9862 9161 9718 10023 10412 10294 9634 10022 9937 9623 10586 9753 10336 10023 10014 10549 9761 10438 10191 9811 10410 9536 9985 9568 10558 9663 9309 9651 10559 9397 9660 10100 10333
9013 9484 9607 9161 9263 9336 10039 8792 9422 9422 8865 10429 9548 9407 9466 8795 9542 8749 9826 9905 9395 9102 9195 9575 9963 9309 9067 9605 9524 9799 9702 10076 9484 9976 9618 9365 9867 9516 9521 9549 9211 9202 9132 9424 9912 9086 9062 9450 9167 8793 9659 9365 9767 8994 9458 9350 9969 8883 9050 9518 9799 8912 9228 10276 9415 9137 9292 9155 9400 9666 9952 9410 9798 9242 9562 9088 9307 9020 9288 9432 9314 9157 9633 9724 10093 9270 9498 9628 9453 9611 9115 8843 9256 9069 9718 9398 9976 9481 9317 9482 9269 9710 9232 9608 9675 9325 9485 9792 9398 9853 8811 9654 9833 9882 9162 9247 9533 9047 9240 9666 8638 9303 9304 10074 9316 9071 9003 9824 9400 9652 9192 9198 9002 9793 10179 9603 9421 9603 9484 9456 9345 9079 10174 8902 9621 9365 9917 9987 9345 8945 9349 10006 9072 9709 9378 10245 9131 9170 9741 10171 9927 9896 9191 9603 9161 9293 9616 9729 9961 9000 9471 9799 9489 9024 10028 8969 9571 9655 9700 9174 9952 9220 9628 9899 9245 9035 9801 9909 10132 9141 9314 9643 9616 9781 9216 9518 9234 8900 9803 8856 9540 9047 9207 9042 9823 9871 9330 9106 9457 9278 9524 9562 9042 9057 9085 8933 9170 9755 9274 9377 9523 9802 9765 8934 9577 9291 8975 9262 9823 9305 9291 9426 9439 9853 9665 9305 9551 9976 9592 9358 9243 9044 9709 10096 8972 9560 9530 9425 9433 9540 9090 9281 9477 9500 9676 9169 9291 9400 9043 9895 9210 9719 9377 8739 9325 9580 8850 9507 9428 9469 8754 9875 9761 9493 9725 10039 9195 9448 9479 9551 9175 9268 9345 9719 9610 8796 9395 9665 9478 9329 9457 9568 8642 9924 9470 9294 9290 9303 9734 9901 9403 9853 9508 9809 9354 8986 8750 9434 9291 9432 8625 10012 9723 9353 9967 9508 9520 9938 8934 9025 9743 9094 9734 9426 9092 9671 9345 9720 9680 9520 10148 9124 9600 9545 9422 9046 9887 9480 9295 9227 9174 9370 9835 9502 9707 10101 9110 9983 9823 9267 9172 9652 8894 9671 9471 9548 9190 9457 9036 9095 9723 9252 9434 9646 9527 9417 9582 9108 8916 9287 9526 9769 9453 9378 9349 9442 9885 9910 9406 9722 9605 8877 9848 8848 9853 9652 9476 9600 9323 9761 9518 9540 9873 9045 8974 9618 9343 9323 9668 9606
8939 9177 9133 9191 8963 9263 9382 8889 9569 9210 8735 10201 9673 8789 9363 8392 9617 8298 9529 9765 9340 8886 9091 9284 9152 8830 9177 8901 9435 9522 9523 9883 8946 9737 9400 9451 9633 9087 8999 9257 9088 9096 9446 9226 9567 8913 8388 8974 9295 8580 9585 9075 9227 8530 9340 8873 9313 8946 8735 8844 8853 8709 9631 9890 8777 9137 9176 9171 9033 8968 9707 8765 9310 8607 9113 8973 9036 8933 8608 9235 9327 9317 9526 9165 9562 8807 8816 9521 9688 9235 8706 8342 9660 9044 9258 8789 8821 9161 8806 9325 8827 9127 8878 9136 9000 9220 9556 8819 9285 9511 9071 9291 9597 9597 8619 9094 9430 9135 9084 8988 8762 8957 9451 9892 8638 8278 8914 9642 8870 9204 9085 8532 9087 9261 9881 9223 9336 9222 8771 9070 9047 8926 10064 8688 9363 9105 9598 9689 9310 9033 9042 9799 8487 9365 9194 9748 9359 8562 9080 9699 9133 9336 8612 9574 9058 9135 9471 9323 9735 8920 8789 9483 8667 9126 9694 8715 9064 9586 9327 9006 9972 8985 9243 9883 8736 9070 9370 9689 9968 9140 9155 9514 9155 9555 8762 8950 9044 8685 9108 8514 9581 8779 9028 9108 9256 9566 9191 8773 8853 9054 9692 9704 8887 9303 8698 9048 9029 9462 9216 8920 9016 9179 9416 8765 9755 8903 8801 8870 9185 9167 9466 8717 9248 9746 9517 9352 9418 9612 9397 9603 9548 8956 9319 9619 8714 9327 9670 9201 8758 9532 9110 8635 9407 9349 9190 9040 9052 9074 9459 9721 9009 8859 8943 8759 8981 9071 9166 9209 9122 8905 8456 9502 8891 9357 9447 9539 9519 8946 8752 9140 8790 9083 9056 9455 9485 8354 9706 8703 9204 9231 9238 9318 8635 9602 9545 9104 9161 9526 9244 9627 9174 9086 9306 9589 8853 8728 9067 9327 9107 8995 8862 9064 9291 8851 9257 8999 9474 9295 9331 9034 9180 9111 8883 9084 8963 9649 8976 9427 8819 8941 9351 8708 9169 9166 9310 9249 9517 8858 9131 9460 8444 9410 9290 9279 9538 9489 8460 9774 9609 9081 8650 9530 8556 9357 9233 9135 9435 9419 8965 9115 9375 9177 8719 9144 9110 9166 9716 9178 8644 8888 9399 9585 9478 9349 9154 9207 8948 9526 9181 9225 9624 8873 9763 9005 9403 9176 9243 9602 8414 9561 9498 9533 8958 9063 9105 9676 9226 8919 9555 9529
9242 9159 9068 9595 9619 9109 9980 8676 9328 9165 8794 10203 9581 9035 9321 8524 9614 8630 9807 9395 9229 8605 8945 9628 9648 9000 9492 9066 9216 9535 9648 9991 8967 9869 9432 9028 9818 9155 9348 9423 8993 9522 9605 9294 9472 9102 8803 9145 9524 9124 9609 9313 9182 8778 8996 9659 9237 9137 8718 9074 9271 8542 9478 9905 8688 9324 9394 8936 9021 9323 9923 8612 9383 8934 9279 9190 9523 8895 9003 9124 9104 9390 9540 9547 9510 9108 9365 9350 9105 9100 9382 8891 9105 9164 9392 8846 9778 9405 9219 9652 9262 9189 9062 9248 9444 8997 9931 9296 9444 9762 8864 9353 9755 9432 9061 9100 9332 9156 8759 9164 9008 9439 9307 9650 8816 8702 8429 9701 9096 8918 9288 9080 9208 9342 9610 9295 9447 9354 9453 9162 9341 8787 9910 9371 9514 8892 9650 10005 8830 8884 9001 9701 8595 9400 9381 9887 9148 9316 9299 10334 9500 9295 8842 9660 9090 8913 9462 9551 9980 8886 9351 9690 9210 9237 9505 8858 9055 9716 9299 8932 9921 9064 9300 10094 9010 8915 9442 9844 9588 9258 9081 9325 9218 9949 8887 9242 8955 9198 9346 8485 9738 9087 9327 9419 9311 9910 9599 9362 9192 9030 9957 10039 8574 8975 9010 9455 9034 9323 9129 9023 9249 9294 9074 8356 9570 8781 8937 8777 9147 8898 9456 8758 9601 9693 9898 9299 9455 9682 9799 8872 9438 9021 9500 10124 9024 9361 9175 9147 9111 9339 8963 9116 9535 9001 9179 9036 9322 8692 9064 9912 9031 9004 8766 8566 9088 9226 8965 9281 8903 8899 8617 10102 9258 9086 9484 9649 9544 9457 8946 9319 8627 8913 9259 9492 9645 8946 9439 9282 9192 8792 9292 9105 8751 9603 9818 9075 9144 9156 9243 9674 9302 9555 9708 9769 9193 9024 8972 9452 9414 9762 8663 9290 9480 9258 9670 9266 9752 9493 9251 8647 9161 9319 9224 9633 9551 9403 9049 9509 9615 9511 9546 8991 9669 9612 9563 8891 9793 9064 8997 9373 8938 9019 9679 9162 9460 9255 9132 9425 9710 9098 9395 9621 8683 9950 9302 9265 8945 9233 9205 9200 9741 9254 8771 9697 9387 9310 9204 9472 8803 9230 9701 9520 9653 9518 9480 9283 9181 9423 9056 9684 10038 9073 9987 8622 9458 9162 9257 9617 8953 9839 9156 9474 9159 8836 8985 9261 8661 9294 9446 10044
9566 10106 9824 9789 9978 9856 10550 9654 10258 9895 9804 11028 9951 9478 9987 9102 10428 9094 10210 10441 9931 9615 9393 10312 9898 9823 9881 10003 9955 9826 10259 10618 9709 10311 9987 9896 10163 9607 10217 10331 9606 9925 9852 9549 10242 9623 9480 9745 9841 9367 10005 9803 10169 8994 9728 9983 10048 9727 9188 9657 10044 9250 10000 10525 9549 9688 9993 9831 10005 10054 10210 9897 9763 9461 9804 9264 10508 9815 9321 10056 10002 9715 9938 9990 10105 9676 9492 10158 10295 9456 9812 9288 9591 9506 10246 9345 9940 10078 9243 9990 9495 9741 9854 10148 9746 9198 10082 10115 9679 10386 9590 9753 9986 10272 9769 9559 9961 9623 9861 9983 9266 9944 9916 10563 9395 9567 9436 9959 9808 10032 9885 9492 9839 9805 10618 10393 9972 10024 9838 10133 10100 9487 10461 9323 10010 10186 10003 10269 9954 9966 9659 10741 9465 9938 9822 10699 9946 9724 10113 10637 9979 10042 9465 10311 9649 9807 10021 10263 10300 9584 10093 10085 9820 10255 10658 9351 10157 10342 9938 9867 10357 9857 10054 10677 9723 9524 10392 10833 10325 9756 9965 9545 9835 10522 9538 9632 9525 9229 10193 9200 10025 9453 9828 9427 10020 10672 9985 9930 9737 9958 10340 10334 9310 9691 9667 9697 9625 10277 9550 9618 10022 9880 9955 8926 10035 9524 9616 9419 9413 9680 9854 9546 9600 10083 10517 10170 10129 9818 10150 9758 10032 9460 9827 10888 9410 10154 9985 9777 9872 9922 9554 9922 10030 9813 10074 9592 9561 9698 9937 10786 9420 9575 9762 9255 9281 10061 9269 9802 9675 9733 9202 10072 9879 9941 10483 10317 9952 10053 9521 10541 9475 9479 10124 10323 10578 9245 10395 9325 9882 9667 9890 9828 9141 10376 10244 9702 9671 9420 10007 10525 9576 9765 10008 10208 9942 10098 9407 9868 9417 10177 9594 9897 10170 9905 10054 9806 10678 9989 9656 9214 10067 10080 10019 10016 9896 10221 9980 9980 9767 9986 10253 9468 10440 10035 10176 9629 10187 9957 9624 9544 9448 9866 10352 9823 10212 10363 9300 9984 10385 9814 9387 10161 9353 10191 9798 10053 9701 10082 9212 9661 9799 10113 10375 9828 9927 9381 10080 9625 9301 9846 10204 10231 10075 9655 9597 10193 9989 10070 9791 10477 10005 9240 10274 9432 10092 9931 9882 9986 9679 10109 9269 9913 9761 9518 9397 10377 9700 10091 10195 9952
9348 9214 9525 9690 9635 9444 9682 8947 9334 9227 9478 10740 9742 8974 9733 8312 9799 8233 9522 9856 9443 9201 9363 9118 10112 9364 9172 9614 9063 9531 10061 9761 9122 9959 9821 9709 10041 9008 9236 9723 9028 9178 9372 9807 9973 9186 8954 9289 9608 9204 10066 9088 9742 8659 9104 9442 9852 8970 8891 8996 9498 9200 9466 10300 9178 9165 9291 9374 9432 9394 9903 8853 9663 9167 9548 9057 9130 9294 9115 9622 9125 9248 9614 9215 9512 9536 9137 9954 9601 9224 9360 9064 9304 9350 9549 9259 9856 9310 8921 9219 9587 9707 9085 9653 9471 9224 9713 9762 9408 10028 8910 9268 9994 9778 9191 8955 9573 9572 9204 9570 9291 9506 9587 9998 8947 8948 8776 9718 9480 9570 9362 9155 9336 9544 9922 9756 9298 9787 9478 9975 9389 9123 10243 9080 9572 9240 9520 9941 9471 9079 9013 10270 8852 9633 9441 10034 9719 9211 9071 9834 9635 9497 9307 9750 9200 9260 9629 9510 10001 9121 9940 9763 9419 9686 9695 8976 9213 9642 9500 9567 10339 9576 9428 10394 9108 9105 9521 9810 10490 9446 9055 9467 9695 10034 8758 9310 9126 8793 9413 8740 9302 9443 9302 9312 9806 10066 9435 9931 9233 9133 9920 9780 9156 9562 8943 9155 8935 9579 9141 9121 9128 9613 9398 8709 9708 9128 8901 9467 9681 9332 9511 9361 9071 9641 9618 9246 9987 9918 10119 9340 9553 9415 9596 10175 8902 9703 9362 9601 9168 9526 9397 9756 9456 9602 9620 9305 9467 9374 9640 10089 9446 9391 9412 8596 9529 9640 8930 9709 9204 9264 8913 9707 9434 9399 9702 9722 9340 9194 9584 9765 8898 9330 9552 9675 10045 8725 9771 9387 9390 9424 8873 9779 9020 9862 9696 9449 9181 9393 9298 10064 9260 9420 9524 9880 9526 9376 9081 9531 9066 9917 9040 9560 9785 9259 9863 9365 10009 9749 9161 9118 9717 9430 9653 9708 9581 9828 9272 9764 9737 9444 9383 9025 9725 9598 9572 9366 10201 9800 9028 9635 9473 9660 9634 9349 9577 9946 9266 9648 10099 9201 8897 9490 8829 9833 9258 9412 8823 9646 9064 8954 9567 9679 9219 9166 9367 9236 9487 9713 9297 9411 9758 9650 9589 9391 9174 9601 9080 9458 9493 10219 9515 9017 10202 9192 9620 9501 9436 9357 9247 9841 9268 9293 9541 9183 8963 9716 9256 9396 9846 9751
9179 9594 9567 9217 9040 9145 9785 8430 9566 8817 8763 10263 9036 9146 9953 8633 9385 8545 9227 9382 9184 9041 9107 9335 9409 8767 9169 8952 9344 9331 9719 9746 8848 10030 9310 8920 9854 9488 9533 9876 8981 9347 9076 9193 9417 9026 8867 9317 9382 8986 9552 9451 9312 8731 9291 9103 9478 9022 8845 8899 9180 9340 9365 10027 8969 9061 9013 9328 9570 9188 9925 8792 9317 9118 8874 8741 9422 9148 9135 9819 9269 9273 9474 9431 9557 9308 8953 9596 9471 9315 9317 8364 9374 9249 9633 9275 9224 9286 9014 9114 9205 9577 9208 9565 9576 9615 9939 9713 9008 9485 8911 9618 9309 9718 9113 9510 9488 8802 9112 9556 8614 9305 9595 9723 8602 8834 8928 9488 9263 9272 9096 9404 8764 8920 10339 9122 9366 9577 9487 9439 9123 9067 10275 8747 9652 9222 9862 9385 9336 9086 8848 9843 8649 9105 9400 10024 9279 9137 9412 9723 9117 9094 9271 9539 8899 9024 9035 9366 9880 9278 9028 9680 9040 9226 9704 9178 9124 9645 9367 9409 10094 9402 9495 10056 8589 9239 9440 9406 9614 9350 9186 9273 9474 9558 9086 9147 8953 8852 9500 8771 9557 8839 9303 9161 9464 9860 9279 9284 9013 9290 9922 9459 8890 9553 8645 9039 9047 8913 9609 9023 9198 9486 9172 8720 9463 8902 9039 9072 9310 8994 9023 8900 9515 9448 9477 9212 9330 9703 9800 8776 9352 9153 9636 9711 8597 9551 9567 9429 9144 9361 8983 9259 9183 9846 9362 8847 8861 9039 9392 9617 9097 9159 9329 8791 9402 9570 8893 9497 9500 8948 8876 9516 9471 9550 10151 9827 9285 9236 9045 9385 8785 9093 9373 9627 9572 8472 9549 9332 9582 9287 9353 9388 8874 9326 9881 9494 9072 9636 9225 9731 9391 9144 9347 9907 8635 8961 8671 9284 9056 9526 8574 9475 9407 9129 9783 9459 9936 9823 9054 8865 9351 9152 9490 9436 9136 9531 9329 9858 9337 9432 9491 8871 9570 9331 9505 9256 9858 9561 9202 9372 8699 9577 9600 9424 9503 9797 8970 9545 10269 8665 8867 9340 8782 9638 9408 9308 8832 9175 8646 9089 9514 9197 9081 9260 9251 9315 9463 9166 8736 9200 9612 9467 9718 8958 9007 9687 9630 9616 8922 9772 9468 8961 10042 9200 9488 9333 8774 9460 8991 9808 9315 9134 9102 9138 8879 9384 8499 9056 9532 9419
9912 10273 10019 10080 10195 9763 10478 9485 10100 9987 9786 11338 10009 9475 10111 9233 10038 8861 10423 10662 10084 9818 9529 10006 10520 10012 9978 10055 9764 10382 10413 10784 9956 10395 10082 10197 10823 9913 10179 10707 9716 9684 10201 10216 10422 9867 9518 10053 10219 9552 10504 10104 10356 9528 10049 10045 10347 10052 10150 9809 9958 9425 9757 10733 10324 10077 10196 10167 10277 10326 10560 9482 10124 9981 10404 9514 10157 9867 9691 10148 10080 9962 10448 9906 10156 9893 9633 10396 10358 10316 9570 9333 9887 9658 10019 9753 10587 10031 9485 10177 9832 10184 10122 10773 10154 9891 10469 10298 10176 10706 9670 10252 10848 10855 10042 10124 10262 9919 9718 10097 9762 9801 9808 10160 9704 10041 9358 10625 9865 10159 9873 9811 9714 10248 10908 10226 9938 9893 10306 9877 9890 10307 10307 9878 9866 9817 10237 10781 10014 9812 9984 10911 9377 10143 9798 10918 9952 9910 10158 10991 9909 10223 9420 10511 9743 9835 10521 11126 10362 10262 9955 10306 10088 9899 10634 9525 9977 10519 10319 9734 10721 10099 10374 10575 10219 9492 10886 10346 10502 10062 10145 10310 10294 10819 9733 10117 9895 9541 10233 9598 10487 9501 10261 10004 10318 10698 10123 10049 9695 9635 10592 10339 9589 9867 9619 9791 9843 10504 10077 10013 10119 10336 10396 9430 10136 9872 9750 9888 10165 9718 10554 10045 10082 10174 10484 10374 10653 10513 10690 9979 10708 9916 10177 10612 9755 10212 10135 10079 9942 10165 9708 9759 10449 10178 10237 10026 9776 10184 10021 10848 10021 10183 9693 9596 9650 10328 9241 10194 9464 10069 9210 10369 10106 10262 10757 10663 10784 10094 9902 10307 9733 9977 10254 10365 10751 9221 9864 9285 9767 10105 9644 9933 9329 10921 10283 10173 9951 10016 10258 10724 10266 9849 10190 10602 9901 9568 9790 10226 9924 10418 9101 9826 10328 10177 10309 9848 10919 10199 9951 9240 10591 10051 10232 10460 9960 10943 10109 9971 10293 9850 10488 10225 10085 10456 10084 9483 10786 9934 9932 10480 9839 9376 10346 10194 10116 10626 9670 10423 10314 10546 9932 10471 9375 10312 10301 10259 9212 10237 9316 10126 10369 10070 9950 10051 10630 9694 10439 9533 9817 9673 10076 10489 10482 10137 10278 9722 10039 10213 10202 10542 9989 9864 10818 9637 10618 10159 10007 10272 9598 10840 9909 10277 10113 9504 9534 10067 10158 9942 10518 10196
9836 9970 9445 10059 9460 9973 10486 9398 10099 9618 9543 10825 10013 9535 9781 9236 10506 9136 10239 10361 9784 9480 9830 9784 10185 10003 9754 9905 9843 10186 10434 10388 9484 10157 9905 9803 10683 9998 9741 10117 9738 10138 9801 9971 10112 9612 9291 9808 9855 9259 10114 9954 9852 9343 9836 10141 9910 9590 9341 9252 9709 9221 9847 10757 9575 9446 9734 9633 9710 10143 10405 9597 10082 9406 9836 9762 9926 9566 9441 10365 9484 9402 10285 9765 10001 9710 9226 10230 9886 9981 9418 9183 9669 9340 10032 9502 10312 9938 9294 9875 9916 10282 9889 9882 9920 9804 10103 9810 9944 10508 9535 10043 10323 10512 9513 9953 9866 9779 9894 9667 9526 10005 10391 10249 10131 9845 9217 9893 9790 10228 9730 9337 9566 9726 10724 10094 10134 9971 10086 10190 10005 9782 10183 9654 10107 9643 10186 10125 9926 9491 9346 10304 9369 9759 9748 10553 10221 9702 10395 10823 10415 10258 9394 10174 9398 9876 9483 10375 10512 9690 9636 10222 9584 9458 10310 9291 9592 9942 10350 9831 10870 9831 10077 10645 9513 9471 10328 10202 10101 9878 9687 10378 9784 10460 9165 9614 10057 9693 9631 9519 10297 9345 9584 9671 10300 10483 9622 9532 9831 9634 10376 9958 9251 9679 9605 9821 9695 9933 9417 9949 9454 9938 9976 9109 10193 9618 9452 9574 9607 9868 10040 9625 9696 10095 10347 10080 10319 10395 10439 9603 9893 9828 10018 10292 9353 10074 9904 9905 9868 9852 9750 9967 9632 9879 9969 9601 9488 9815 9819 10567 9601 9577 9682 9075 9731 9945 9475 10077 9534 9538 9415 10453 9996 9783 10149 10605 10296 9689 9659 9984 9677 9786 10149 10245 10357 9293 10148 9781 9961 10219 9686 9791 9510 10336 9697 9928 9436 9513 10118 10287 9629 9755 10116 10516 9698 9729 9790 9787 9971 10235 9368 9509 9951 9910 10397 9980 10493 10205 9791 9315 10394 9515 9902 9955 9661 10313 10009 9637 9976 9899 9934 9256 9982 10041 10013 9368 10390 9995 9469 10028 9694 9855 10148 9799 10162 10122 9000 9620 10297 9815 9644 10313 9294 10512 9983 9806 9645 9625 9331 9668 10101 9939 9894 9864 9782 9891 9979 9371 9469 9839 10033 10281 10240 10110 10157 10078 9725 10037 9621 10134 9998 9498 10501 9969 10211 9764 9903 9791 9262 10247 10037 10327 9646 9192 9574 10150 9745 10288 9907 10039
9691 9963 9718 10114 9710 9505 10142 9126 9810 9449 9188 10655 9741 9785 9995 8934 10077 9091 9998 9998 9789 9457 9922 9961 10159 9512 9814 9698 9563 9981 10146 10566 9604 10146 9737 9779 10266 9766 9901 10127 9582 9937 9989 9968 9663 9861 9479 9332 9852 9372 9733 10090 9986 9328 9678 10010 10165 9598 9425 9373 10085 8866 9825 10584 9670 9626 9736 9692 9852 10126 10464 9589 10020 9414 9954 10074 9914 9787 9175 10113 9820 9454 10130 9894 10053 9884 9630 10070 10335 9670 9849 9179 9658 9330 9862 9564 10196 9699 9441 10095 9504 9952 9706 10304 9692 9881 10526 10135 9366 10471 9409 9997 10392 9860 9594 10047 10240 9355 9393 9946 9018 9682 10072 10095 9535 9579 9585 10018 9555 10053 9636 9439 9572 10158 10331 9817 10031 9708 9796 9871 9653 9933 10469 9804 9881 9487 10242 10215 9979 9496 9401 10550 9612 9671 9895 10558 10247 9594 9883 10564 9785 10100 9567 9942 9366 9657 10056 10275 10613 9906 9562 9983 9864 9857 10193 9512 9725 10505 10148 9628 10503 9723 9641 10704 9458 9309 10515 10328 10191 9839 9326 10028 9839 10216 9353 9779 9776 9178 9653 9232 10121 9486 9902 9981 10057 10177 9820 9702 9727 9372 10452 10378 9356 10274 9356 9620 9637 10172 9818 9759 9949 9888 9935 8896 9843 9871 9640 9548 10029 9555 10011 9574 10382 10246 9921 9798 10344 10159 10154 9900 10025 9839 9729 10439 9347 9467 10239 10032 9824 9922 9799 9435 10009 10025 9927 9628 9692 9411 9859 11038 9585 9979 9788 8974 9902 9696 9445 9688 9674 9662 8958 10237 9802 9776 10570 10618 9687 10098 9564 9812 9484 9672 9993 10087 10141 9357 10091 9871 9752 9685 9610 10046 9267 10540 10181 9639 10140 9725 10012 10292 9858 9693 10080 10279 9921 9417 9369 10224 9505 10254 9541 9871 10057 9249 10055 9999 10412 10058 9948 9393 10251 10054 9700 10016 9599 10267 9534 9655 9861 9935 9972 9399 10052 9900 10004 9660 10108 10092 9496 9810 9465 9780 10366 10193 10088 10136 8851 9894 10269 9742 9470 9926 9278 10107 9853 9701 9741 10041 9420 9840 10013 9688 9797 9955 10118 9719 9902 9728 9427 9655 10188 10544 10061 9782 9833 10013 9917 10213 9602 10196 9772 9358 10434 9600 10258 9976 10159 10253 9299 10304 9746 9888 9784 9458 9730 10206 9375 9705 9874 9885
10247 10068 10075 10515 9900 10162 10590 9391 10020 10359 9844 11080 10006 9623 10353 9577 10293 9419 10220 10649 10643 9639 9962 9905 10611 10275 10657 9842 10408 10152 10684 10891 10279 10768 10122 10341 10793 10415 10246 10541 9699 10461 10589 10033 10510 9852 9567 10369 10608 9781 10714 10057 10090 9508 10221 10205 10514 9781 9853 9731 10152 9466 10519 11031 10105 9808 10354 9908 9859 10692 10895 9885 10591 10408 10322 10082 10040 10301 9446 10566 10022 9994 10908 10286 10586 10085 10099 10167 10481 10544 9867 9705 10553 9898 10556 9590 10794 10017 9919 10334 9973 10245 9973 10249 10469 9941 10834 10509 9942 10393 9965 10375 10555 10666 10140 10323 10439 9892 10048 10232 9989 10265 10332 10547 9931 9671 9979 10993 9908 10810 9849 10034 9801 10060 10837 10241 10641 10143 10140 10329 10186 10254 10980 9533 10552 9878 10440 10710 10557 10061 10127 11046 9550 10232 10548 10881 10220 9757 10550 10727 10624 10083 9779 10440 10000 10229 10461 10723 10614 9605 10317 10497 10186 9947 10811 9697 9927 10836 10463 9975 11048 10305 10297 11147 9759 10052 10598 11008 11021 9839 9900 10369 10448 10556 9969 9823 10234 9991 10284 10272 10487 9479 9897 9962 10774 10657 10598 10046 9651 10383 10617 10671 9870 9908 9935 10157 10015 10374 9875 10445 10453 10433 9877 9902 10599 9842 9734 10221 10364 10142 9508 9923 10245 10407 10847 10138 10628 10528 10688 9506 10468 9753 10255 10711 9929 10347 10431 10063 10011 10590 10419 10184 10324 10311 10140 10444 9842 9886 10337 10842 10304 9844 10070 9291 9995 10303 9593 10309 10397 10020 9695 10378 10599 10509 10896 10452 10343 9992 9712 10451 9931 10261 9803 10218 10338 9584 10472 9802 9981 10359 9686 10271 9777 10643 10550 10467 10166 10023 10298 10582 10114 10434 10291 10971 10087 9898 10051 10586 10008 10635 9730 9993 10260 10212 10604 10463 10892 10276 10388 9728 10618 10210 10173 10262 10164 10575 10076 10650 10247 10132 10378 10121 10387 10501 10276 9809 10721 10219 9949 10089 10158 10414 10516 10488 10597 10699 9523 10539 10904 10171 9974 10401 9773 10781 10038 10197 10307 10308 10161 10523 10699 10259 10033 10540 10306 10000 10445 10170 9591 10209 10575 10561 10695 9929 10336 10551 10059 10444 10104 10559 10371 10054 10734 10036 10631 10304 10267 10334 10055 10584 9898 10289 9811 9352 10097 10389 9807 10065 10825 10650
9553 9426 9458 9844 9332 9872 10081 8977 10090 9596 9112 10244 9719 9420 9714 9040 9960 8628 10587 10072 10007 9437 9626 9599 10123 9533 9597 9610 9495 9298 10451 10620 9614 10303 9554 9901 10017 9683 9804 9823 9448 9467 9526 9647 9570 8972 9020 9377 9652 9362 9666 9312 9874 8545 9698 9397 10005 9302 9070 9341 9768 9060 9745 10286 9305 9321 9313 9309 9704 9957 10254 9549 10140 9562 9623 9205 9927 9276 9140 10237 9262 9230 9796 9580 9779 9698 9443 9916 9994 9984 9579 8998 9464 9215 9763 9614 10239 9722 8952 9667 9419 9930 9477 10002 9778 9449 10273 10013 9784 9893 9127 9996 10033 10301 9428 9977 9926 9569 9445 9815 9297 9196 9636 10046 9606 8841 8958 9763 9521 9815 9623 9439 9032 9764 10361 9736 9609 9924 9766 9506 9922 9635 10184 9136 9833 9197 9899 10157 9929 9317 9049 10310 9286 9526 9370 10441 9689 9519 10048 10117 9711 9345 9460 9993 9550 9055 9698 10021 10094 9368 10019 9919 9359 9664 10212 9462 9765 10116 10060 9812 10312 9374 9459 10612 9324 9353 10056 10307 10393 9118 9327 9469 9839 10084 9347 9749 9423 8979 9621 9066 10166 9120 9181 9661 9906 10226 9614 9939 9484 9474 10101 9721 8884 9455 9276 9371 9469 9591 9126 9863 9678 9684 10077 9035 10027 9344 9393 9629 9653 9837 9606 9133 9634 9750 9895 9801 9728 9686 9800 9355 9676 9346 9901 10357 9378 9819 9760 9477 9698 9917 9294 9617 9580 9707 9807 9808 9666 9465 9515 10243 9071 9635 9429 8871 9629 9783 9366 9920 9705 9353 9267 9764 9907 9808 10313 9913 9799 9588 9234 9536 9485 9232 9594 9627 10340 8915 10155 9064 9464 9586 9535 9615 8649 9752 9933 9852 9680 9480 9610 9850 9590 9783 9920 10174 9727 9221 9251 9585 9376 10174 9275 9503 9802 9670 10247 9708 10179 10101 9580 9335 9819 9597 9078 9842 9825 9801 9755 9756 9421 9540 10022 9472 9837 9921 9327 9253 10215 9971 9510 9406 9681 9545 10184 9851 9905 10141 9067 9827 9977 9735 9152 9848 9146 9817 9821 9845 9725 9452 9263 9264 9793 9816 9517 9563 9567 9750 9971 9396 9205 9238 9965 9772 9884 9999 9811 9679 9853 9951 9244 9866 9811 9205 10295 9233 9598 9603 9903 9945 9319 9804 9740 9930 9782 8994 9575 9893 9444 9827 9715 9685
10427 10613 10154 10951 10839 10355 10879 10260 11058 10226 10014 11788 11056 10314 10785 9686 10729 9403 10861 11481 10597 10362 10362 10756 10933 10472 10648 10246 10547 10539 11407 11053 10532 10900 10647 11015 11165 10120 10241 10781 10162 10509 10823 10588 11023 9967 10147 10425 10870 10050 11182 10311 10847 10009 9976 10760 10648 10345 10060 10299 10248 10134 10501 11171 10403 10501 10693 10609 10633 10667 11234 10190 10732 10658 10598 9977 10679 10289 9912 10726 10459 10646 11322 10635 11188 10338 10023 10715 10823 10572 10100 10086 10667 10341 11010 10020 10932 10524 9793 10509 10440 10629 10403 11180 10713 10224 11132 10977 10332 10856 10321 10620 10823 10982 10389 10631 10446 10450 10487 10669 10182 10725 10326 11113 10498 10055 10098 11033 10175 10268 10544 10296 10363 10346 11969 10821 10672 11039 10507 10693 10209 10173 11313 10329 10600 10279 10711 11091 10585 10284 9991 11470 9692 10880 10871 11114 10649 10268 10822 10898 10718 10334 10111 10861 10487 10216 10550 10877 11009 10299 10186 11029 10883 10383 11313 10333 10587 10563 10591 10500 11432 10526 10966 11849 10486 10535 11096 11255 11381 10464 10573 10390 11029 10986 9926 10426 10330 10045 10757 10282 10830 10058 10251 10608 10964 10977 10712 10758 10384 10765 10956 10996 10076 10522 10543 10162 10163 10618 10395 10473 10658 10867 10268 10259 10980 10334 10489 10297 10615 10570 9840 10231 10598 10929 11183 10623 10888 10600 10858 10311 10572 10318 10679 11334 9958 10517 10584 10302 10487 10859 10722 10756 10225 10421 10727 10229 10317 10558 10345 11293 10350 10617 10523 9662 10146 10607 10128 10982 10636 10336 9842 10889 10687 10977 10995 11321 11048 10460 10595 10671 10013 10303 10741 11091 11143 9827 10583 10352 10347 10596 10283 10500 9784 11022 10734 10408 10636 10706 10625 11191 10525 10417 10785 11287 10584 10280 10336 10406 10362 11182 10202 10397 11046 10477 10725 10737 11364 10834 10440 10270 11040 10518 10696 10794 10743 11063 10616 11105 11087 10692 10544 10235 10915 10870 10947 10124 11260 10489 10209 10587 10239 10992 10780 10054 10511 11201 10153 10882 11049 10591 10245 10952 10054 10991 10599 11029 10190 10443 10413 10677 10638 10453 10414 10523 10287 10672 10715 10546 10084 10650 10511 10832 11283 10652 10994 10771 10253 10609 10527 10949 10663 10313 11253 10243 10962 10230 10476 10526 10120 11009 10439 10871 10414 10361 10085 10949 10309 10329 11010 11000
9420 9766 9869 9871 9752 9944 10308 8708 9766 9485 9114 10813 10041 9564 9326 8851 9988 9245 10630 10021 10187 9383 9455 9771 10423 9754 10134 9784 9585 9719 9918 10080 9808 10140 10267 10049 10327 9488 9426 10017 9428 9746 9819 9463 10052 9584 9134 9777 9660 9295 10439 9553 10200 9186 9813 9805 10342 9254 9357 9614 9606 9327 9568 10354 9245 9556 9518 9511 9693 9707 10531 9184 10281 9729 9274 9701 9832 9658 9108 9729 9353 9265 9940 9784 10137 9453 9548 10164 9389 10022 9644 9049 10178 9364 9615 9399 10090 10071 9353 9969 9471 9440 9545 9959 9695 9791 10108 9650 9933 10195 9529 9957 10613 10599 9324 9461 10059 9261 10029 9922 9355 9913 9585 10194 9616 9541 9630 10218 9879 10026 9687 9308 9418 9926 10376 10032 9932 9494 9560 9923 9275 9570 10603 8958 9816 9554 10288 10182 9760 9232 9112 10837 9348 9313 9521 10671 9793 9362 10005 10406 9601 9297 9166 10386 9417 9556 9739 10002 10295 9432 9871 10333 9761 9625 9945 8999 9892 9960 9912 9765 10427 9563 9769 10398 9399 9379 9949 10206 10704 9809 9395 9931 9993 10058 9342 9747 9547 9218 9954 9030 10132 9510 9237 9804 10211 9948 9800 9572 9679 9614 10027 9954 9365 9621 9340 9247 9622 10000 9473 9782 9755 9965 10133 9467 10354 9538 9543 9299 9978 10110 9822 9449 9604 10143 9731 9819 10160 10593 10426 9584 10180 9523 9694 10219 9462 9629 10001 9596 9771 9684 9630 9169 9951 9914 9845 9660 9780 9549 9653 10569 9338 9466 9504 9204 9707 9695 8880 9661 9472 9872 9305 9997 9767 10004 10107 10248 9496 9853 9614 9918 9114 9485 9778 9914 9986 9293 9751 9810 9410 9811 9531 9659 9024 10048 9923 9753 9507 9450 9906 10229 9533 9683 10014 10349 9927 9619 9541 10214 9605 10061 9633 9798 9992 9816 10298 9784 10123 10038 9517 8915 10246 9804 10070 9815 9682 9911 9510 9808 9915 9688 10186 9349 9609 9902 9857 9207 10126 9737 9756 10025 9466 9846 9709 9646 10167 9888 8816 9990 10363 9743 9224 10107 9173 10143 9539 9706 9594 9797 9177 9392 10243 9999 9637 9845 9888 9941 9860 9515 9525 9461 9696 10171 9700 9808 9571 9803 9638 10019 9736 10002 9930 9538 10185 9641 10103 9902 9673 9714 9493 10127 9922 9831 9215 9563 9184 10232 9332 10022 9552 10159
9701 10208 9911 10144 9745 10340 10153 9223 9935 9866 9328 11022 10235 9775 9952 9138 10298 8982 10003 10396 10167 9428 9976 9881 10476 10189 9984 9655 9888 9877 10066 10612 9565 10769 9851 10020 10364 10460 9698 10412 9480 10002 10286 9379 10158 9844 9179 9721 10202 9561 10459 9895 10322 9250 9828 9717 10534 9942 9541 9510 10294 9238 9918 10642 9869 10095 9837 9196 10110 10001 10530 9626 10355 9888 10377 9283 10387 9670 8964 10047 9910 9717 10408 9555 10179 9944 10160 10128 10201 9932 9749 9143 10036 9932 10102 9624 10396 9793 9850 10184 9629 9759 9644 9996 10402 9975 10643 10056 9353 10650 9589 9979 10559 10266 9555 9875 10011 9632 10118 10256 9038 10306 10222 10651 9711 9609 9671 10228 9809 9922 9734 9473 9732 9776 11057 9848 9852 10404 9761 10220 9945 10087 10223 9615 9771 9939 10728 10278 10020 9687 10443 10298 9495 9545 10033 10218 10138 9674 9946 10879 10081 9888 9683 9996 9599 9492 10131 10677 10469 9386 10028 10270 9581 9494 10492 9681 10189 10336 10273 9612 10552 10088 10201 11088 9190 10005 9824 10602 10307 9898 9707 10125 9801 10684 9264 9576 9694 9353 10035 9161 10511 9543 9894 9772 10358 10433 9984 9905 9892 10224 10636 10334 9650 10118 9850 9993 9976 10064 9790 9721 10163 10179 10020 9075 10339 9602 9850 9844 9949 9421 10119 9548 10105 10289 10330 9862 10439 10311 10612 9465 10155 10297 10104 10504 9648 9941 10071 9819 9557 10140 9784 9775 9769 9950 10240 9769 9823 9940 10018 10957 9682 9627 9885 9145 9840 9706 9661 9956 10167 9550 8988 10322 10583 9880 10501 10818 10069 9775 9351 10236 9521 10236 9894 10020 10456 9520 10349 9851 9391 10012 9856 9809 9479 10333 10259 10322 10034 9922 9921 9854 10012 9878 10099 10746 10071 9929 9578 10030 9867 10443 9674 10286 10096 10112 10252 9716 10373 10387 9606 9747 10600 10178 9582 10337 9603 10334 9871 10286 10019 9921 10471 9494 10344 10288 9993 9099 10529 9767 9754 9856 9663 10084 10273 9946 10294 10152 9392 10351 10644 9485 9655 10261 9256 10667 9958 9677 9525 9866 9628 9380 10232 10191 10040 10270 9912 10082 10139 9854 9229 10254 10164 10269 10502 9924 10134 9981 9738 10314 9828 10383 9926 9725 10380 9907 9779 10048 10143 10069 9787 10599 9591 10129 9844 9544 9592 10448 9887 9971 9897 10331
9294 10306 9432 9973 9329 9217 9858 8806 9780 9390 8983 10439 9607 8816 9706 8755 10334 8486 9456 9875 9609 8785 9100 9401 9734 9434 9834 9544 9522 9507 9784 10101 9197 9945 9464 9560 9779 9253 9751 9994 8934 9692 9477 9498 9782 9012 9074 9542 9301 9199 9850 9171 9664 8879 9143 9570 9366 9388 8967 9222 9587 9069 9618 9922 9497 9498 9431 9657 9656 9924 10211 9324 9706 9257 9603 9364 9748 9234 9270 9827 9391 9324 9343 9409 9418 9299 9288 9922 9282 9268 9630 8756 9221 8911 9319 9339 9687 9502 9036 9395 8943 9448 9347 10063 9559 9353 9488 9695 9139 10038 9084 9752 10045 9772 9432 9239 9445 9254 9635 9644 9188 9401 10227 9965 9205 9230 9155 10175 9491 9314 9167 9218 9226 9419 10301 9429 9698 10135 9739 9763 9552 9158 9877 9290 9765 8957 10197 9988 9841 9106 9090 10515 9284 9409 9170 9984 9648 9241 9833 10190 10024 9414 9004 9555 9313 9644 9353 9748 10157 9045 9717 9718 9655 9145 10007 9017 9461 9458 10044 9423 10211 9878 9668 10194 9276 9621 9321 10232 9973 9429 9126 9828 9496 10139 9000 9386 9279 9251 9574 9179 9883 8861 9397 9424 9786 9929 9500 9302 9620 9284 9914 9710 9329 9426 8925 9160 9299 9718 9450 9291 9177 9515 9835 8348 9434 9353 9352 9580 9758 9269 9551 9271 9325 9792 9877 9271 9912 10034 10160 9430 9681 9242 9852 10090 9129 9669 9993 9503 9558 9732 9463 9514 9436 9852 9933 8915 9171 9246 9582 10223 9105 9247 9392 8493 9267 9522 8947 10000 9710 9086 8744 9872 9463 9430 9854 10108 9599 9439 9352 9575 8976 9266 9307 9594 9415 8928 9699 9112 9508 9768 9494 9567 9158 9789 10115 9726 9555 9820 9256 9952 9296 9191 9804 10509 9229 8996 8853 9451 9268 10067 9015 9526 9493 9360 9784 9290 10003 9627 9345 9073 9262 9465 9269 9746 9324 10077 9290 10392 9685 9598 9871 9014 9858 9732 9452 9144 10011 9321 9721 9205 9200 9542 9784 9506 9886 9905 9258 9822 10160 9145 9519 9553 9185 9838 9137 9169 9280 9328 8906 8848 9574 9037 9637 9502 9607 9617 9369 9477 9357 9365 9855 9917 9897 9446 9716 9546 9714 9593 9186 9735 10042 8887 9745 9384 9640 9897 9434 10313 9499 10134 9370 9672 9132 8948 9498 9686 9322 8940 9659 10003
9861 10233 9821 9844 10193 9932 10469 9296 10423 9716 9831 11136 10142 9719 10373 9256 10031 8854 10275 10155 10364 9307 10111 10320 10348 10170 10042 10118 9768 10159 10246 10430 10080 10701 10111 10051 10389 9729 9936 10463 9881 10217 10072 10247 9902 9635 9615 10017 10164 9773 10527 9654 10405 9575 9875 10032 10208 9487 9190 9895 9993 9610 10355 10674 9828 9697 10239 10117 10007 10328 10699 9776 10284 10070 10007 9745 10008 9974 9229 10277 10121 9811 10173 9904 10404 9724 10044 10071 10190 10398 10000 9343 10233 9693 10128 10118 10296 10408 9477 10327 9839 9908 9677 10402 10375 9515 10822 10062 10125 10060 9443 10457 10486 10409 9424 10421 10534 10109 9849 10244 9404 9782 9784 10320 9474 9522 9242 10098 9481 9844 9789 9770 9570 10206 10575 10438 10027 9935 9921 10001 9915 9614 10763 9528 10524 9855 10066 10574 10393 9719 9728 10576 9531 10144 9862 10851 10231 9330 10254 10626 9972 10341 9953 10377 10020 9800 9862 10457 10670 10053 9890 10146 9761 10312 10392 9376 9541 10337 10356 10020 11039 10408 10163 10552 9705 9355 10320 10579 10572 9784 9767 9944 9984 10767 9866 10065 9881 9657 9822 9334 10426 9429 10100 9988 10520 10545 10026 9947 9798 10283 10081 10399 9502 9543 9445 9348 9080 10500 9811 10369 10388 10054 9899 9511 10474 9701 9559 9732 10342 10018 9708 9783 9808 10547 10464 9971 10124 10737 10587 9639 10291 9972 9892 11021 9634 9771 10105 10325 9825 10116 10040 10075 10117 10328 10000 9950 9649 10141 10112 10617 10202 9988 9489 9564 10036 10224 9633 10342 9835 9723 9312 10372 10453 10051 10091 10102 10161 10059 10112 9801 9560 9780 9754 9949 10333 9492 10165 9640 10165 9613 9767 10359 9201 10715 10078 9967 10023 10279 9773 10334 10102 9862 10287 10731 10407 9581 9514 10229 10020 10588 9526 9765 10124 9614 10486 9952 10700 10167 9955 9543 10450 10029 9823 10041 9994 10313 10073 10145 9857 10060 10169 9736 10391 10451 9704 10185 10242 9800 9506 9732 9692 10298 10277 9904 10245 10412 9356 10203 10873 9827 9936 10611 9567 10371 10075 10015 10114 10160 9726 9997 10756 10048 9663 9858 9998 9640 10210 9877 9772 10011 10293 10492 10297 10178 10179 10067 9991 10329 9897 10254 9965 9823 10570 9571 10164 9791 10229 9688 9501 10258 10214 10511 9773 9505 10118 10168 9758 10179 10163 10378
9119 9590 9410 9454 9516 9498 9848 9097 9826 9318 8956 10399 9661 9261 9495 9148 9806 8384 10154 10193 9614 9007 9156 9868 10058 9333 9462 9580 9555 9595 9899 10091 9182 9748 9213 9726 10049 9084 9004 9639 8758 9367 9508 8887 9799 9096 9147 9658 9450 8588 9514 9441 9729 8622 9598 9549 10002 9466 9106 9388 9563 8875 9405 9917 9215 9073 9444 9133 9420 9590 9588 8975 9668 8999 8618 9263 9769 9552 8918 9757 9644 9234 9799 9645 9814 9536 9053 9585 9463 9502 9195 8742 9639 8880 9740 8978 9438 9559 8741 9453 9159 9420 9357 9356 9298 9337 9779 9458 8945 9855 9152 9489 9873 9810 9037 9115 9454 8884 9128 9470 8614 9375 9256 10100 9328 9062 9064 9827 9161 9386 9194 9218 9424 9371 10215 9521 9715 9765 9527 9817 9554 9025 10381 8779 9682 9789 9851 9692 9522 9231 8989 10274 9296 9373 9229 10050 9652 9204 9569 10208 9576 9317 8978 9873 9369 9373 9353 9627 9797 9170 9061 9885 9385 8951 9659 8974 9561 9601 9842 9213 9948 9626 9643 9991 8834 9318 9593 9714 9799 9602 8938 9614 9671 9905 8844 9395 9302 9102 9411 8852 9437 9096 9400 9820 10097 9910 9480 9572 9172 9327 9597 9499 8796 9247 9539 8838 8809 9439 8971 9296 9470 9460 9688 8395 9997 9249 9457 9108 9550 9184 9622 8812 9657 9671 9861 9377 9617 10056 9741 8952 9647 9169 9839 9822 8961 9779 9381 9198 9416 9754 9198 9339 9703 9147 9521 9252 9172 9053 9216 10083 9193 9157 8934 8565 9071 9543 8698 9696 9577 9494 8798 9959 9567 9464 9739 10114 9601 9681 9381 9826 8813 9641 9063 9591 9787 8832 9821 9299 9517 9234 9414 9539 9088 9335 9792 9396 9106 9395 9521 9920 9205 9392 9605 10153 9477 8988 9046 9474 9115 10126 9434 9791 9600 9017 9844 9660 9872 9649 9100 8986 9534 9507 9189 9371 9218 9700 9300 9735 9514 9461 9726 9283 9789 9530 9314 9406 9730 9675 9532 9531 8998 9682 9571 9360 9654 9579 8662 9409 9882 9289 9056 9783 8960 9933 9529 9425 9556 9465 9297 9067 9777 9663 9388 9502 9006 9478 9751 9188 8853 9111 9361 9828 9619 9027 9525 9581 9572 9631 9570 9942 10039 8901 10287 9155 9501 9174 9495 9603 8815 9684 9210 9207 9296 8685 9163 9641 9017 9261 9891 9349
10088 10077 9914 9938 9914 10171 10854 9702 9934 9705 9860 11134 10012 9757 10130 9333 10342 9040 10577 10707 10193 9595 9813 10310 10628 10016 10404 9953 10092 10302 10516 10252 10136 10519 10400 10314 10916 10208 10499 10554 9884 10093 10072 9973 10530 9754 9894 9965 10070 9500 10408 10047 10519 9744 9790 10355 10654 9968 9518 10264 10305 9629 10558 10746 9844 10215 10211 9974 9993 10187 10792 9732 10087 9952 10536 9767 10712 9806 9254 10556 10232 10100 10245 10459 10417 9362 9760 10220 10500 9921 10194 9433 9921 9607 10012 10124 10353 9983 9592 10097 10079 9849 9810 10646 10147 10211 10637 10504 9887 10710 9585 10313 10745 10991 9521 10145 10415 9992 9791 10638 9631 10205 10262 10877 9466 9739 9765 10759 10057 10146 9887 9720 10203 10157 11339 10333 10482 10499 10186 10290 10141 9787 10708 9804 10311 9952 10725 10368 10355 9874 9998 10563 10034 10101 10138 10874 10183 10137 10217 10811 10363 10347 10046 10616 9721 10142 10467 10308 10737 9781 10283 10504 10133 9757 10871 9794 10445 10123 10069 10413 11084 10235 10176 11006 9984 9880 10658 10664 10760 9912 9746 9939 10321 10463 9468 10315 9880 9593 10539 9415 10222 9803 10002 10441 10651 10521 10140 9952 9940 10140 10670 10787 9678 10035 9934 9981 10194 10636 9890 10404 10249 10202 10404 9692 10648 9822 9881 9950 10183 10082 9929 9920 10522 10865 10323 10245 10265 10306 10565 9588 10424 9726 10273 10605 9466 10251 10437 10153 10118 10434 9872 9667 9993 10163 10345 9844 10160 10023 9943 10900 9822 10292 9880 9519 9954 10387 9717 10157 10304 10127 9612 10587 10090 10830 10545 10676 10317 10113 10092 10327 9688 10059 10311 10268 10536 9156 10141 9799 10276 10050 10131 10266 9369 10325 10664 10135 10170 10189 10140 10805 10333 10248 10162 10821 10317 9792 9739 9780 9990 10306 9503 10059 10159 10129 10385 10255 10732 10280 9918 9386 10413 9980 10285 10483 9980 10191 9987 10582 10411 10266 10976 10015 10522 10412 10306 9657 11081 10191 10119 10210 9776 10496 10237 10201 10500 10752 9488 10354 10796 9913 9909 10566 9624 10347 10328 10287 9786 10451 9555 10257 10026 9996 10088 10163 10353 9897 10245 10326 9812 10219 10032 10621 10767 10094 10336 10243 10460 10358 9898 10480 10362 10207 10518 9597 10184 10429 9779 10465 9859 10832 9946 10435 9972 10017 9610 10881 9704 10204 10389 10287
9661 9764 9603 10096 9996 10063 10232 9626 10174 9757 9797 10833 10115 9827 10209 8985 10146 9370 10249 10581 9907 9447 9877 9924 10305 9385 9944 10291 9598 10134 10711 10900 9884 10506 9722 9776 10517 10029 9885 10271 9568 10063 10231 9604 10129 9649 9315 9939 10007 9616 10312 10377 10053 9227 10297 9961 10236 9867 9470 9526 9833 9499 10246 10635 9945 9580 10026 9866 10089 10499 10369 9527 10434 9583 9602 9867 10083 9627 9543 10237 9892 9564 10322 9856 10172 9865 9905 9934 10242 10510 9463 9313 9891 9727 10529 9496 10785 9929 9399 9798 9668 10254 9526 10060 10084 10134 10637 10284 10462 10235 9701 10171 10430 10159 10303 10361 9867 9626 9771 10157 9523 9768 10098 10554 9606 9787 9143 10580 9950 10110 9603 9077 9808 9892 10540 10112 10101 10227 9904 9924 9426 9926 10839 9894 10297 9788 10633 10793 10150 9830 9462 10429 9307 9693 9954 10795 10213 10243 9859 10479 10101 10578 9640 10341 9677 9810 10145 10086 10409 10125 10138 10220 9769 9778 10501 9438 9871 10402 10288 10086 10721 10238 10103 10896 10067 9803 10428 10401 10267 9595 9570 10371 10283 10565 9789 9578 9256 9653 10176 9535 10396 9655 10111 9836 10359 10093 10159 10070 10341 10012 10345 10181 9335 9815 9409 9462 9484 10149 10119 10128 9817 9996 9855 9170 10230 9955 9667 9721 10048 9842 9913 9497 10020 10122 10305 10245 10050 10277 10121 10113 9927 9802 10098 10446 10194 10037 10328 9998 9807 10225 10020 9924 10014 9999 10092 9836 9585 9629 9870 10800 9839 9992 9756 9384 10126 10018 9110 10275 9781 9611 9345 10607 10214 10157 10485 10375 10145 10075 9888 9946 9581 10010 10161 10378 10630 9492 10050 9482 10209 10345 10215 10151 9863 10524 10273 9970 9898 9851 10135 10266 9844 9942 10030 10677 9992 9705 10063 9874 9647 10017 9518 9764 9903 9943 10150 10160 10699 10372 9785 9548 10023 9952 10291 10417 9888 10289 10320 10514 10026 10246 10243 9768 10292 10092 10056 9527 10706 9996 9575 10215 9589 9860 10169 9916 10172 10651 9421 10622 10769 9651 9696 10275 9455 10469 10126 10289 9286 10222 9589 9418 10160 9944 9962 10405 9690 10112 10418 9894 9751 9604 10307 10119 10388 10276 10227 10124 10323 10466 9784 10390 10394 9660 10694 9628 10314 9893 10197 10076 9661 10407 9924 10293 9686 9601 9455 10328 9622 10044 10270 10403
10043 10388 9660 10309 10388 10057 10523 9268 9910 9986 10226 10806 10167 9825 10104 9393 10858 8921 10231 10486 10249 9832 9858 10137 10292 9978 9992 10226 9519 10163 10271 10375 9842 10495 10420 9853 10515 9860 10329 10618 9710 10104 10114 10346 10268 9448 9466 9861 10106 9550 10169 10140 10289 9698 9289 9788 10701 9647 9134 10242 10267 9635 10008 10600 9930 9827 9984 10210 10159 10452 10532 9606 10268 9920 10190 9561 10218 9926 9686 9734 10096 9701 10640 9779 9969 9773 9682 10413 10327 9905 9789 9749 9902 9462 10222 9325 10377 10280 9618 10193 9706 10269 10003 10278 10437 10026 10335 10214 9748 10288 9297 10194 10275 10762 10034 10172 10094 10003 9809 10361 9388 10169 10372 10489 9749 9934 9434 10134 10239 10111 9941 9743 10058 10098 10765 10064 10082 10511 10095 10140 9681 9747 10843 10047 10264 9964 10440 10501 9938 9343 9938 10905 9739 10161 9976 10634 10844 9711 11137 10593 10612 10339 9873 10375 9659 10194 10205 10283 10495 9435 10121 10826 9751 9882 10389 9547 10038 9902 10151 10064 10762 10547 10255 10874 9735 10257 10240 10664 10897 9898 9767 10029 10015 10752 9555 9923 9914 9717 9832 9143 10448 9373 10162 10118 10519 10294 9983 9893 9697 10226 10510 10752 9616 9853 9708 9583 9974 10463 9782 9791 10205 10229 10444 9441 10479 10024 9909 9990 10035 10144 9974 9978 10020 9946 10706 9903 10181 10534 10592 9900 10319 10026 10232 10455 9420 9807 10385 9747 9619 10308 9697 9960 9704 10055 9963 9548 9859 9837 10301 10930 9591 10004 9869 9207 9915 10495 9520 10516 10107 10012 9253 10914 10220 10379 10454 10467 9710 9853 9980 10221 9538 9962 10003 10246 10494 9305 10448 9939 10115 9750 9663 10187 9237 10733 10424 9857 10250 9847 9898 10604 10145 10110 9961 10788 9926 9570 9524 10340 10149 11133 9418 10221 10308 9888 10500 10128 10715 10222 10245 9477 10414 10082 10365 10673 9780 10090 10140 9962 10507 9970 10481 9898 10324 10266 10064 9681 10444 9902 10099 10236 9853 10164 10394 10165 9989 10648 9661 10804 10283 9877 10139 10705 9287 10519 10421 9965 10172 10410 9901 9797 10033 10412 9727 10478 10240 10014 10434 9877 9641 10181 10146 10349 10054 10045 10248 10020 9808 10487 9513 10318 10675 9805 10582 9838 10093 10131 9876 10366 9610 10615 10162 10469 9928 9660 9996 10268 9780 9971 10406 10793
10235 10524 10382 10118 10579 10305 10740 10033 10565 10407 10280 11245 10748 9786 10646 9614 10739 9828 10697 10890 10189 9766 10174 10526 11002 10372 10498 10232 10539 10584 11217 10911 10289 10952 10581 10657 11077 10170 10380 10625 10338 10285 10341 9753 10567 10260 9949 10101 10295 10053 10761 10162 10400 10092 10040 10448 10633 10105 9950 10193 10401 9529 10396 10919 10194 10466 10588 10067 10373 10715 10743 9684 10784 10027 9898 9806 10346 9880 9701 10312 10245 10000 10639 10554 10703 10049 9970 10182 10524 10333 10048 9782 10110 9910 10615 10041 10745 10326 9805 10236 10282 10300 10047 10802 10918 10128 10807 10928 10314 10632 9901 10723 11217 10720 9946 10266 10298 9854 10270 10406 9864 10600 10666 11283 10304 9893 9874 10852 10327 10305 10240 10398 10187 10225 11189 10469 10520 10521 10165 10647 10186 9983 11047 10080 10910 10366 10708 10834 10638 9925 9923 11377 9903 10290 10541 11285 10788 10586 10783 11304 10728 10570 10146 10676 10146 10207 10250 10766 10739 10117 10609 10760 10179 10535 11081 10198 10666 10324 10404 10478 11111 10315 10099 11620 10099 10176 10718 11107 11034 10363 10227 10496 10906 11296 10103 10259 10200 9958 10809 9454 10665 9983 10561 10506 10958 11051 10590 10543 10122 10261 10373 10648 9795 10091 10090 9954 10110 10487 9804 10233 10457 10412 10275 9773 11158 10175 10268 10325 10415 10244 10405 10008 10296 10846 10731 10420 10515 10621 10880 10006 10627 10275 10593 10865 9656 10629 10342 10346 10476 10752 10047 10498 10149 10140 10500 10029 10142 9969 10437 11359 10036 10263 10227 9756 10137 10736 9429 10596 10445 10543 9471 10780 10554 10732 10775 11029 10519 10268 9933 10644 10144 10268 10337 10644 11110 9755 10663 10045 10220 10328 9750 10458 9501 10746 10502 10381 10419 10137 10342 10828 10316 10062 10648 11348 10407 9897 9875 10423 9931 11005 9850 10321 10549 10431 10859 10545 10920 10959 9765 9743 10666 9887 10200 10461 10473 10642 10458 10504 10916 10760 10938 10204 10608 10581 10428 10236 10888 10315 10101 10259 9995 10620 10959 10296 10380 10370 9690 10524 10872 9922 10297 11037 9917 11051 10387 10445 10405 10705 10022 9895 10374 10492 10655 10738 10328 10763 10308 10254 9982 10212 10484 10705 10788 10462 10357 10284 10517 10656 10028 10781 10509 9768 10865 10038 10705 10736 10964 10459 10090 10663 9737 10758 10580 9919 9998 10550 10250 10102 10745 10654
9939 10169 9935 10384 10187 10002 10371 9385 10122 9596 9661 11441 10038 9795 10551 9416 10375 9308 10282 10433 10066 9599 9799 9995 10751 10209 9810 9808 9671 10115 10435 10608 9776 10349 10241 9844 10670 9821 10343 10518 9892 10094 10205 9749 10443 9483 9860 9914 10023 9870 11005 10110 10227 9540 9804 9909 10574 9607 9735 9794 10185 9951 10177 10994 9672 10054 9995 9839 10058 10130 10819 9837 10534 9999 9914 9550 10631 9797 9144 9874 9930 9801 10316 10299 10504 9756 9980 10266 10080 10063 9977 9226 9877 9398 10238 9502 10521 10223 9593 10341 9766 10384 9923 10531 10260 9992 10293 10094 10076 10492 9703 10331 10711 10709 9888 9959 10278 9923 10025 10114 9747 9974 9903 10822 9800 9580 9982 10702 10034 9880 9785 9886 9951 10208 10857 10112 10373 10370 10216 10536 10088 9639 10715 9428 10167 10004 10492 10612 10290 9929 9962 10877 9591 10346 9906 10905 10242 9765 10396 10600 10180 10114 9666 10367 9563 9992 10331 10477 10573 9883 10133 10154 10129 9876 10517 9536 9926 10696 10307 9830 10697 9915 10415 10641 9811 9655 10414 10654 10431 10023 9702 10326 9989 10589 9782 9943 9984 9403 10254 9625 10465 9226 10246 9932 10311 10530 10122 9863 9673 9972 10631 10746 9894 10096 9912 10036 9704 10347 10151 10126 10254 10393 10400 9449 10487 9687 9481 9696 10079 9841 10022 10073 9949 10260 10272 10437 10428 10640 10640 9650 10427 10022 10413 10848 9623 10188 10316 10370 9772 10435 9903 10209 10265 9956 10481 9885 9955 9596 10094 10936 9653 9570 9499 9399 9837 10165 9652 10585 10162 10078 9394 10402 10636 10170 10364 10880 10207 10047 9716 10419 9586 9927 10121 10416 10296 9269 10291 9634 9744 10087 9573 10196 9614 10836 10449 10220 10485 10107 9973 10553 9888 10003 10444 10849 9772 9871 9618 10268 9852 10379 9616 10007 10606 9486 10397 9979 10661 10172 10026 9316 10389 10320 10045 10151 10044 10362 9871 10603 10213 9845 10373 9746 10098 10418 10621 9554 10547 10069 9974 10398 9819 10126 10048 10039 10266 10384 9708 10633 10708 10057 9968 10434 9646 10587 9868 9984 9769 10244 9390 9738 10593 9995 9886 10105 10014 10143 10425 9880 9407 9953 10328 10312 10350 10208 10245 9863 9950 10201 9725 10309 10398 9796 10258 9756 10223 9962 10137 9904 9872 10456 10077 10141 9666 9689 9813 9989 9650 10030 10145 10087
9564 9912 9809 10310 10237 10186 10246 9291 10070 9751 9780 10822 10104 9552 10347 9434 10517 9018 10230 10543 10165 9505 9574 10470 10328 10113 10362 9942 9805 10438 10528 10920 9830 10663 9517 9883 10810 10139 9961 10083 9844 9702 9636 9641 10142 9350 9389 9693 9949 9430 10138 10215 10314 9456 9231 9777 10608 9875 9411 10021 10137 9466 9731 10621 9632 9560 9735 9676 10159 10139 10756 9759 10355 9933 9955 9766 10028 9561 8756 9706 10074 9868 10453 10195 10176 9717 9971 10329 9905 10148 9358 9431 9960 9434 10137 9561 10165 9692 9515 10082 9676 9986 9847 10539 10259 9588 10488 10516 10029 10356 9450 10177 10307 10412 9763 9974 10317 9975 9899 10228 9504 10230 10246 10169 9652 9819 9785 10134 9653 10003 10084 9668 10138 10205 10939 10000 10233 10563 9828 10074 9983 9303 10613 9693 9947 10169 10722 10495 10081 9555 9698 10509 9274 9894 10092 10885 10051 9729 10171 10496 10189 9935 9810 10207 9890 9685 9968 10696 10437 9845 9938 10257 10193 9780 10658 9803 10167 10330 10122 9846 10577 9889 10010 10632 9618 9858 10089 10797 10431 9997 9798 10062 10110 11060 9782 10142 9874 9625 9926 9331 10496 9790 9925 9838 10256 10609 10364 9887 9703 9727 10659 10415 9596 9925 9849 9740 9586 10383 9834 9986 9947 10042 10367 9287 10422 9820 9881 9679 10180 9849 10237 9568 10334 10540 10508 9920 10289 10668 10110 9892 10345 9761 10314 10426 9317 9921 10079 9945 9704 10026 9706 9944 9832 9930 10209 10123 9661 10007 9918 10589 9786 9898 9770 9191 9683 9739 9418 10705 10149 9914 9125 10298 10067 10128 10926 10633 9611 10170 9919 10229 9407 9438 10147 10386 10260 9654 10148 9638 9898 9658 9808 10186 9809 10451 10256 9828 10119 9674 9961 10314 9995 10190 10061 10469 9701 9220 9674 10264 9356 10315 9476 10202 10496 9714 10307 10115 10816 10389 9804 9305 9992 9991 10249 10131 10057 10301 9777 10352 9849 10044 10349 9807 10542 10219 9717 9783 10267 10098 10083 10029 9703 10177 10445 10017 9992 10537 9567 10475 10618 9785 9619 10711 9591 10304 10192 10120 9881 9767 9772 9805 10265 10268 9782 9830 10192 10199 10576 9756 9359 9774 10320 10330 10287 10017 10077 9850 10299 10330 9649 10306 10110 9444 10258 9679 9894 10100 9917 10489 9359 10370 9903 10022 10373 9496 9449 10266 9783 10206 10205 10174
9731 10205 9996 9952 9746 9955 10431 9006 10122 9991 9585 11096 9934 9601 10229 9295 10206 8811 10263 9991 9863 9492 9827 10192 10180 10319 9809 9531 9838 9940 10165 10368 9821 10126 9977 10040 10554 10100 9755 10044 9343 9821 10096 9723 10397 9341 9495 9169 10097 9435 10225 9700 10089 9354 9431 9817 10047 9279 9532 9684 10446 9825 10182 10541 9516 9979 9739 9831 9545 9873 10634 9441 9963 9519 9857 9533 10109 9912 9300 10071 9664 9703 10101 10249 10044 9537 9333 10225 10233 9426 9871 8890 9676 9607 9876 9522 10231 10186 9387 9794 10095 9957 9871 9965 9874 9350 10597 10071 10026 10450 9383 9827 10421 10065 9376 9678 10050 9713 9712 9645 9510 10494 10311 10902 9706 9391 9394 10209 9640 9649 9491 9448 9968 9630 10550 9958 9952 10047 9894 9970 9787 9658 10323 9491 10066 9788 10910 10160 9996 9539 9970 10455 9615 10005 10144 10588 10247 9666 10400 10787 9990 10121 9410 10137 9723 9612 10048 10298 10544 9703 9995 10211 9376 9718 10368 9570 9709 10102 10404 9764 10487 9729 9863 10691 9549 9608 10108 10563 10180 9859 9640 10156 9702 10517 9338 9518 9464 9733 9611 9291 10264 9515 9736 10093 10363 10206 10110 9640 9732 9920 10220 10558 9640 9709 10012 9871 9855 10194 9731 9450 9809 10005 9848 9614 10575 9781 10049 9503 9979 9887 9426 9283 9880 9900 10155 9644 10319 10327 10192 9847 10158 9849 10084 10404 9373 10145 9898 9481 9913 9992 10250 9961 9833 9721 10271 9835 9841 9449 9471 10579 9656 9571 9582 8885 9694 9846 9368 10209 9563 9791 8894 10166 9858 10217 10358 10058 9593 10160 9732 9768 9366 9747 9847 10135 10278 9303 10199 9738 9633 9727 9413 9666 9090 10220 10301 10112 9856 9861 10035 10112 9772 9943 10137 10818 9943 9611 9562 10169 9793 10316 9675 10040 10381 9771 10089 10230 10507 10315 9798 9335 10006 9892 9843 10110 9380 9911 10250 9932 9957 9991 10172 9728 9918 10258 10037 9804 10449 9607 9650 10217 9510 10036 9998 9670 10043 10392 9365 10393 10669 9836 9582 10176 9310 10580 10146 9958 9701 10189 9513 9786 10212 9961 9921 10276 9849 10275 9890 9353 9550 9935 10528 10210 10305 9922 9633 10315 10047 10153 9770 10035 10240 9450 10670 9474 10058 10262 9798 10166 10059 10072 9820 10217 10022 9326 9580 10157 9296 9742 9993 10543
9293 10078 9656 10064 9520 10158 10178 9732 9774 9971 9112 10552 9896 9439 9420 8945 9989 8864 10572 10523 10017 9060 9786 9993 10356 9449 9950 9642 9763 9913 10574 10384 9824 10116 9734 9956 10325 9271 9468 9731 9833 9947 9925 9383 10284 9301 9397 9604 10184 9531 10045 9589 9758 9300 9558 10095 9804 9444 9761 9761 9918 9606 10043 10496 9553 9684 9665 9811 9775 9906 10556 9331 9863 9909 9995 9169 9823 9721 9375 10245 9632 9741 10035 10014 10213 9258 9400 10080 10140 9975 9999 9140 9860 9812 9824 10097 9778 9854 9278 10065 9771 9872 9798 10094 10049 9218 10419 9947 9971 10438 9474 9776 10314 10201 9656 9575 9688 9734 9539 10090 9552 9517 9500 10788 9410 9256 9096 10274 9577 10161 9313 9580 9361 9738 10904 9850 10099 10235 9914 10032 9481 9512 10753 9437 10067 9862 10315 10548 10198 9404 9514 10671 9526 9681 9504 10549 9817 9349 10071 10308 9728 10041 8918 10332 9499 9714 9778 10090 10569 9617 9974 10100 9840 9551 10281 9498 9927 9857 10265 9843 10538 9710 9776 10734 9064 9578 10177 10400 10016 9677 9311 10069 9830 10337 9595 9945 9748 9082 10084 9260 9800 9200 9704 10040 10164 10451 9820 9710 9975 9619 10241 9884 9607 10005 9891 9459 9716 10020 9792 9931 9931 9931 9749 8973 10209 9640 9483 9507 9592 9706 9935 9308 9754 10127 10074 9720 10516 10071 10249 9820 9400 9816 9807 10784 9811 10070 9700 9583 9798 9698 9622 10123 9913 9567 9730 9341 9692 9454 9390 10395 9576 9948 9187 9255 9706 9920 9424 10318 9782 9623 8977 10296 10116 9706 9999 10617 10062 9900 9814 9783 9376 9764 9401 9903 10330 9213 10198 9251 9595 9709 9817 9913 9512 9909 9949 9917 9820 9723 10008 10487 9882 9667 10344 10376 10085 9142 9383 9959 9558 10264 9403 9805 10149 9542 10152 9999 10027 9961 9526 9509 9906 9636 9899 9914 9737 10211 9599 9885 9850 9707 9893 9877 10575 9668 9675 9694 10298 9565 9434 9736 9699 10101 9432 9511 9996 10390 9487 9972 10446 9861 9445 9814 9659 10158 9569 10349 9621 9805 9370 9566 9895 9760 9773 10098 10099 9887 9794 9364 9701 10010 10009 10444 10202 9898 9831 9983 9525 10173 9860 9989 10168 9094 10418 9365 9831 10085 10122 10256 9555 10036 10016 10039 9491 9684 9309 10011 9421 9720 10130 10119
9743 10038 9782 9861 9850 9716 10347 9069 10077 9647 9585 11065 9883 9734 10117 9142 10271 8982 10081 10173 9971 9680 9521 10031 9758 10312 9699 9662 9900 9986 10257 10553 9835 10498 9931 9828 10049 10164 10187 10035 9383 9725 9937 9828 10136 9241 9386 9731 9642 9374 10248 10012 9928 9289 9980 9672 10339 9224 9719 9744 10133 9495 9960 10804 9768 9977 9982 9642 9641 10006 10813 9533 10100 9757 9632 9854 9664 9936 9482 9986 9957 9844 9689 10052 10362 9623 9707 10223 10235 9841 9329 9070 9639 9685 9932 9418 10364 9939 9624 9796 9515 10290 9638 10276 10045 9958 10376 9704 9861 10300 9540 10269 10124 10424 9457 9803 9502 9381 9747 10022 9241 10113 9904 10571 9613 9601 9231 10351 9619 10045 9654 9705 9564 9686 10491 9862 10013 9779 9754 9628 9614 9357 10225 9194 9982 9682 10602 10372 10226 9689 10030 10718 9109 9741 9635 10988 10161 9735 10415 10355 10349 10210 9266 10319 9290 9526 10026 9952 10116 9797 10312 10255 9784 9491 10288 9515 10007 10018 10110 9777 10350 9950 9910 10698 9789 9619 10089 10387 10214 10185 9597 9737 9989 10549 9679 9356 9661 9569 9978 9364 10371 9205 9839 9858 10623 10399 9785 9997 9382 10014 10498 10596 9467 9930 9508 9552 9494 9886 9666 9782 9665 10065 10209 9684 10193 9793 9453 9306 9804 9445 9779 9595 9692 10243 9879 10140 10083 10267 10219 9061 10476 9778 10047 10605 9344 10117 10071 9722 9492 10166 9650 9605 9761 10247 9767 10015 9495 9430 9862 10554 9866 9456 9436 9275 9468 10256 9415 10065 9920 10008 9142 10207 10098 10173 10414 10064 10024 9778 9548 10154 9331 9986 10001 10170 10146 9131 10076 9605 9720 9974 9816 9678 8997 10409 9978 9775 9976 9702 9952 9945 9795 9697 10082 10506 9495 9513 9570 10352 9464 10296 9198 9737 10003 9962 10297 9680 10507 9765 9658 8900 10076 9327 9807 10092 9910 10357 9551 10016 10111 10168 9934 9482 10050 9862 9970 9197 10517 9866 10102 9920 9489 9990 10345 10151 9846 10549 9086 10081 10549 9752 9369 10238 9262 10397 9836 9558 9708 9462 9333 9779 10220 9857 10012 10317 10013 9718 10283 9864 9412 9835 10091 10139 10100 9799 9464 9629 10066 9903 10061 10162 9967 9441 10175 9747 10110 9710 9689 10275 9588 10257 9733 10171 9945 9175 9327 10426 9711 9770 10037 10252
9719 10324 10180 10064 9942 9841 10377 9006 10152 9517 9400 11293 10147 9730 9995 9007 10613 8820 10294 10456 10530 9370 9977 9812 10326 9967 9781 10169 9828 9892 10217 10376 9930 10352 10225 10029 10502 9773 9969 10459 9747 9496 9894 10046 10273 9198 9156 9935 9834 9657 10519 9809 10414 9451 9711 9967 10325 9581 9496 9733 10393 9314 10072 10747 10059 9696 10073 9604 9748 9949 10436 10156 10269 9790 9970 9741 9977 9588 9530 10239 9883 9465 10111 9751 10544 9610 9732 9981 10189 9760 9684 9447 9792 9477 9921 9580 10315 10179 9591 9919 9744 9720 9577 10145 10126 9098 10640 10142 10012 10351 9745 10198 10450 10590 9878 9613 10193 9129 9985 10207 9433 9964 9986 10500 9630 9640 9644 10382 10068 10207 9777 9230 9525 10166 10888 10263 9924 10565 10115 9903 9930 9745 10534 9229 9852 9877 9888 10418 10108 9548 9502 10463 9264 9637 9789 10736 9952 9852 10295 10808 10273 9990 9853 10259 9898 9382 9965 10182 10031 9479 9669 10590 9817 9765 10655 9504 10417 10253 10509 10061 10729 10307 10135 10599 9623 9686 10319 10363 10498 9988 9869 9878 10109 10466 9777 9799 9927 9609 9690 9411 10423 9909 9910 9995 10409 10373 9898 9903 10261 10056 10356 10287 9460 9679 9669 9382 9209 10254 9950 9878 9790 10101 10170 9444 10123 9542 9380 9365 10036 9878 10145 9461 9743 9762 10648 10112 10192 10395 10423 9335 10477 9695 10141 10256 9403 10102 10073 9943 9754 10288 9707 9876 10275 9922 10202 9539 9542 9443 9578 10644 9742 9676 9917 9256 9655 9930 9228 10065 9579 9674 9365 10330 10195 10031 10110 10314 9743 9783 9871 10003 9306 10080 10023 10166 9865 9052 10070 9721 9808 10032 9825 10064 9602 10363 10489 9961 9823 9732 9753 10357 9903 9950 10200 10401 10051 9981 9923 9593 9850 10313 9547 9871 10104 9981 10234 9911 10893 10517 9975 9423 10131 9640 9926 10131 9635 10131 10208 10379 10088 9657 10095 9654 10273 9813 9709 9606 10633 9966 9653 9681 9993 10230 10140 10159 9963 10540 9420 10423 10718 9812 9501 10028 9372 10425 9854 9663 9537 10153 9596 9887 10082 9997 10386 10049 9715 9903 9877 9419 9415 9708 9971 10186 10101 9969 10190 10399 9682 10459 9959 10472 10166 9998 10349 9723 9909 9785 9723 10247 9718 10465 9537 10201 9826 9476 9616 10205 9613 10166 10308 10324
9756 10033 10009 10040 9894 9947 10555 9434 10014 10048 9385 11022 9871 9516 9977 9469 10337 9071 10211 10741 10038 9515 9874 10384 10217 9967 10047 9635 10111 9961 10538 10429 9551 10471 10025 9837 10620 9874 10010 9939 10021 9781 10125 9975 10423 9699 9070 9797 10140 9149 10386 9783 10295 9394 10007 9859 10271 9642 9389 9502 10112 9307 9707 10633 9687 9611 9994 9813 10042 10550 10731 9489 9834 9870 9735 9496 10071 9355 9355 10484 9711 10007 10121 10192 10037 9596 9715 10446 10383 10158 9520 9381 9770 9761 9478 9794 10348 10191 9483 10708 9528 10279 10151 10305 10235 9508 10428 10226 10023 10281 9429 9963 10559 10375 9847 9999 9968 9861 9490 9841 9381 9894 9874 10480 9586 9412 9575 10415 9550 10034 9778 9842 9869 9914 10506 10356 10111 10028 10275 9532 10148 9640 10896 9682 9845 9960 10438 10451 10218 9466 9614 10868 9788 9818 9848 10777 9951 9523 10099 10386 10170 10228 9356 10468 9761 9550 10042 10285 10054 9643 10410 10236 9780 9832 10365 9723 9589 9957 10204 9860 11155 9862 10182 10572 9681 10053 10572 10136 10521 9648 9645 10211 9773 10292 9310 9688 9760 9404 9745 9385 10093 9947 10071 9922 10324 10276 10210 9474 9595 10014 10136 10624 9266 9820 9459 9665 9873 10272 9318 10123 9946 10095 9710 9279 10149 9750 9943 9557 9887 9779 10127 9438 9839 9748 10249 9918 10521 10045 10378 9912 9717 9319 9847 10496 9335 10112 9975 9992 9869 10298 9803 9321 10042 9607 9814 10233 9904 9791 9770 10884 9706 10229 9903 9359 9679 9819 9428 9908 9554 9550 9435 10255 10203 10178 10282 10272 9907 9728 10054 9890 9562 9451 9848 10115 10235 9347 10421 9772 9906 9613 9532 10089 9335 10221 10424 10111 9891 9393 10021 10368 9821 10141 10268 10760 10094 9581 9666 10450 9929 10005 9262 10361 10123 9556 10202 10706 10631 9972 10192 9783 9973 9598 9798 10227 9931 10428 9856 10073 10158 9766 10559 9782 10170 10225 10007 9174 10533 9990 9691 10017 10034 10022 9953 9895 10146 10618 9579 10221 10186 9576 9709 9845 9235 10579 10104 10140 9997 9897 9646 9868 9931 9821 9589 9850 10038 9955 10042 9885 9758 9620 10154 10277 10248 10038 9766 9753 9847 10683 9974 10145 10435 9677 10415 9498 10148 9859 9801 10286 10025 10450 9970 10202 9845 9484 9213 9914 9139 9903 9873 10207
9726 9401 9409 9705 9359 9747 9996 9039 9986 9544 9064 10971 9866 9655 9685 9147 10028 8690 9954 9849 9754 9353 9530 9691 10240 9644 9508 9595 9511 9900 9919 10474 9441 10340 9901 9928 10005 9500 9787 9852 9319 9390 9744 9404 9882 9447 8935 9319 10289 8984 9966 9492 9867 8966 9681 9855 9963 9842 9480 9268 10118 9130 9662 10401 9352 9563 9749 9428 9792 9779 10580 9207 9730 9794 9886 9130 10056 9858 9042 9889 9514 9941 9984 9286 9737 9670 9531 9963 9634 9730 9452 8984 9502 9264 9833 9262 10438 9816 9387 9435 9786 9731 9651 9616 9766 9606 10092 9876 9290 10007 9326 9682 10307 10139 9590 9816 9749 9754 9369 9781 8868 9790 9743 10243 9101 9150 9458 9854 9476 9965 9290 9373 8997 9528 10444 9804 9954 9397 9601 9984 9461 9590 10290 9372 9862 9747 10120 10018 9486 9295 9406 10317 9255 9689 9520 10369 9619 9296 10259 10477 9892 9899 9190 10164 9611 9460 9908 9979 10558 9173 9931 10230 9508 9757 10243 9074 9737 10012 9984 9520 10532 9731 9710 10722 9732 9297 9803 10139 10136 9630 9592 9624 9758 10565 9105 9581 9553 8722 9726 9163 10059 9344 9389 9832 9979 10630 9654 9565 9295 9916 10059 9934 9067 9937 9611 9424 9609 9873 9267 9553 9839 9868 9452 8908 10008 9217 9276 9581 9969 9468 9815 9531 9176 10031 10174 9310 9725 9972 9830 9345 9826 9621 9748 10440 9153 9749 9607 9515 9508 9603 9328 9641 9887 10070 10065 9567 9557 9505 9474 11035 9574 9682 9440 9245 9844 9897 9390 9572 9739 9672 9188 9993 9894 9658 9681 10114 10008 9683 9622 9908 9181 9425 9714 10018 10135 9021 10093 9578 9459 9131 9356 9691 9048 10275 10183 9548 9585 9621 9975 10466 10141 9852 9703 10362 9802 9197 9059 9853 9168 10062 9441 9831 9719 9572 10055 10122 10291 9966 9623 9356 9902 9331 9538 9645 9513 9807 9653 10087 9640 10290 9999 9191 10111 10186 9926 9045 10345 9662 9428 9657 9893 9689 9906 9896 9936 10220 9082 9353 10455 9976 9392 9837 8889 10372 9433 9910 9504 9512 9151 10006 10144 9716 9468 9647 9811 9483 10095 9445 9047 9768 10083 10169 9888 9453 10168 9884 9557 9990 9650 10269 9745 9125 10176 9572 9800 9954 9654 9693 9426 10271 9240 10226 9562 9358 9499 10438 9653 9533 9675 9728
10216 10849 10424 10770 10389 10361 10422 9821 10468 10315 10330 11473 10666 9947 10268 9655 10932 9631 10835 11368 10508 10156 10188 10586 10618 10718 10498 10163 10415 10612 10674 11135 10559 11249 10393 10634 11140 10604 10395 11104 10245 10163 11032 10543 10560 10083 10150 10542 10562 9995 11139 10293 10632 10409 10616 10391 10988 10184 10328 9837 10756 9662 10736 11410 10395 10235 10635 10591 10597 10672 11218 10221 10643 10648 10776 10147 10390 10439 10077 10912 10444 10273 10219 10254 10724 10498 10181 10791 10224 10577 10514 9701 10360 9840 10651 10183 10962 10720 10362 10602 9974 10233 10616 10769 10493 10066 11062 10896 10422 10883 10116 10618 11325 10724 10189 10621 10547 10339 10034 10563 10034 10745 10737 10897 10442 10071 9868 10811 10314 10748 10209 10134 10033 10312 11325 10552 10184 10873 10679 10648 9970 10260 11696 10227 10486 10682 11334 11144 10952 9877 9819 11516 10005 10215 10819 11004 10492 10017 10515 11113 10591 10470 9819 10775 10027 10331 10556 10612 10947 10191 10700 10989 10096 10666 10810 10427 10438 10542 10554 10376 11396 10745 10988 11384 9874 10241 10860 10925 11569 10470 10740 10437 10283 11201 10134 10163 10633 9767 10451 10103 10798 10061 10425 10687 11084 11037 10693 10313 10315 10314 11349 10870 10020 10345 10225 9867 10390 10779 10057 10549 10830 10482 10639 10255 11201 10198 10045 10615 10545 10346 10620 10209 10630 10726 10641 10391 11158 10782 10849 10055 10847 10163 10446 11180 9863 10757 10851 10414 10578 10882 10104 10282 10734 10507 10536 10655 10028 10041 10226 11328 10315 10296 10342 9596 10429 10515 9692 10757 10184 9912 9843 10634 10758 10873 10871 11093 10775 10271 10056 10604 10226 10413 10374 10137 10829 9819 10849 10012 10526 10901 10219 10769 10222 11027 11164 10578 10617 10319 10425 11017 10343 10674 10954 11009 10900 9992 10083 10446 10156 10975 9716 10237 10290 10483 10373 10274 11153 10810 10732 10371 10725 10498 10582 10794 10724 10861 10629 10876 10741 10388 10595 10380 10875 10544 10836 9718 11212 10385 10289 10627 10240 10473 11245 10665 10843 10990 10193 10518 10887 10421 10051 10792 9890 10937 10586 10643 10231 10562 10210 10379 10842 10591 10167 10906 10430 10630 10603 10296 10035 10641 10772 11459 11091 10750 10782 10422 10413 11001 10120 10823 10752 10054 11201 10548 10862 10575 10659 10539 10191 10979 10368 10687 10233 9960 10263 10783 10094 10341 11083 10771
9477 9997 9461 10134 9731 9804 9947 9245 10132 9906 9676 10987 10113 9323 10171 9334 10447 8811 10007 10384 9564 9340 9773 9968 10018 9490 10057 9836 9595 9694 10366 10616 9666 10563 9860 10018 9878 9605 9727 10700 9782 10000 9902 9846 10402 9709 9364 9612 10126 9201 10188 9976 10280 9689 9814 9653 10312 9729 9685 9553 9873 9376 9551 10294 9671 10014 9734 10009 10042 10504 10586 9675 10122 9628 9861 9605 9828 10069 9016 10396 9935 9615 10056 9880 10158 10034 9832 10128 10149 10052 9467 9409 9886 9605 10179 9631 10324 9696 9788 9771 9415 10070 9726 9920 9896 9751 10377 10225 9697 9986 9619 10002 10785 10616 9962 9937 9743 9905 9291 9999 9657 9696 10056 10182 9695 9374 9294 10285 9870 9789 9550 9526 9544 9696 10842 10345 10182 9941 9912 10164 9643 9979 10838 9329 10185 9465 9989 10016 9719 9163 9169 10958 9272 9700 9697 10614 9684 9793 10526 10744 9899 9915 9168 9941 9324 10131 10130 10424 10595 9721 10009 10167 9931 9271 10316 9271 9587 9624 10141 10036 10963 9994 10090 10656 9492 9985 10342 10472 10629 9819 9638 9774 10142 10324 9367 9868 9383 9327 9913 9443 10336 9249 9777 10125 10231 10587 10041 9504 9762 9646 10336 10451 9566 9959 9423 9356 10005 10314 9828 9613 9890 9872 10245 9482 10099 9863 9166 9791 9671 9858 10175 9810 10073 10135 10301 9866 10385 10283 10289 9809 9944 9759 10038 10626 9608 10286 10260 9804 9805 10185 9698 9757 9424 9927 9521 9545 9479 9575 9701 10342 9534 10082 9606 9145 9826 10016 9367 10090 9791 9311 8930 10021 10007 9805 9971 10718 9802 9758 9748 9944 9643 9767 10202 10214 10516 9205 10113 9698 10168 10007 9726 10008 9138 10482 10121 10056 10199 9651 10184 10238 9832 9765 10084 10461 9862 9240 9443 9910 9200 10055 9639 9990 10258 9696 9968 10000 10530 9855 9861 9461 10154 9854 9946 10096 9829 10052 9805 10603 9933 9780 10075 9579 10204 9920 9825 9478 10233 9660 10064 9753 9565 10191 9629 10155 10363 10382 9376 10039 10518 9660 9522 10170 9425 10326 9755 10056 9668 10004 9845 9282 9832 9782 9557 10150 10018 9728 10131 9755 9502 9715 10297 10627 10269 9877 10083 9795 10004 10354 9709 10366 10063 9278 10580 9655 10635 9897 9957 9908 9354 10134 9824 10080 9739 9122 9708 9884 9717 9708 10165 9810
9451 9539 9102 9707 9238 9508 9874 9381 9824 9380 9167 10527 9459 9220 9723 8825 9857 8797 9961 9917 9663 9438 9271 10105 9612 9422 9850 9431 9600 9958 10298 9977 9831 10195 9527 9627 9943 9589 9628 10094 9469 9581 9699 9270 10036 9636 9187 9411 9670 9272 10178 9418 9810 8986 9297 9981 9871 9352 9397 8905 9471 9397 9548 10149 9072 9603 9576 9307 9751 9763 10199 9442 9741 9512 9746 9057 9707 9559 8932 10054 9627 9112 9936 9688 9561 9640 9518 9661 10055 9372 9288 8962 9793 9437 9586 9404 9958 9695 8967 9355 9524 9953 9589 9890 9820 9605 10015 10039 9425 10296 9059 9859 10159 9981 9486 9801 9950 9902 9453 9665 9316 9465 9517 10185 9277 9209 9438 9685 9737 9293 9631 9053 9501 9614 10314 9476 9563 9593 9894 9338 9421 9411 10448 9450 9836 9260 9708 10060 9954 9215 9570 10530 9239 9509 9376 10505 9309 9668 9953 10360 9299 9928 9569 9850 9322 9226 9694 9991 10013 9517 9469 10113 9410 9016 10224 9466 9454 9933 9849 9387 10321 9774 9591 10456 9358 9283 9912 10276 9887 9375 9241 9726 10119 9773 9500 9593 9580 9052 9621 9489 9911 8947 9471 9370 9793 9664 9748 9342 9016 9623 10241 9864 8828 9555 9342 9249 9278 9923 9467 9628 9597 9626 9560 8887 10071 9398 9378 9451 10139 9332 9513 9428 9453 9569 9791 9528 10083 9968 9568 9290 9629 9474 9877 10447 9298 9569 9863 9700 9401 9615 9555 9282 9406 9662 9760 9124 9243 9024 9881 10153 9624 9467 9298 8905 9291 9972 9059 9691 9346 9256 8965 9696 9701 9897 9815 10094 10154 9597 9523 9648 9314 9498 9917 9735 10019 9132 9640 9284 9451 9700 9192 9376 9137 10068 9716 9187 9561 9691 9531 10068 9139 9734 9921 10211 9585 9455 8968 9854 9285 10063 8991 9144 9305 9559 10055 9470 10319 9580 9656 9370 9600 9701 9638 9683 9276 9861 9181 9875 9965 9389 9758 9437 9900 9557 9733 9291 10098 9617 9606 9593 9196 9747 9994 9849 9772 10208 9241 9660 10136 9682 9384 10086 9193 9885 9686 9694 9556 9471 9695 9607 10032 9666 9426 9683 9990 9356 9988 8890 9456 9445 10349 9845 10280 9758 10012 9544 9370 9827 9514 9923 9451 9395 10007 9448 10066 9231 9699 9486 9289 10042 9349 9977 9209 9267 9481 9681 9438 9498 9887 9892
9523 10159 9825 10072 9787 9992 10333 9192 10272 9484 9703 11207 10028 9473 10019 9119 10067 9127 10142 10276 10403 9552 9753 9828 10632 9947 9901 9744 10113 10018 10735 10258 9583 9907 9937 10171 10415 9947 9785 10625 9761 9624 10004 10134 10171 9666 9650 9891 10199 9412 10370 9854 10521 9249 9966 9966 10722 9158 9523 9559 10052 9439 10085 10520 10006 9827 9873 9979 9874 9971 10650 9461 10379 9793 9827 9608 10138 9444 9306 10274 9984 9452 10169 9964 10123 9529 9956 10117 10003 9791 10105 9299 9725 9508 9963 9532 10538 10115 9740 10232 9451 9989 9633 10633 10361 9684 10661 10533 9767 10562 9568 9984 10739 10374 9490 9938 10127 9529 9636 10229 9427 10028 9954 10167 9623 9711 9302 10399 10016 9511 9763 9639 9352 9793 11031 10498 10364 10057 9779 9889 9746 9553 10423 9811 10030 9719 10544 10647 10185 9761 9496 10892 9284 9859 9924 10439 10114 9808 9866 10634 10301 9762 9688 10055 9696 9802 9908 10443 10450 9949 9869 10259 9818 9472 10636 9770 9703 10143 10045 9762 10625 10093 10097 10510 9392 9602 10372 10082 10756 10061 9567 10022 10205 10261 9228 9665 9616 9390 10127 9087 10441 9900 9681 10072 10138 10576 10063 9877 9809 10194 10556 10174 9768 9795 9766 9380 9886 10014 9654 9851 9444 10049 9846 9238 10473 9741 9542 9868 10345 10097 9852 9871 10274 10338 10424 9740 10453 10332 10563 9649 10113 9599 10056 10560 9674 10199 10226 9785 9901 10132 9904 9832 9642 10009 9986 9728 9572 9632 10073 10558 9465 10011 9700 9252 9705 10119 9431 10284 9518 9512 9342 9828 9684 9976 10316 10205 9577 10005 9522 9868 9298 9938 10091 10108 10075 9205 10097 9527 9680 9821 9669 10249 9445 10510 10481 10296 10157 10018 10006 10314 10250 9773 10228 10353 9724 9552 9301 9930 9895 10119 9297 9778 9866 10030 10641 9904 10876 10004 9810 9373 10269 9928 10105 10023 9961 10137 10115 10354 10183 9694 10147 9672 9961 10031 9807 9594 10426 9726 9970 9382 9912 10542 10357 9629 9884 10767 9309 10093 10901 9587 9973 10103 9291 10482 10044 9969 9888 10027 9702 9693 10437 10135 9653 10008 9890 10292 10158 10149 9743 9813 9910 10284 10137 9725 10398 10186 9957 10162 9940 10118 9999 9855 10453 9708 10519 10115 9774 10072 9851 10249 10043 9885 9789 9820 9532 10190 9870 10421 9839 10426
9841 9736 9623 10130 9877 10237 9974 9483 9836 9857 9682 11249 9933 9611 10089 9324 10534 8937 10324 10313 10204 9678 9750 9968 10319 9967 9808 9891 9522 10017 10175 10418 10121 10606 10109 9866 10241 9946 9524 9953 9641 9987 10217 9785 10524 9234 9255 9259 9595 9445 10415 9586 9865 9284 9888 9875 10114 9297 9696 9479 10203 9243 10156 10999 9461 9818 9894 9220 9747 9857 10502 9558 10224 9870 10149 9592 10115 9967 9256 9796 9561 9758 10115 10051 10492 9591 9416 9961 9657 9793 9970 9583 9855 9857 10095 9714 10295 9936 9250 9572 9692 10085 9805 9784 10260 9545 10774 10298 10344 10318 9573 10651 10604 10571 9794 9730 9996 9470 9740 10257 9628 9962 9937 10405 9560 9107 9506 10555 9662 10013 9667 9158 9666 9731 10989 9900 10036 9926 9901 9905 9869 9946 10686 9542 9768 9936 10272 10435 9925 9540 9699 10545 9576 9734 9749 10595 10166 9783 10019 10966 10268 9688 9581 9898 10162 9358 10267 10120 10077 9843 9891 10419 9595 9672 10601 9413 10628 10679 10288 10042 10786 9958 9741 11254 9362 9599 9972 10274 10385 9473 9862 10039 9942 10573 9666 9941 9837 9312 9653 9234 10435 9282 9672 9716 10230 9735 9896 9992 9584 10112 10700 10365 9491 10056 9505 9606 9501 10038 9277 9673 10173 9994 9734 9494 10438 9606 9534 9742 10039 10031 9747 9379 9701 10233 10654 9926 10420 10364 10176 9368 10294 9439 9928 10845 9162 10002 10275 9718 9976 9779 9508 9836 9991 10031 10091 10071 9559 9114 9972 10616 9495 9808 10015 8960 9450 9994 9174 9790 9621 9856 9153 10152 10484 9909 10264 10250 10167 9842 9745 9985 9107 9885 9771 10141 9915 9569 10197 9654 9944 9931 10026 9546 9320 10272 10270 9759 10008 9431 10020 10481 10185 9947 9979 10247 9917 9544 9398 9792 9753 10478 9331 9639 9721 10010 10330 10121 10396 10244 9412 9472 10130 9738 9754 9770 9944 10182 9856 10250 10354 9846 10085 9603 10055 10051 9917 9634 10146 9886 9842 9760 9600 9642 10190 10065 9794 10403 9253 10409 10617 10058 9926 10153 9616 10269 9888 9865 9916 10080 9453 9597 10276 10198 10008 10209 10184 10108 10007 9608 9462 10404 9903 10127 10501 9860 9760 9626 9570 9955 9934 10375 9931 9701 10482 9965 10146 9978 10076 9578 9529 10824 9574 10555 9540 9631 9717 10061 9355 10134 10142 10270
9204 9562 9086 9633 9678 9316 10096 9290 9587 9361 9243 10740 9771 8903 9417 8842 9451 8749 9822 10095 9599 8866 9146 9791 9585 9443 9801 9306 9671 9494 10082 9902 9215 10178 9734 9384 10176 9540 9477 10219 9161 9579 9982 9283 9753 9028 9061 9521 9476 9130 10017 9641 9580 8612 9549 9814 9687 9208 8970 9019 9341 8953 9305 10097 8966 9527 9173 9369 9942 9580 10084 9284 9992 9300 9109 9200 9522 8948 8991 9924 9078 9236 10150 10046 9580 9553 9285 9909 9294 9712 9571 9069 9349 8776 9663 9219 10104 9475 8911 9787 9109 9899 9484 10240 9644 9584 9718 9731 9250 9816 8983 9528 9646 10407 9373 9365 9852 9179 9425 9612 9325 9466 9521 9778 9398 9116 8923 9930 9254 9543 9415 9318 8809 9996 10402 9484 9256 9712 9577 9658 9526 9663 10087 9419 9848 9333 9844 9925 9614 9030 9346 10516 9258 9619 9234 10188 9437 9466 9616 10230 9505 9799 9001 9819 9708 9508 9784 10296 9969 9053 9511 9646 9497 9366 9674 8704 9281 9664 9842 9443 10156 9767 9590 9791 9097 9292 9887 9835 10061 9452 8953 9598 9904 10218 9269 9094 9310 9255 9431 8888 9656 9623 8663 9346 9799 9901 9599 9696 9210 9788 10198 10136 9124 9580 9391 8780 8917 9670 9002 9409 9653 9653 9978 9223 9969 9494 9451 9476 9605 9836 9545 8789 9555 9386 9907 9564 9983 10029 9759 9274 9684 9302 9620 10221 9108 9292 9956 9513 9386 9702 9709 9499 9767 9410 9794 9099 9736 9540 9450 10223 9180 9239 9383 9086 9184 9511 9035 9651 9420 9286 9056 9712 9787 9718 10261 9825 9773 9249 9242 9830 9073 9311 9708 9458 9676 9174 9623 9223 9530 9468 9577 9661 9004 9734 9776 9569 9832 9259 9644 9833 9395 9990 9671 10070 9726 9080 9088 9542 9496 9645 9151 9077 9761 9568 9916 9279 9862 9607 9421 8941 9800 9322 9400 9824 9435 9969 9529 9764 9892 9703 9757 9555 9862 9837 9072 9492 10011 9504 9189 9654 9564 9497 9603 9363 9939 10086 8855 9646 9860 9205 9315 9756 8905 9760 9778 9415 9210 9289 9272 9160 9788 9443 9203 9509 9288 9228 9897 9299 9212 9680 9823 9846 9974 9224 9551 9277 9474 9835 9536 9942 9422 9377 10405 9616 9632 9363 9310 9483 9182 10082 9406 9376 9435 9485 9359 9765 9164 9771 9416 9941
9342 9568 9395 10023 9594 8996 10245 8989 9624 9279 9528 10718 9971 9416 9438 8546 10103 8858 9735 10261 9663 8735 9559 9777 10149 9800 9409 9779 9863 9622 10159 10238 9590 9839 9761 9508 9943 9453 9863 9866 9237 9299 9561 9232 9883 8994 9505 9543 9694 9190 10236 9627 9787 9255 9362 9464 9651 9319 9221 9456 9469 8943 9647 10112 9167 9507 9753 9482 10067 9680 10060 9135 10007 9500 9689 9254 9524 8964 8866 10003 9499 9387 10098 9554 9878 9512 9396 10063 9818 9785 9321 8713 9343 9098 9760 9360 9692 9657 9437 9518 9530 9635 9137 10293 9501 9481 9591 9852 9791 10113 9464 10013 10099 10290 9185 9393 9582 9470 9753 9852 9335 9549 9592 10134 9137 9303 9001 10044 9600 9628 9542 9548 9308 9451 10115 9936 9538 9995 9712 9686 9330 9313 10239 9355 9864 9505 10056 10607 10092 9376 9226 10597 9187 9720 9472 10702 9709 9359 9677 10297 9404 9841 8977 9900 9551 9301 9546 10041 10109 9457 9588 9774 9345 9259 9914 9210 9519 9713 9722 9652 10309 9431 9591 9928 9503 9344 9914 9969 10165 9319 9505 9781 10028 9907 9178 9416 9743 9243 9453 9029 9643 9341 9721 9467 9924 9897 9459 9529 9469 9538 9821 10005 9307 9650 9383 9331 9176 9627 9589 9275 9959 9627 10019 9058 10118 9370 9097 9310 9625 9900 9516 9368 10015 9900 9899 9400 10093 10278 9756 9584 9760 9480 9650 10007 9162 10139 9719 9267 9571 9579 9263 9478 9528 9892 9819 9376 9193 9489 9229 10243 9616 9391 9348 9297 9480 9779 8954 9766 9598 9256 8940 9753 9302 9584 10238 9978 9873 9594 9240 9304 9595 9559 9874 9651 10180 8884 9889 9455 9982 9746 9248 9809 9121 10308 9894 9557 9176 9418 9922 10402 9606 9412 9709 10580 9609 9341 9409 9652 9216 10011 9164 10027 9459 9211 9712 9511 10219 9880 9499 8655 9774 9188 9376 9817 9185 10514 9338 9927 9888 9366 9804 9395 9812 9520 9498 9724 9963 9402 9321 9539 9273 9976 9892 9346 9783 9917 9103 9875 10551 9542 9140 10015 8954 9989 9574 10026 9215 9949 9147 9174 9472 9746 9670 9628 9831 9607 9774 9212 8872 9622 9803 10012 9941 9933 9715 9611 9691 10107 9896 10194 9996 9107 10349 9388 9766 9293 9486 9952 9348 9970 9878 9688 9363 9013 8955 9674 9285 9431 9713 10315
9517 9520 9362 9181 9539 9554 10070 8924 10053 9445 9241 10988 9554 9488 9957 8913 10059 8543 10417 10104 9762 9118 9308 9616 9980 9441 9663 9647 9476 9972 10442 10628 9556 10207 10058 9639 10295 10032 9600 10339 9483 9898 9853 9740 10129 9183 9449 9563 9978 9104 9577 9466 10219 8724 9878 9714 10200 9373 8973 9761 9577 9009 9634 10581 9341 9243 9967 8797 9402 9861 10672 9325 9984 9390 9335 8945 9783 9186 9080 9903 9158 9256 10076 9987 9990 9725 9895 10009 9646 9349 9748 9275 9886 9603 9761 9354 9980 9679 9523 9653 9773 9772 9858 9823 9778 9662 9985 10270 9336 9984 9315 9789 9848 9843 9456 9679 9733 9562 9232 9706 9271 9813 9525 10097 9477 9168 8947 10242 9365 9589 9733 9665 9539 9737 10459 9735 9693 9862 9935 9727 9834 9472 10265 9292 9960 9677 9972 9826 9307 9433 9100 10045 9427 9453 9542 10541 9647 9346 9963 10192 9933 9736 9456 10058 9502 9738 9769 10034 10126 9751 9450 9953 9701 9377 10200 9006 9513 10081 9950 9369 10441 9505 9767 10765 9255 9860 10046 9846 10066 9833 9438 9649 9919 10142 9268 9510 9316 9343 9815 8648 10086 9315 9463 9599 10276 10279 9795 9633 9151 9743 10446 9975 9070 9728 9320 8955 9830 9840 9062 9214 9766 10059 9477 8914 10237 9319 9455 9238 9453 9706 9468 9259 9892 9843 10190 9534 9826 9816 9816 9449 9521 9202 9959 10489 9254 9462 9628 9338 9474 9782 9559 9754 9570 9619 9752 9438 9058 9901 9443 10388 9318 9679 9260 9167 9526 9776 9459 10000 9733 9513 8650 10205 9616 9645 10115 9794 9429 10034 9417 9648 9038 9222 9912 10065 10147 8810 10104 9614 9566 9626 9322 9617 9069 9640 9977 10020 9472 9480 9934 10397 9720 9667 9594 10042 9875 9279 9112 10051 9384 9782 9118 9864 9755 9479 10039 10077 10399 10129 9626 9188 10037 9230 9594 9865 9694 10284 9860 9668 9942 9489 10025 9278 9893 9965 9858 9411 9749 9845 9364 9418 9650 9652 9866 9640 10007 10168 9308 9620 10223 9417 9355 9852 9496 10163 10215 9706 9273 9747 9394 9620 10375 9760 9644 10058 9485 9564 9992 9404 9024 9599 10053 9930 10206 9522 9623 9566 9481 9954 9051 10121 9654 9624 10198 9823 9778 9558 9288 9679 9460 10243 9547 9920 9514 9625 9464 10129 9141 9859 9991 10058
10118 10097 9843 9644 9661 9838 10371 9500 9914 9917 9126 10825 10006 9658 10282 9347 10714 8885 10255 10618 9986 9080 9461 9844 10211 10184 9606 9754 9917 10126 10764 10474 9933 10277 10130 9974 10239 9918 10010 10516 9705 10002 10116 9971 10387 9576 9408 9998 10098 9334 10563 9722 10351 9273 9588 10218 10550 9824 9611 10269 10373 9501 10108 10903 9667 9912 9857 9944 9946 9796 10514 9784 9895 9672 10378 9632 10058 10044 9470 10127 9460 9797 10095 9662 10166 9743 9900 10264 10077 9814 9961 9426 10118 9637 9975 9405 10102 9819 9575 9996 9929 10053 10100 9842 10194 9603 10669 9793 9633 10507 9776 9660 10388 10604 9533 9842 9874 9568 9814 10349 9429 9823 10014 10545 9654 9376 9167 10197 10069 10402 9515 9970 9812 10006 10611 10224 10301 10341 10184 10109 10017 9871 10520 9418 10116 9502 10050 10377 9530 9528 10154 10729 9912 9995 9775 10453 10033 9707 10290 10724 10179 10048 9143 10237 9439 9787 10170 9895 10533 9553 9673 10347 9828 9703 10386 9726 10043 10154 10121 9946 10955 10224 10141 11064 10014 9623 10110 10324 10231 10007 9486 10312 10265 10565 9671 10316 9884 9435 10139 9528 10150 9779 9514 10171 10082 10607 9761 9770 9941 9594 10639 10233 9487 9912 10132 9553 9571 9875 10130 10121 10023 10057 9733 9349 10269 9596 9752 9790 9920 9377 9921 9969 10374 10432 10552 10078 10356 10129 10518 9687 10030 9932 10454 10495 9541 9812 10310 9901 10038 9870 10018 9954 10050 9827 9999 9654 9974 9871 9836 10608 9874 9895 10000 9323 10339 10162 9779 10132 9911 9519 9277 10013 10019 9867 10274 10360 9995 9716 9756 10487 9408 9839 9988 10375 10214 8869 10152 10079 9932 9715 9684 9574 9051 9985 10101 10040 9691 9794 10256 10216 9901 10003 10028 10478 9499 9686 9576 10100 9798 10550 9652 10391 9984 9801 10312 10063 10553 10362 9603 9421 10496 9791 9687 10214 9888 10220 9734 10606 10363 10133 10259 9506 10249 10008 9884 9868 10687 9997 10019 10060 9569 10052 10309 10494 10056 10670 9307 9888 10420 9697 9486 10456 9131 10446 10045 9903 9669 9747 9349 10097 10179 10195 9619 10132 10184 9707 10302 9809 9447 9891 10323 10565 10128 9633 9949 9969 9581 10300 9588 10259 9837 9946 10341 9687 10382 10164 9494 10554 9792 9946 9606 10259 10021 9796 9633 10236 9710 9808 10115 10307
9919 10387 10046 10135 10168 10091 10800 9228 10077 10358 9399 11656 10315 9393 10303 9123 10357 9427 10357 10629 10078 9678 9664 10176 10721 10294 10145 9954 9775 10190 10350 10498 10212 10783 10233 9857 10541 9912 10063 10478 9856 9935 10421 10307 10378 9794 9388 10273 10308 10278 10218 9999 10441 9823 9755 10105 10623 10188 9994 10258 10176 9751 9845 10797 9781 10176 9994 9913 10169 10340 11210 9692 10613 10197 10039 9751 10359 10245 9259 10451 10047 9916 10760 10023 10398 9857 10150 10199 10233 10195 9968 9686 10150 9876 10359 9884 10690 10386 9878 10142 9446 10122 10158 10292 10352 9812 10489 10437 9835 10533 9809 10206 10712 10601 9807 9871 10479 9907 10086 10614 9252 10368 10319 10570 9570 9871 9837 10391 9914 9671 10071 9618 9989 9944 11028 10159 10052 10280 9790 10395 9549 10041 10770 9895 10192 10605 10351 10702 10299 9778 10190 11030 9838 10431 10407 10808 10594 10019 10443 10784 10510 10270 9936 10819 9501 9772 10077 10430 10492 10067 9865 10714 10248 10026 10987 10316 10395 11041 10629 9832 10747 10131 10074 11154 9979 10044 10275 10740 10915 10166 10117 10171 9984 10885 9851 10021 9932 9604 10120 9585 10076 9523 9791 10264 10150 10692 10043 10290 10201 9965 10672 10342 9484 10258 9924 9941 9809 10412 9958 9822 9766 10209 10092 9779 10473 9830 9767 9679 10181 10230 10034 10084 10060 10264 10296 10472 10631 10579 10291 9826 10466 10061 10267 10738 9549 10157 10247 10082 9891 10379 10132 9783 10176 10120 10325 9843 9745 10005 10061 10948 9933 10015 9647 9539 10023 10191 9736 10455 9890 9976 9436 10900 10184 10215 10230 10708 10300 10510 10196 10420 9878 9553 10227 10659 10878 9415 10446 10164 10184 10190 9638 10496 9652 10700 10428 10263 10230 10335 9976 10296 10101 10134 10552 10755 10229 9689 9874 10178 9577 10894 9781 10027 10310 9888 10537 10191 10598 10459 10093 9528 10365 9897 10135 10354 10250 10231 9848 10557 10352 10273 10344 9917 10533 10531 10288 9866 10795 9827 9836 10373 9375 9978 10333 10063 10401 10901 9332 10230 10588 10079 9661 10691 9234 10587 10577 10356 10025 10135 9745 10200 10540 10091 10253 10588 10437 10182 10270 9745 9582 9961 10338 10466 10609 9885 10044 10120 9897 10506 10108 10420 10390 9841 10549 9762 10249 9962 10046 10598 9938 10877 9855 10598 9900 10049 10042 10366 9791 10128 10309 10407
10288 10623 10571 10554 10632 10613 10478 9981 10569 10557 10189 11707 10855 9965 10628 9760 10913 9433 10697 11018 10888 9830 10399 11011 10922 10371 10467 10454 10078 10451 11077 10735 9922 10565 10396 10724 10815 10255 9945 10788 9727 10208 10718 10370 10918 10098 9551 10137 10786 10151 10806 10491 10349 10036 10275 10256 10683 10331 9772 10236 9960 10024 10570 11173 10315 10749 10111 10157 10441 10640 11100 10047 10689 10685 10287 10118 10864 10398 9512 10417 10503 10380 10676 10618 10499 9983 10261 10772 10656 10456 10083 9824 10479 10058 10478 10032 10639 10384 10041 10713 10395 10503 10262 10137 10458 10383 10778 10438 10907 11059 10064 10831 11036 10653 10016 10077 10644 10321 9955 10247 9841 10204 10398 11174 9987 9972 9896 11133 10451 10448 10274 9874 10146 10397 11130 10617 10408 10890 10640 10771 10105 10172 11503 10166 10577 10320 10944 11213 10643 9724 10355 11319 9784 10069 10407 11333 10507 10228 10686 10724 10330 10480 10246 10463 10193 10307 10658 10847 10841 10106 10543 10889 10188 10248 10759 10251 10620 11006 10479 10518 10851 10374 10523 11342 10135 10112 10537 11331 10632 10168 10287 10546 10426 10908 9762 10110 9952 9814 10398 9625 10449 10178 10176 10467 10887 11233 10984 10500 10515 10397 10634 10432 10060 10570 9961 10356 10228 10746 10362 10345 10490 10322 10603 9861 10853 10322 10066 10270 10252 10340 10640 9734 10511 10470 10994 10357 10887 10630 10497 10296 10522 10585 10472 10916 10188 10442 10627 9862 10269 10583 10586 10627 10302 10326 10625 10485 10205 10339 10233 11354 10543 10264 10377 9424 10533 10031 9517 10957 10282 10079 9400 10776 10715 10744 10838 11061 10702 10275 10028 10950 10071 10207 10328 10170 11094 9724 10703 10252 10194 10604 10127 10521 9943 11120 10679 10489 10299 10667 10573 10596 10437 10160 10289 11389 10209 9997 10158 10807 10297 10970 9539 10180 10707 10386 10543 10552 10812 10728 10570 9944 10551 9748 9957 10443 10365 10871 10282 10588 10793 10487 10612 10366 10685 10131 10397 9855 10830 10173 10025 10751 9710 10651 11026 10411 10373 10463 9286 10949 11175 10112 10133 10636 10179 11159 10332 10246 10067 10637 9978 10315 11029 10589 10645 10521 10456 10494 10502 10126 9767 10540 10610 10655 10439 10502 10591 10683 10499 10580 10433 10748 10976 9959 11054 9909 10366 10214 10394 10608 10262 10824 10433 10521 10246 10028 9584 10698 10064 10633 10306 10677
9865 9848 9178 9887 10336 10005 10262 9419 10116 9447 9546 10882 10011 9197 9979 9084 10014 8800 10305 10379 10178 9378 9553 9856 10189 9615 9872 9719 9570 10076 10172 10366 9922 10559 9818 10020 10511 9807 10108 10545 9716 9811 9736 9632 10050 9473 9557 9500 10096 9374 10158 9914 9946 9494 9858 9950 10384 9578 9765 9513 9739 9935 9683 10666 9901 9965 9956 9613 9687 10015 10194 9357 9572 9544 9914 9299 10107 9587 9370 10269 9833 9801 10431 10022 10251 9808 9578 10153 10202 9618 9868 8888 9867 9593 10046 9658 10255 10214 8957 9887 9890 9982 9741 10062 10345 9586 10070 10041 10190 10350 9180 10086 10303 10614 9818 10125 10039 9519 9581 9674 9343 9916 9855 10498 9343 9387 9372 9882 9516 9583 9629 9609 9522 9663 10693 9321 10157 10052 9902 9819 9549 9427 10622 9558 9816 9612 10194 10129 9686 9737 9422 10471 9135 9832 10073 10745 10179 9819 10227 10423 9905 9912 9508 10326 9539 9415 10234 10098 10499 9735 10007 10214 9755 9519 10442 9006 9649 10088 9991 9748 10221 9765 9904 10563 9724 9700 10134 10237 10406 9906 9597 9676 9866 10226 9301 10127 9230 9262 9843 9379 10315 9327 9599 9493 10235 10550 9716 10325 9450 9813 10291 10536 9108 9629 9492 9643 9568 10129 9323 10062 9713 9929 9756 9391 10258 9393 9433 9416 9640 9975 10119 9814 9886 10149 10401 10221 10161 10328 10639 9475 10372 9813 10320 10575 9545 9815 9787 9498 9724 9794 9774 9926 9753 9608 9943 9822 9675 9895 9634 10443 9686 9753 9491 9432 9408 10223 9106 10147 9820 9796 9346 10265 9892 10205 10019 10009 9514 10229 9755 10003 9562 9693 9930 10194 10230 9088 9952 9802 9854 9998 9703 10161 9229 10236 10051 9746 9756 9721 10165 10129 10045 9803 9902 10189 9869 9625 9487 9935 9405 10086 9202 9957 9871 9493 10451 9854 10509 10106 9746 9441 9991 9448 10120 9874 9945 10112 9678 9925 9589 9999 10342 9720 9733 10274 10032 9118 10085 9822 9749 10376 9766 10175 10061 9592 10068 10358 9227 9931 10233 9764 9754 10367 9493 10313 10330 10002 9460 9843 9527 10185 10146 9908 9675 10128 9972 9410 9908 9513 9359 9800 9867 10195 10111 10060 9999 9609 10022 10145 9546 10044 10078 9300 10067 9425 10168 9794 10016 9804 9409 10407 9398 10580 9680 9539 9565 10206 9123 9823 9962 9934
8959 9824 9345 9583 9191 9423 9850 8644 9388 9061 8962 10426 9466 8743 9716 8381 10044 8276 9606 9675 9454 8781 9452 9785 9863 9094 9306 9131 9198 9417 9719 9943 9230 10118 9050 9201 9394 9046 9392 9646 9094 9038 9283 9454 10156 8812 8601 9089 9278 9082 9596 9025 9625 8969 9034 9620 9423 8955 8690 9528 9130 8859 9252 9996 9173 9259 9458 9272 9300 9542 10079 9084 9845 9138 9424 8849 8937 9300 8793 9827 9322 9514 9531 9206 9164 9127 9400 9656 9440 8772 9130 9074 8830 9071 9395 9027 9708 9512 9160 9419 9304 9515 9368 9931 9495 8917 9726 9553 9411 9341 8967 9479 9827 9621 8993 9148 9170 9364 9425 9438 8642 9491 9427 9863 9052 8991 9187 9026 9140 9161 8995 8905 9285 9409 9829 9451 9336 9502 9256 9547 9491 8788 10118 8952 9421 9261 9605 10068 9409 8842 9153 10118 8724 9327 8754 10018 9332 9257 9695 10366 9418 9135 8718 9483 9138 9125 9239 9406 9797 9109 9500 9916 9122 9068 9573 8885 9387 9183 9869 9635 10174 9621 9695 9832 9111 8886 9907 9904 9907 9212 9085 9100 9403 10408 8872 8989 9273 8703 9120 8521 9623 8661 9456 9490 9396 9776 9163 9338 9334 9710 10103 9923 9003 9486 8859 8573 9098 9494 9153 9390 9459 9120 9337 8726 9504 8800 9306 9258 9446 9104 9617 9037 9454 9650 9964 9217 9776 9689 9695 9223 9591 9335 9419 10034 8829 9260 9414 9585 9328 9131 9573 9319 8833 9239 9537 8842 8747 8915 9242 10012 9249 9241 8513 8947 9039 9680 8845 9487 9176 9048 8423 9936 9157 9137 9290 9887 9125 8936 9267 9387 8890 9133 9767 9719 9764 8608 9853 9257 9320 9378 9206 9333 8700 9650 9755 9156 8870 9164 9543 9591 9192 9513 9639 9542 9438 8846 8900 9093 9597 9601 8907 9798 9525 9320 9494 9182 9943 9529 9476 8660 9556 9224 9569 9613 9597 9467 9173 9486 9469 9161 9682 9034 9640 9475 9307 9378 9929 9337 9210 9239 9195 9402 9640 9086 9448 9917 9029 9264 9839 9150 9133 9458 8315 9879 9409 9035 8991 9179 9220 9021 9745 9640 9150 9517 9648 9553 9697 9195 8848 9178 9868 9456 9538 9664 8998 9410 9182 9707 9097 9800 9578 9505 10079 9241 9531 9193 9386 9424 9161 9612 9035 9610 9319 8989 8865 9543 9343 9072 9687 9988
9499 9845 9893 9839 9543 10000 10018 9270 10022 9459 9383 11085 9812 9543 9762 9037 9794 8961 10100 10251 9686 9193 9575 9910 10141 9775 9581 10005 9624 9584 10139 9983 9379 10506 10005 10197 9806 9289 9753 9719 9471 9869 10286 9917 10553 9249 9230 9331 9587 9314 10170 9472 9823 9247 9775 9790 9986 9329 9464 9654 9750 9253 9921 10306 9945 9678 9719 9415 9822 9855 10339 9350 10089 9609 9693 9304 9668 9473 8866 9651 9627 9886 9960 9904 10074 9636 9637 10087 9523 9740 9477 8906 9586 9867 9814 9442 10148 9960 9569 10062 9608 9680 9483 10348 10025 9531 10140 9896 9793 10261 9631 10243 10289 9872 9809 9284 9427 9512 9639 9832 9347 10154 9992 10147 9483 9240 9288 10133 10006 9629 9816 9352 9536 9689 10419 9870 10020 9842 9320 10027 9511 9690 10771 9307 9881 9629 10361 10302 9646 9137 9368 10625 9392 9751 9634 10664 9855 9576 10067 10385 10190 9753 9143 9935 9403 9460 9957 10141 10337 9310 9293 10261 9483 9377 10488 9278 9923 9941 10141 9593 10404 9709 9761 10169 8957 9762 9711 10187 10328 9596 9638 9744 9857 10273 9232 9138 9462 9144 9849 8904 10139 9610 9660 9576 9890 10000 9620 9139 9770 9939 10221 10320 9409 9920 9781 9532 9262 10016 9783 9607 9295 9684 9820 9009 9961 9733 9491 9285 9914 9903 10044 9427 9764 10107 10060 9723 10201 10410 9819 9503 9737 9667 9575 10352 8916 9636 9893 9965 9651 9834 9627 9822 9567 9865 9959 9659 10026 9273 9735 10109 9428 9326 9268 8970 9620 9858 9392 10006 9509 9647 8623 10043 9934 9867 10114 10386 9827 9845 9524 9754 9255 9934 9802 9866 9831 9203 10329 9731 9466 9474 9685 10027 9246 10461 10102 9659 9830 9610 10017 9904 9930 10131 10154 10228 9886 9447 9633 9870 9622 9939 9171 9909 9952 9533 10029 9983 10343 9913 9755 9260 10241 9457 9839 9769 9476 10109 9614 10127 9767 10086 10020 9405 9531 10010 9693 9149 10182 9508 9533 9853 9472 9986 9992 9849 9437 10264 9380 10266 10369 9927 9349 9721 9310 10255 10096 9660 9791 9893 9499 9600 9771 10021 9548 10189 9846 9632 9987 10104 9242 9748 9651 9819 9878 9766 9906 9775 9801 9614 9807 10003 9747 9480 9914 9781 9966 9859 9804 9987 9021 10128 9378 9901 9615 9304 9524 10075 9342 9356 10049 10125
9726 9760 9776 10152 10172 10109 10174 9457 9987 9787 9946 11195 10413 9564 9987 9108 10104 9055 10436 10544 10110 9380 10044 10185 10154 10097 10234 10220 9919 9850 10523 10699 9942 10690 10394 10278 10523 10209 9946 9861 9505 10243 10060 9817 10563 9658 9539 9904 10295 9366 10190 10183 10133 9460 9853 10288 10722 9865 10025 9518 10217 9451 9925 10641 10047 9649 9696 9956 9922 10029 10405 9950 10350 10116 10080 9743 9881 9668 9685 10652 9832 10018 10304 9941 10185 9879 9714 10507 10161 10229 9855 9340 9747 9909 10393 9317 10546 10126 9688 10090 10495 10236 9555 10134 10255 9798 10706 9972 10398 10600 9657 10308 10479 10470 10059 9977 10125 9545 9934 10152 9598 10370 9780 10636 9992 9847 9726 10454 9975 10317 9586 9587 9487 9633 11067 10007 10041 9843 9635 10083 9722 9889 10873 9540 10133 9940 10446 10690 10427 9563 9631 11168 9679 9701 9934 10857 10029 9908 9973 10677 10090 9953 9375 10503 10063 9722 10105 10579 10410 9904 9972 10430 9903 9757 10617 9937 9819 10439 10433 10109 10819 10087 10382 11262 9707 10011 10487 10507 10525 9962 9714 10104 10391 10987 9063 10037 9674 9309 10102 9307 10551 9238 9739 9926 10484 10425 10205 10064 9761 10151 10257 10281 9549 9944 9839 9830 9601 10260 9663 10059 9790 10274 10063 9633 10622 9789 9894 10016 9928 10140 10128 9522 9886 10389 10246 10113 10471 10368 10420 9772 10226 10098 9871 11011 9761 10227 10081 9951 9840 10311 10043 10205 9990 10486 10212 10103 10015 9776 9993 10474 9690 9731 9688 9279 10112 10342 9349 10266 9898 9845 9132 10155 10250 10403 10266 10487 10194 9926 9729 10516 9497 10028 10002 10060 10395 9377 10013 9864 9571 9945 9718 10156 9105 10537 10473 9855 10193 9735 10320 10386 10101 9828 10218 10506 10213 9744 9756 9932 9627 10372 9665 9904 10300 9917 9982 10049 10931 10045 9913 9426 10430 9900 10087 10016 9964 10250 10372 10364 10265 9756 10040 9812 10228 10262 9700 9627 10680 10033 9677 10069 9717 10314 10327 10062 9959 10449 9351 10458 10443 10157 9504 10171 9291 10163 9758 10117 9727 10007 9476 9543 9939 10311 9914 9754 10046 10153 10254 9847 9580 9771 9857 10435 10141 10103 10036 9929 9913 10167 9989 10296 10036 10042 10171 9893 10319 9895 10331 10097 9893 10386 9814 10277 10073 9815 9838 10615 9934 9840 10402 10607
10455 10624 10380 10852 10046 10161 10865 9928 10413 10517 9952 11724 10398 10045 10185 9836 10588 9404 10400 10921 10565 9764 9872 10254 10924 10275 10738 10292 10450 10550 10968 10675 10325 10612 10574 10429 11253 10472 10115 10865 10237 10427 10781 10295 10862 9864 10017 10268 10592 10056 11020 10174 10776 10106 10265 10493 10683 9930 10057 9649 10266 10127 10408 10984 10309 10482 10697 10285 10441 10769 11203 10252 10590 10217 10558 10578 11031 10210 9782 10914 9870 10362 10659 10487 10543 10082 10237 10470 10645 10338 10486 9802 10322 9801 10620 10391 10724 10218 9942 10556 9968 10752 10028 10759 10361 10273 11174 10839 10146 11038 9997 10751 10828 10621 10102 10160 10656 10205 10051 10507 10293 10298 10655 11203 10289 10192 9898 10958 10347 10527 9957 9804 10088 10166 11502 10320 10613 10935 10216 10699 10527 10404 11197 9881 10924 9879 10857 11196 10660 9858 9959 11027 9931 10428 10172 11183 10324 10372 10316 11201 10805 10799 10167 10365 10012 10343 10578 10952 10936 10147 10631 10633 10251 10250 11345 10046 10457 10565 10979 10315 11199 10649 10376 11309 10106 10055 10321 11035 10962 10312 10215 10556 11028 10793 9905 10720 10168 10117 10413 10093 10823 9878 10173 10405 10960 10773 10490 10717 10877 10055 10438 10742 10298 10217 9944 10094 10328 10258 10428 10334 10499 10488 10383 9940 11146 10439 10145 10324 10471 10342 10421 10228 10493 10694 10897 10472 10770 11012 11049 10040 10849 9974 10641 11158 9698 10380 10789 10273 10459 10676 10186 10229 10379 10479 10554 10125 10392 10045 10004 10867 10038 9941 9844 9822 9856 10403 10042 10964 10337 10428 9755 10742 10393 10587 10995 11066 10469 10664 10462 10336 9870 10135 10205 10822 10696 10113 10350 10028 10369 10716 10439 10196 10175 10764 10701 10312 10642 10033 10603 10877 10360 10548 10665 11344 10588 9675 10234 10185 10205 10646 9805 10091 10643 10577 10460 10166 11051 10708 10342 9643 10613 10470 10271 10853 10735 10666 10301 10747 10464 10653 10864 10487 10920 10911 10579 10182 11017 10172 10287 10419 10333 10879 10734 10338 10798 10492 9690 10759 11196 10506 10094 10817 9900 11097 10497 10720 10225 10356 10307 10445 10712 10350 10350 10795 10242 10603 10748 10239 10214 10469 10486 10667 10921 10748 10641 10428 10093 10850 9789 10828 10664 10105 11261 10044 10515 10464 10086 10384 10402 11002 10273 10597 10210 9475 10359 10910 10240 10377 10354 10948
10176 10578 10220 10404 10323 10125 10810 10172 10533 10296 9749 11369 10235 10178 10620 9627 10677 9531 10875 10875 10472 9633 10371 10337 10813 10519 10224 10606 10002 10486 11000 10813 10431 10442 10837 10730 10877 10400 10312 10857 10494 10221 10633 10542 11107 10028 9605 10375 10610 9930 10883 9831 10777 9435 10430 10557 10436 9836 10076 9929 10629 9671 10528 11295 10852 10094 10457 10102 10556 10713 11061 10094 10642 10059 10605 9840 10641 10074 10301 10764 10119 9708 10689 10756 10754 10383 9706 10745 10579 10259 10250 9627 10425 9952 10557 10013 10843 10905 10016 10336 10388 10756 10484 10731 10057 10027 10783 10466 9963 10728 10019 10892 10997 11131 10128 9955 10703 10257 10430 10073 9889 10465 10596 10899 10530 9571 9911 10784 10333 10505 10372 10126 10102 10451 10951 10752 10296 10679 10943 10516 10387 9837 10983 10284 10733 10064 10651 11076 10728 9987 9818 11384 10299 10674 10496 11280 10542 10468 10669 11364 10572 10473 9679 10721 10294 10460 10360 10617 11071 10186 10349 10753 10341 10277 11155 10065 10309 10457 10933 10145 11209 10567 10490 10943 10283 10237 10575 10827 10933 10447 10052 10688 10474 11067 10104 9981 10239 9805 10389 10116 10525 9971 9764 10340 10913 10964 10271 9950 10779 10835 11184 10593 9938 10158 10106 10072 10237 10576 10273 10573 10263 10270 10401 9804 10720 10075 10152 10093 10373 10249 10415 10242 10570 10517 10881 10440 10891 11115 10924 10424 10960 10053 10717 10826 9933 10368 10523 10410 10490 10724 10624 10010 10059 10812 10648 10352 10239 10302 10227 11182 9684 9852 10051 9543 10098 10687 9879 10260 10030 10293 9341 10751 10578 10375 10871 10716 10230 10086 9898 10079 10195 10180 10449 10320 11209 9645 10719 9978 10421 10263 10315 10116 9978 10897 10644 10588 9758 10416 10518 11006 9979 10258 10894 11366 10373 10166 10402 10531 10389 10551 9911 10463 10349 10365 10517 10367 10523 10490 10291 9949 11035 10213 10358 10498 10400 10929 10603 10661 10537 10401 10535 10276 10779 10433 10415 10206 10969 10065 10255 10667 10324 10555 10665 10396 10836 10814 9612 10691 10937 10348 10125 10692 10083 11212 10517 10721 10210 10416 9989 10672 10467 10267 10336 10878 10576 10765 10532 9691 10341 10293 10699 10882 10844 10456 10770 10865 10440 10360 9982 10671 10490 10017 11136 10393 10700 10249 10343 10109 10055 11030 10682 10665 10016 9842 9973 10649 10565 10507 10489 10536
9596 9492 9777 9936 9828 9595 10108 9182 9617 9657 9289 10617 9679 9469 9859 9092 10123 8932 9837 10073 9717 9262 9860 9653 10337 9778 9942 9818 9759 9687 10542 10557 10049 10158 9762 9878 10265 9941 9610 9863 9453 9715 9765 9465 10163 9627 9769 9570 9975 9195 10160 9684 9900 9180 9796 10095 10028 9458 9636 9515 9823 9221 9706 10197 9723 9504 9491 9570 9811 9900 10258 9711 10071 9966 10126 9328 9938 9547 9313 10395 9562 9615 9962 9750 10033 9648 10051 9860 10118 9691 9765 9404 9488 9368 9805 9463 10292 9838 9196 9744 9525 9712 9261 10136 10092 9694 10120 9907 10072 10195 9397 10279 10225 10229 9643 9528 9661 9038 9593 10170 9500 9495 9979 10252 9766 9121 9296 10370 9719 9748 9794 9327 9063 9834 10846 9787 9925 10082 10048 9621 9830 9451 10097 9450 9764 9487 9940 10666 9882 9439 9563 10735 9416 9824 9375 10737 9757 9726 9928 10636 9850 9935 9280 9957 9609 9445 9688 10035 10196 9420 9755 9721 9796 9731 10099 9371 10219 10000 10051 9715 10429 9725 9914 10277 9748 9408 9943 10442 9907 9773 9672 9615 10033 10299 9379 9754 9992 9153 9755 8978 9950 9305 9385 9534 10080 9809 9963 9990 9919 9851 10293 10112 9232 9899 9540 9558 9215 10020 9507 10047 9975 9979 9922 9479 9900 9256 9479 9474 9820 9709 9528 8818 10054 10187 10236 9902 9733 10109 10001 9545 9857 9405 10008 10413 9602 9848 9734 9539 10072 9649 9755 9721 9594 10027 10098 9602 9287 9662 9713 10432 9586 9499 9587 9048 9500 9983 9294 10035 9250 9669 9160 9973 9926 10156 10439 10122 9489 9734 9463 10368 9255 10025 9803 10026 9963 9214 9704 9200 9616 9625 9796 9787 9272 10192 10363 9828 9642 9633 9881 10043 9752 9551 10132 10315 9850 9442 9501 9654 9551 9949 9419 9891 9964 10122 9766 9621 10445 10156 9662 9101 9722 9393 10082 9855 9686 10531 9649 10224 9766 9713 10416 9613 10192 10453 9545 9487 10274 9605 9402 9813 9501 9615 9583 9759 10290 10571 9279 9937 10707 9258 9466 9964 9295 10322 9616 9895 9313 9896 9354 9590 9742 9552 9733 10147 10041 9926 9513 9403 9507 9583 10145 10008 9930 9776 9875 9655 10194 10212 9703 9931 9788 9606 10278 9623 10161 9834 9980 10148 9768 10067 9597 10239 9806 9321 9763 9844 9704 9812 9776 10365
9308 9933 9817 10116 9601 9796 10206 9267 10064 10110 9534 10978 10308 9344 10190 9142 10200 9116 10374 9999 10427 9156 9652 9874 10390 9962 9792 9843 9980 9881 10092 10509 9592 10795 10081 9627 10367 9978 10007 10402 9597 9759 10002 9841 10331 9498 9322 9978 9902 9592 10396 9953 10076 9480 9718 9906 9986 9431 9220 9584 9854 9324 9992 10882 9480 9569 9870 9125 10222 10057 10600 9764 9977 9734 9542 9261 10041 9545 9629 10242 9899 9314 9947 9876 10257 10201 9502 10124 9974 10192 9478 9372 9506 9630 9838 9369 10099 10141 9543 10011 9785 9843 9880 10117 9916 9466 9817 10273 9767 10287 9295 9882 10136 10239 9693 9627 10006 9623 9955 9928 9012 9704 9935 10297 9630 9429 9162 10029 9466 10011 9682 9574 9431 9811 10269 9878 9895 10298 9839 9970 9639 9738 10911 9403 10247 10084 10334 10578 10053 9722 9847 10672 9702 9726 9800 10516 9973 9386 9907 10673 10186 10193 9703 10210 9449 10065 10194 10143 10405 9508 9869 10403 9709 9559 10270 9650 10033 10058 10035 10027 10331 10190 10070 10403 9188 9033 10233 10256 10461 9884 9837 9871 9675 10288 9427 9420 9780 9790 10117 9326 9937 9923 9451 9678 10395 10613 9872 9909 9799 10038 10184 10101 9168 9930 9637 9192 9443 9610 9619 9713 9865 9900 10155 9397 10206 9766 9752 9511 9798 10003 10106 9567 9922 9845 10176 9821 10290 10404 10181 9344 10366 9478 9909 10666 9141 10022 10148 9859 9905 9788 9971 9905 9936 9779 10016 9774 9900 9634 9597 10780 9570 9252 9410 9274 9414 9994 9244 9749 9922 9696 9325 10316 9980 9906 10359 10319 9900 9772 9597 10035 9610 9815 9901 10014 9978 9355 10128 9781 9803 9909 9748 9721 9066 9959 9930 9852 9911 9521 9949 10517 9737 9919 9957 10493 9520 9413 9582 10078 9757 10238 9276 10039 10102 9622 10230 9972 10426 10323 9880 9438 9826 9635 9892 10344 9717 9929 9955 9958 10304 10133 10095 9751 10185 9964 9419 9660 10330 9706 9613 9451 9591 9756 9979 9551 10127 10257 9237 10078 10680 9823 9575 10117 9195 10321 10137 9751 9764 9804 9750 9801 10322 9612 9817 9933 9653 9524 9917 9708 9191 10070 9943 10269 10048 9754 9933 10137 9940 10191 9962 10630 9903 9471 10106 9723 10108 9865 9818 9881 9476 10062 9694 9851 10010 9553 9555 9892 9050 9726 9884 10050
10347 10339 9915 10258 10184 10235 10905 9870 10215 10128 10080 11055 10126 9933 10809 9795 10661 9071 10689 10913 10462 9548 10533 10351 10548 10245 10229 10435 10307 9776 10401 10748 10200 10880 10072 10129 11041 9918 10212 10781 9975 10456 10450 10396 10293 10254 9312 9877 10567 9919 10094 10576 10429 10021 9985 10326 10780 9797 9531 10403 10593 9713 10049 10746 9944 9647 9980 10160 10038 10413 10821 10146 10203 10018 10212 9801 10086 10116 9802 10874 10032 10141 10414 10077 10299 10104 10273 10519 10198 10138 10398 9381 10097 9842 9958 9775 10680 10593 9793 10240 10033 10361 10235 10378 10213 9771 11084 10704 9974 10503 9994 10573 10616 10725 9906 10264 10568 9855 9703 10647 10110 10500 10290 10828 9877 9890 9774 10509 10155 10380 10068 9659 10169 10590 11256 10203 10653 10470 10372 10278 10222 9948 10800 9931 10583 10069 10777 10589 10430 9548 9694 11008 9701 9959 10094 11026 10481 10258 10404 10377 10497 9891 10160 10650 9982 9715 10179 10652 10970 9960 9926 10776 9808 9829 10889 9662 10497 10298 10701 10329 11249 9938 10163 11135 9469 9784 10538 11221 10848 10211 10150 10677 10271 10623 9918 10085 10350 9796 10281 9804 10660 9847 10132 10154 10726 10821 10160 10191 10138 9999 10991 10221 9669 10163 9905 9721 9786 10761 10167 10004 9670 10427 10258 9450 10749 9844 9942 9974 9821 10097 10187 10090 10473 10723 10651 10101 10626 10637 10889 10008 10324 10361 10250 10886 9742 10394 10466 9934 9994 10564 10362 10004 10321 10070 10307 10124 10018 10327 10128 10657 9904 10286 10109 9339 9583 10264 9838 10518 10169 10054 9184 10614 10164 10878 10834 10426 9702 10132 10176 10515 9510 9995 9965 10095 10444 9518 10340 9606 10252 9758 9971 10269 9674 10677 10767 10448 10273 10066 10209 10503 10273 10041 10499 10643 10196 9458 9848 10405 10238 11167 9651 10101 10549 10030 10573 10431 10930 10658 10382 10008 10492 10059 9974 10462 10207 10254 10285 10924 10499 10192 10205 9972 10633 10473 9946 10157 10666 9943 10107 10015 9954 10807 10238 10247 10497 10609 9270 10801 11029 9925 10111 10701 9822 10866 10504 10283 10216 10367 9807 10376 10299 10579 10124 10163 10301 10236 10315 10162 9758 10182 10116 10371 10822 10339 9983 9968 10254 10658 9870 10776 10222 9891 10790 10136 10439 10536 9933 10472 9972 10774 9843 10372 10083 10027 10180 10684 10143 10117 10925 10541
9557 10253 9697 10014 9829 9734 10582 9160 10128 10302 9485 10818 10345 10020 10023 8934 10285 9196 10190 10414 9996 9522 9395 9699 10576 10095 9929 9690 10111 10241 10804 10347 9922 10238 10092 10257 10554 9690 10023 10409 9882 10102 10178 9620 10070 9781 9697 9855 10055 9511 10195 9986 10003 9347 9355 9835 10453 9724 9903 9793 10162 9555 9871 10699 9920 9979 10215 9592 9854 10340 10509 9390 10197 9832 9935 9693 10273 9960 9301 10003 9991 9603 10269 10041 10131 9708 9822 10113 10362 10171 9572 9472 9898 9574 9936 9432 10266 10130 9255 10488 9873 10147 9804 10074 10115 9935 10175 10536 9988 10083 9574 10141 10502 10189 9419 9782 10227 9906 9773 10093 9316 9947 10304 10564 9565 9790 9507 10439 9965 9828 9626 9924 9938 10053 10571 10026 9982 10488 9753 10116 9701 9775 10956 9599 10393 10088 10611 10728 10201 9540 9864 10827 9662 10069 10167 10699 10478 9845 10401 10208 10292 10061 9688 10260 9319 9858 10223 10481 10369 9896 10349 10352 9856 9918 10558 9375 10235 10193 9890 10121 10702 9615 10029 10851 9527 9837 10290 10635 10550 9689 9985 9934 10141 10263 9830 9842 9789 9399 9970 9610 10206 9730 9930 9713 10203 10287 9999 10014 9815 9912 10462 10339 9334 9669 9760 10024 9819 10093 9853 9897 9839 9820 10192 9639 10511 9924 9638 9824 10005 10259 9771 9612 10237 10380 10179 10187 9886 10248 10520 9660 9581 9931 9916 10746 9502 10005 9649 10297 9929 10214 10055 9984 9409 10043 9826 9504 9942 9929 9859 10890 9404 9873 9796 9514 9780 10041 9545 10008 9705 9943 9304 10325 10350 9892 10378 10305 9735 9990 9523 9939 9285 10107 10348 10062 10693 9309 10374 9861 9718 9653 9561 9970 9344 10331 10202 10012 9892 10050 9810 10519 9714 9786 10420 10792 10355 9826 9718 10373 9752 10543 9567 10496 10408 9691 10444 10181 10363 9989 10183 9874 10196 10222 9945 10156 9965 10183 9750 10101 10105 10206 10671 9809 10154 10002 10521 9849 10560 9882 9603 10073 9647 10188 10205 9538 10316 10252 9676 10510 10498 9566 9368 9922 9161 10218 10006 9957 9566 9810 9536 9905 9947 10072 9932 10362 9801 10332 10112 9551 9495 10015 10257 10523 10194 9834 10185 10005 9988 10100 9746 10406 10501 9540 10733 9469 9793 10034 9896 10116 9391 10596 10269 10298 9690 9786 9650 10370 9572 9773 10115 10190
9460 9621 9433 9271 9528 9376 10200 8903 9574 9615 9578 10492 9728 9238 10433 9007 10154 8393 9765 9947 9972 9457 9172 9721 10218 9296 9634 9735 9872 10039 10008 9786 9679 10330 9794 9494 10170 9458 9787 10263 9290 9452 9478 9411 9675 9264 9576 9458 9580 9633 10420 9502 10063 9356 9457 9483 9493 9382 9074 9352 9760 9149 9466 10058 9208 9890 9701 9512 9512 9744 10229 9290 9654 9516 9599 9212 9322 9492 8800 9889 9629 9169 9902 9942 9832 9466 9567 9962 9726 9520 9617 9244 9703 9388 9651 9827 9648 9642 9219 10107 9254 9705 9552 9854 9809 9011 9904 9990 9383 10108 9266 9560 10025 10240 9315 9203 10004 9342 9639 9697 9111 9644 9530 10050 9103 9322 9084 10116 9682 9786 9497 9546 9636 9598 10404 10059 9459 10297 9465 9641 9226 9114 10323 9211 10175 9378 10001 9950 9940 9082 9236 10248 9485 9657 9592 10703 9851 9518 9929 10418 9653 10008 9213 9751 9202 9544 9805 10090 10041 9054 9686 10050 9327 9482 10139 9087 9872 9857 9965 9588 10422 9601 9567 10107 9476 8852 9889 10188 10074 9703 9665 8978 9905 9904 9244 9641 9490 9218 9617 9454 10039 9449 9323 9445 9881 10043 9859 9683 9366 10008 9808 9896 9324 9282 9240 9686 9235 9913 9498 9336 9995 9745 9599 9003 9856 9220 9047 9714 9644 9453 9533 9766 9906 10006 9967 9528 9717 9801 10001 9385 9789 9199 9827 10287 9099 9667 9505 9465 9611 9604 9466 9760 9452 9765 9445 9469 9107 9245 9624 10314 9714 9268 9284 9003 9513 9498 8896 9804 9439 9547 8588 9755 9655 9693 9924 9955 9406 9503 9153 9753 9215 9495 9619 9626 9759 9055 9867 9424 9743 9583 9519 9898 8821 10360 10231 9744 9663 9856 9834 10171 9470 9918 9535 9986 9581 9253 9327 9823 9336 9832 8940 9514 9820 9366 9720 9479 10487 10050 9639 9344 9855 9635 9818 9983 9476 9875 9499 9875 9548 9514 10014 9316 9995 9921 10000 9589 9904 9539 9420 9330 9455 9974 9907 9785 9973 10202 9221 9787 9895 9551 9552 9835 9017 9931 9739 9282 9582 9665 9282 9509 9560 9372 9661 9512 10053 9658 9674 9318 9018 9586 9739 10056 10048 9174 9851 9676 9604 9923 9402 10620 9646 9222 10194 9231 9894 9834 9424 9680 9211 10008 9762 9897 9922 9385 9542 9551 9628 9444 9750 9755
9675 10454 9732 10035 9595 10253 10409 9206 10186 10117 9695 10879 10023 9875 9961 9180 10142 9362 10355 10417 9975 9413 9877 10312 9857 9923 10028 10089 9880 9974 10271 10631 9999 10496 10281 10036 10724 9687 10188 9920 9682 10251 10154 9915 10445 9969 9449 10022 10108 9312 9781 10063 10378 9276 9612 9959 10124 9519 9299 9873 10076 9335 10286 10619 9828 9848 9694 10132 9571 10093 10518 9580 10266 9882 10173 9812 9854 10069 9549 10389 9757 9768 10331 9904 10504 9737 9525 10374 10270 9839 9577 9762 9899 9779 9848 9622 10178 10243 9594 9828 10099 10143 9789 10123 10281 9801 10391 10061 9918 10645 9902 10509 10122 10270 9675 9994 10245 9570 9451 10435 9574 9996 10306 10787 9670 9383 9802 10303 9997 10212 9812 9736 9694 9846 10561 10738 10415 9680 9772 10181 9871 9907 10692 9665 10406 10204 10446 10535 10313 9520 9873 10880 9924 9990 9923 10708 10123 9801 10229 10435 10179 10124 9267 10229 9369 9621 9964 10007 10450 9931 9924 10326 10182 9489 10541 9372 9639 10318 10479 9933 10983 10509 10068 10995 9941 9861 10314 10719 10373 9852 9624 10482 9782 10423 9254 9968 9876 9443 10067 9752 10010 9381 9675 9900 10323 10098 9936 9831 9588 10173 9948 10205 9725 9945 10088 9440 9517 10280 9540 10371 10175 10400 10521 9649 10217 9778 9808 9677 9917 9822 9973 9512 10417 10586 10169 10614 10497 10492 10267 9781 10047 9591 9734 10625 9436 9826 10119 9547 10025 9949 10174 9928 9849 10215 9880 10217 9926 9781 9726 10701 9926 9694 9601 9111 9937 10053 9395 9937 9696 9794 9013 10451 10153 10370 10273 10338 9867 9983 9873 10359 9584 9730 10078 10439 10429 9279 10479 9923 9846 9895 10063 10209 9427 10521 10028 9906 9644 10094 10428 10313 9789 10293 10489 11037 10161 9968 10073 10162 9841 10189 9451 10069 10342 9971 10319 9933 10305 9983 9751 9565 10447 9814 9539 9955 9506 10210 9907 10411 9691 10095 10194 9708 10446 9835 10183 9854 10457 10114 9902 9982 9663 9985 10032 10141 10246 10402 9225 10211 10261 9895 9596 10223 9762 10632 10343 9772 9751 10293 9720 9685 10108 10181 9912 10200 10193 9933 10304 10134 9616 9892 10308 10611 10492 10113 9683 9942 10197 10433 9944 10202 10135 9946 10552 10056 10374 10142 10306 10151 9751 10333 10071 10167 9820 9556 9422 10514 9857 9974 9988 10248
9855 9865 9943 9886 9967 10114 10533 9299 10536 10114 9743 10950 10004 9684 10201 9299 10339 9302 10036 10463 10111 9611 9275 10116 10238 10091 10084 9876 9847 10101 10570 10507 9935 10502 10002 9899 10476 10264 10166 10420 9607 10335 10382 10168 10295 9605 9731 9880 10296 10048 9892 9784 10322 9466 9818 9812 10621 9720 9546 9893 10415 9137 9877 10646 9663 9932 9732 10017 9756 10160 10598 9856 10401 9988 10088 9559 10414 9269 9172 10157 9756 9961 10421 9972 10262 9806 9726 10357 10436 10086 9787 9382 9741 9851 9876 9497 10444 9955 9722 10084 9294 10120 9855 10101 10067 9498 10819 10164 9896 10301 9693 9944 10428 10399 9506 9707 9950 9934 9641 9970 9624 10107 10079 10411 9677 9677 9478 10512 9754 9607 9975 9504 9861 10023 10754 10164 10060 10351 9801 10119 9862 9466 10381 9603 10023 9776 10418 10575 10196 9495 9622 10847 9499 10056 9853 10608 9792 9972 10239 10677 10074 9704 9138 10296 10012 9423 10549 10354 10474 9890 10115 9981 9740 9927 10844 9788 10207 10221 10244 9621 10680 10040 9872 10779 9607 9867 10265 10802 10377 9847 9879 9702 10239 10651 9614 9573 9832 9718 10118 9451 9917 9346 9360 9741 10261 10462 10025 9907 9794 10087 10659 10527 9661 9644 9708 9711 9578 10472 9623 9652 9987 9885 10125 9301 10754 9864 9627 10046 9795 9597 10350 9590 9927 10228 10479 10227 10393 10094 10082 9778 9902 9587 10163 10464 9507 9739 10411 9871 9713 10436 9686 9770 10034 10198 10253 9607 9767 9886 10091 10569 9210 9929 9620 9744 9755 9970 9798 10248 9718 9749 8898 10492 10208 10071 10525 10287 10250 9631 9959 9812 9569 9746 9840 10263 10327 9407 10110 9226 10051 10032 10080 10003 9273 10380 10440 10061 10248 9674 10064 10303 10516 10502 10031 10592 9938 9445 9682 10019 9893 10996 9479 9926 10185 10086 10229 9666 10381 10269 10086 9593 9745 9990 9815 10156 10163 10397 10372 10113 9915 10255 10508 9968 10387 10217 9856 9610 10488 9988 10100 10204 10191 9815 10328 10102 10301 10259 9550 10222 10519 9708 9882 10223 9274 10679 10001 10108 9663 10079 9570 9743 10434 10120 10149 9977 10133 10370 10246 9642 9381 9697 9791 10331 9992 10110 10192 9587 9962 10474 9812 10009 10359 9680 10465 9642 10470 10101 10119 10131 9688 10634 9962 10170 10067 9472 9947 10059 9645 9853 10138 10390
9371 10136 9350 9940 9849 9566 9981 8953 9888 9658 9163 10738 9970 9371 9704 8772 9837 8803 9871 9952 9466 8952 9688 9699 9951 9397 10066 9483 9412 9626 9831 10090 9505 10253 9878 9071 9871 9650 9664 9791 9594 9652 10084 9581 10065 9186 8902 9082 9653 8828 9903 9454 9699 9136 9299 9653 9884 9172 9076 9663 9410 9260 9756 10449 9311 9297 9838 9364 9519 9595 10076 9288 9629 9512 9706 8981 9680 9375 8930 9615 9474 9161 9947 9973 10173 9090 9261 9895 9597 9634 9452 9058 9597 9307 9608 9073 10186 9804 9527 9509 9390 9466 9176 9897 9363 9317 9852 9893 9579 9704 9085 9900 10102 9786 9349 10123 9874 9272 9692 9406 9050 9912 9899 10211 9315 9192 9283 9761 9456 9076 9504 9604 9574 9547 10397 9523 9776 9884 9566 10176 9246 9094 10199 9131 10137 9530 10020 9899 9788 8966 9344 10124 9085 9339 10051 10321 9776 9369 9885 10326 9869 9745 9407 9818 9378 9632 9679 9823 10161 9370 9827 10098 9798 9508 10043 9187 9346 9822 9783 9394 10232 9664 9593 10278 9296 9325 9672 10388 10193 9581 9114 9801 9861 10264 9399 9565 9496 9213 9915 8980 10059 9146 9870 9366 10045 10045 9816 9642 8960 9799 9763 10268 9618 9256 9090 9040 9726 9976 9134 9333 9184 9746 9685 8960 10170 9703 9373 8835 9357 9820 9540 9198 9655 9601 9795 9705 10088 10424 10151 9498 10225 9434 9395 9932 8983 9568 9953 9429 9363 9519 9432 9583 9470 9301 9718 9411 9550 9245 9404 10144 9569 9260 9291 8934 9175 9416 9132 9888 9437 9551 8750 9788 9090 9998 9883 10496 9752 9633 9108 9456 8878 9221 9448 9403 9939 8953 9794 9930 9139 9985 9484 9516 9280 10078 9839 10082 9873 9475 9777 9895 9722 9543 9868 10265 9685 9089 9369 9519 9112 10078 9114 9875 10130 9332 10025 9470 10155 9779 9427 8981 9840 9407 9663 9856 9494 9555 9630 9963 9450 9737 10025 9118 9505 9934 9690 9347 9955 9468 9376 9522 9629 9739 9612 9617 9594 9979 8840 10121 9934 9310 9443 9674 9313 9580 10050 9412 9353 9363 9171 9383 10309 9420 9622 9768 9707 9310 9799 9660 9205 9841 9689 9599 9614 9690 9738 9388 9734 9907 9146 9807 9544 9718 9940 9688 9620 9639 9822 9680 9571 9873 9252 9954 9445 9365 9074 9546 9361 9656 9738 9605
8760 9235 9061 9458 9206 8945 9533 8473 9184 9055 8574 9964 9175 8957 9560 8633 9308 8638 9629 9607 9082 8812 8787 9207 9872 9312 9386 9012 8797 9411 9589 9576 9154 9857 9500 9393 9445 9023 9777 9506 9034 9582 9293 9363 9393 8845 9059 9096 8903 8529 9813 8778 9923 8674 8764 9548 9621 9342 8882 9207 9167 8693 9023 9993 9027 8670 9096 9165 8929 9420 9841 8932 9216 9157 9316 9089 9276 9337 8507 9524 9297 8873 9209 8742 9432 9357 8818 9230 9597 9369 8910 8358 9160 8978 9672 8958 9535 9030 8711 9221 8944 9327 8838 9374 9202 8906 9557 9730 9073 9312 8841 9233 9862 9427 8910 9308 9296 9220 8935 9660 8645 9368 9290 9525 8763 9034 9081 9490 8945 8714 9186 8930 9283 9242 10059 9355 9123 9420 9332 9419 8869 9263 10134 9057 9276 9103 9128 9762 9442 8987 8995 9613 9046 9644 9360 9736 9091 8846 9499 9656 9317 9251 9184 9495 8785 9173 9001 9517 9660 8992 9093 9399 8883 9019 9447 8947 9396 9463 9459 9330 9880 9191 9172 9880 8962 9088 9716 9598 9619 9272 9046 9083 9446 9815 8849 9250 9126 8834 9154 8724 9625 8973 9220 9432 9699 9710 9598 9439 9102 9176 9403 9421 8456 9316 8911 8518 8934 9392 8900 9297 9487 9251 9112 8728 9529 9540 9002 9148 9401 9430 9284 9079 9699 9559 9545 9565 9609 9745 9679 9029 9238 9142 9228 9765 8911 9087 9507 9257 9273 9794 9305 9060 9292 9400 9207 9000 8652 9176 8781 9721 8875 8886 9004 8701 8968 9525 8891 9391 8969 9213 8557 9704 9341 9471 9713 9650 9056 9374 9015 9239 8861 9136 9379 9548 9565 8741 9194 9053 9237 8931 9020 9310 8516 10055 9553 9191 8910 9641 9270 10026 9013 9397 9691 9617 9594 8850 8981 9401 8865 9738 8571 9172 9169 8840 9494 9233 10087 9340 9067 8445 9332 9090 9406 9292 9430 9281 9295 9462 9297 9359 9347 9269 9065 9697 9530 9287 10090 9094 9049 9335 9058 9089 9385 9203 9273 9814 8826 9454 9855 8844 8578 9543 8820 9665 9518 9513 9274 9109 9103 8984 9471 9219 9078 9497 8985 9495 9253 8771 8762 9104 9704 9300 9314 9812 9472 9265 9286 9713 8618 9398 9694 8939 9371 8979 9443 9573 9174 9514 8707 9855 9429 9561 9294 8896 9018 9654 9194 9053 9747 9671
9708 9577 9629 9619 9616 9650 10135 9135 9462 9819 9311 10602 9263 9358 9855 8923 9709 8989 9857 9977 9743 9183 9227 9718 10229 9501 9593 9698 9348 9977 9875 10184 9788 10216 9884 9658 10268 9744 9339 10040 9694 9487 9562 9898 10041 9385 9096 9541 9584 9026 10063 9676 9850 9276 9486 9442 10042 9305 9217 9317 9778 9419 9615 10386 9758 9206 9482 9438 9553 10029 10190 9310 10001 9598 9619 9400 9826 9526 8802 9884 9491 9209 9649 9676 9506 9717 9728 9786 9837 9826 9156 9244 9543 9908 9587 9460 10187 9571 9347 9624 9701 9542 9373 9953 9824 9547 10037 9895 9854 10248 9439 9804 9839 9960 9245 9673 9428 9265 9187 9709 8847 9765 9780 10340 9298 9163 8995 9841 9377 9532 9439 9418 9342 9576 10116 9994 10255 9548 9776 9569 9408 9566 10278 8939 9966 9456 9730 10226 9744 9019 9529 10301 9116 9662 9575 10192 10086 9521 9795 9763 9875 10103 9367 9897 9207 9524 9884 9981 10160 9180 9597 9907 9747 9622 10235 9240 9458 9793 9857 9364 10454 9858 9357 10551 9274 9132 9939 10161 10317 9660 9205 9595 9736 10015 8945 9347 9303 9426 9635 8627 9713 9231 9563 9710 9749 10162 9890 9518 9396 9631 10204 10047 9291 9819 8921 8759 9451 9805 9310 9446 9706 9326 9708 9214 10055 9601 9426 9460 9347 9396 9577 9345 9409 9769 10116 9376 9635 9867 9843 9531 9809 9332 9561 10341 9099 9435 9919 9606 9364 9973 9281 9601 9044 9581 9719 9401 9625 9396 9472 10529 9253 9850 9714 9141 9385 9706 9311 9645 9329 9568 8827 10001 9693 9764 10023 10135 9635 9454 9313 9900 9286 9434 9511 10067 10026 9063 10080 9406 9470 9675 9211 9763 8882 10398 9813 9713 9415 9339 9794 9895 9613 9961 9590 10217 9243 9552 9475 9805 9599 10097 9287 9288 9894 9598 9988 9717 10063 9751 9539 9426 9925 9606 9507 9720 9685 9814 9652 10105 9831 9747 10055 9253 9723 9959 9630 8899 10048 9685 9514 9679 9159 9520 10153 9876 9669 10197 8861 10135 10240 9458 9224 9913 9101 9860 9986 9464 9360 9828 9203 9355 9931 9892 9679 9901 9766 9299 9995 9791 9051 9293 9601 9777 9718 9517 9763 9313 9652 9777 9185 9754 9790 9393 10003 9189 10115 9721 9429 9471 9567 10026 9200 9711 9695 9199 9267 9484 9363 9714 9734 9635
10204 10287 10001 10148 10254 10295 10719 9830 10377 10228 10176 11096 10388 9731 10165 9236 10295 8914 10513 10928 10702 9805 10066 10545 10748 10018 10575 10295 10131 10600 10630 10737 9840 11028 10434 10385 10817 10127 10426 10320 9802 9777 10567 10238 10173 9587 9812 10058 10125 9590 10516 10378 10362 9636 10238 10261 10569 10160 9982 9907 10160 9846 10303 10760 10092 10217 10223 10296 10024 10503 10682 9423 10422 10389 10456 9960 10970 10389 9642 10465 10450 10666 9931 10453 10435 10133 10053 10412 10548 10504 9636 9509 10064 9710 10048 9918 10708 10240 9414 10091 9931 10048 9674 10778 10559 10008 10617 10639 10525 10663 9800 10156 10743 10477 10113 10134 10333 10180 9872 10573 9842 9994 10314 10973 9717 9661 9838 10541 10376 10387 10044 9643 10074 9961 11206 10558 10721 10371 10256 10139 10266 9920 10998 9560 10608 10151 10279 10566 10209 10283 9835 10937 9746 9801 10225 10921 10237 9945 9778 11067 9850 10236 9873 10760 9712 9958 10047 10565 10465 10140 10555 10441 10350 10273 10718 9872 10056 10038 10478 10512 11098 10113 10492 11128 10110 10133 10425 11017 10855 10092 10257 10224 10246 10823 9956 10009 10056 9741 10497 9511 10323 9615 10356 10407 10377 10940 10512 10544 9658 10056 10554 10448 9814 10453 9960 10055 10031 10682 9752 10274 10042 10451 10171 9474 10550 10255 10016 10004 10110 10213 10497 9813 10061 10544 10858 10475 10476 10486 10645 9801 10281 9931 10423 10879 10134 10534 10215 9825 9751 10058 10246 10037 10129 10185 10296 10012 10209 10013 10023 10751 10078 10269 10206 9853 9881 10684 9591 10458 10009 10088 9573 10471 10065 10571 10752 10573 10538 10340 10462 10652 9799 10227 10453 10296 10562 9498 10476 9803 10175 10320 10236 10361 9401 10633 10343 9866 9970 9897 10192 10240 10652 10329 10581 10744 9899 10054 10111 10513 10077 10694 9295 10066 10566 10121 10461 10359 11365 10112 10290 9643 10216 9929 10185 10424 10434 10818 10177 10521 10277 10263 10608 9669 10412 10508 9966 9733 11153 9952 10302 10308 9556 10544 10429 10244 10375 10802 9699 10466 10417 10091 9820 10401 9961 10572 10487 10312 9842 10078 9814 10121 10336 10021 10061 10374 10137 10024 10420 9996 9736 9929 10206 10479 10368 9781 10504 10094 10364 10358 10270 10689 10552 10129 10882 9926 10674 9500 10490 10714 9814 10648 9898 10367 10253 9763 9644 10685 10176 10499 10522 10393
10182 10086 10178 10268 10199 10452 10471 9824 10037 9799 9750 11148 10013 9702 10401 9304 10572 9209 10397 10529 10341 9558 10034 10678 10513 10248 10186 9948 9871 10397 10530 10485 9833 10582 9928 9975 10628 10017 9933 10227 9821 10435 9896 9951 10512 9617 9842 10033 10365 9819 10143 10024 10479 9554 9812 10194 10596 9896 9657 9891 10086 9614 9975 10920 9997 9631 10288 10148 10254 10267 10383 9915 10142 9772 9659 9861 10291 9816 9886 10126 10006 10081 10874 10532 10097 10229 9728 10087 10199 9918 10108 10000 10034 9742 10230 9901 10481 10088 10041 10272 9772 10184 9874 10334 10370 10247 10634 10180 9851 10656 9756 10164 10555 11017 9784 10120 10218 9853 9798 10382 9422 10234 10061 10584 9752 9930 9499 10277 10287 9990 9830 9985 9857 10027 11067 10476 9904 10409 9837 10229 10204 10088 10713 9676 10070 9715 10464 10405 10470 9708 9541 11009 9430 10105 10233 10862 10223 9970 10402 11038 10224 10371 9437 10292 10006 9857 9980 10606 10724 9841 9821 10453 10390 10118 10823 9730 10051 10303 10351 10147 11244 10362 10498 11299 9866 10032 10269 10652 10829 10211 9768 10215 10057 10648 9697 9941 9903 9588 10129 9584 10416 9230 9866 10190 10478 10925 10228 10033 9818 10340 10551 10648 9860 9962 9460 9447 10011 10253 9976 10353 10405 10216 10327 9503 10607 10111 10152 9979 9933 9742 9917 9785 10042 10266 10490 10181 10603 10723 10779 9953 10387 9717 10053 10642 9335 10337 10226 10076 9863 10264 10171 9922 10051 10278 10168 9936 9755 9981 10072 11104 9805 10107 9723 9434 9804 10123 9344 10407 9896 10143 8916 10335 10067 10573 10588 10775 9910 9567 10454 10710 9448 9921 10238 10540 10568 9590 10198 9824 10331 10346 9989 10238 9252 10462 10911 10026 10292 10112 10397 10518 9946 9896 10312 10617 9810 9449 9691 10201 9921 10651 9621 10205 10256 10103 10044 9974 10684 10353 10096 9430 10217 10024 10315 10399 10234 10570 10232 9864 10026 10217 10135 9918 10788 10284 9835 9836 10766 10010 10125 9986 9720 10216 10744 10220 10327 10640 9574 10175 10694 9694 10079 10767 9283 10418 10102 10201 9876 9793 9810 9919 10211 10611 9488 10123 10197 9840 10636 9767 9561 9734 10111 10602 10417 9816 10429 10327 9931 10515 9724 10915 10365 9903 10553 9764 10424 10026 10200 9927 9917 10713 10033 10367 9870 9576 9527 10357 9773 9994 10488 10474
9109 9362 9340 9335 9680 9271 10102 8971 9381 9616 8947 10715 9466 9099 9816 8892 9487 8403 9863 9593 9664 8730 9244 9587 9909 9440 9296 9821 9498 9738 10107 9882 9318 9671 9804 9821 10332 9374 9629 9437 9222 9202 9198 9378 10381 9615 8776 9011 9737 8926 9941 9277 9648 9351 9443 9390 9711 9408 8879 9064 9572 8942 9310 10127 9497 9130 9391 9184 9441 9637 10017 9297 9660 9537 9331 9031 9413 9108 9107 9710 9706 9322 9707 9863 9558 9710 9290 9773 9412 9219 9189 8600 9216 9239 9521 8862 9629 9860 8738 9674 9533 9407 9189 9893 9676 9174 9831 9694 9944 10422 8940 9428 9937 9884 9377 9020 9477 9525 9384 9751 9254 9276 9427 10289 9019 8838 9335 9757 9701 9844 9447 9380 9862 9519 10311 9794 9859 9478 9617 9133 9326 9227 9876 8998 9365 9626 9610 10098 9877 9210 8886 10118 8984 9222 9498 10024 9498 8978 9123 10039 9484 9377 8874 9825 9230 9140 9463 9654 9527 9131 9391 9769 9097 9311 9917 9430 9499 9558 9628 9464 10463 9094 9477 10173 8721 9011 10004 9869 9883 9589 9431 9583 9331 10114 8826 9354 9542 9076 9066 8951 9762 9187 9263 9133 9776 9514 9591 9565 9370 9265 9676 9061 8984 9404 9090 9426 9107 9500 8949 9881 9606 9653 9665 8810 9563 9039 9408 9245 9447 9571 9425 9150 9341 9636 9697 9788 10253 10148 10010 9329 9582 9523 9642 10254 8891 9778 9287 9430 9136 9446 9148 9345 9456 9621 9957 9138 9283 9220 9202 10024 9672 9399 9208 8706 9451 9877 9047 9681 9040 9370 8758 9450 9570 9862 9970 9737 9402 9226 9213 10119 9122 9630 9087 9836 9980 8933 9593 9169 9143 9326 9431 9472 8953 9784 9958 9427 9092 9534 9672 9614 9404 9139 9663 9898 9450 9232 9452 9351 9349 9636 8850 9375 9329 9371 9388 9359 10268 9645 9625 9010 9557 8998 9594 9450 9334 9812 9613 9630 9484 9290 9618 9388 9588 9942 9490 8953 10161 9532 9198 9497 8921 9296 9469 9646 10073 9715 8567 9851 9839 9405 9047 9614 8871 10140 9568 9306 9016 9529 9163 9618 9212 9579 9460 8971 9461 9440 9414 9007 9118 8900 9538 9648 9697 9545 9575 9557 9169 9465 9235 10036 9563 8988 10165 9078 9721 9317 9634 9408 9311 9579 9221 9367 9414 9212 9109 9455 9216 9219 9584 9666
9643 9900 9881 10059 9598 9724 10100 9527 9898 10066 9533 11143 9994 9532 9864 9228 10144 9302 10184 10099 9711 9244 9546 10081 10363 9757 10017 9650 9823 9937 10376 10562 9871 10614 10352 10179 10161 9643 9642 10181 9774 10038 9445 9815 9820 9768 9515 9424 9746 9182 10165 9472 10155 9623 9840 9858 10194 9736 9484 9891 10360 9252 10189 10478 9416 9615 9829 10040 10073 10158 10447 9633 9911 10485 10079 9628 9664 9847 9139 10033 9812 9887 10022 9893 9967 9560 9893 10149 10152 10139 9564 9499 9837 9695 9992 9706 9979 9985 9682 10275 9483 10033 10151 10101 9919 9434 10392 10011 10294 10291 9684 10591 10229 10053 9433 9332 10025 9976 9597 9957 9503 9804 10503 10218 9382 9851 9011 10335 9837 9999 9555 9757 9737 9754 10415 10280 10214 9881 10037 9823 9861 9681 10462 9859 10201 9994 10480 10153 10035 9601 9674 10957 9395 10118 9792 10862 10084 9613 9853 10142 10008 9878 9634 10061 9604 9694 9952 10363 10235 9514 9898 10729 9819 9841 10730 9721 9864 10415 9972 9932 10635 9685 10143 10520 9473 9684 10403 10822 10596 9860 9668 10210 10259 10197 9680 9896 9929 9434 10283 9241 10071 9410 9857 10099 10294 10855 10070 9923 9542 9930 10153 10125 9569 9640 9507 9738 9724 9845 9699 9527 10081 10122 9927 9211 10436 9887 9281 9359 9421 9937 9756 9330 10034 10266 10623 10021 10142 10148 10497 9724 9977 9802 9590 10781 9453 9843 10128 10151 9965 9796 9833 9910 9902 10194 9873 9760 9605 9630 9670 10848 9357 9784 9832 9077 9111 9943 9441 9700 9694 9971 9339 9883 10150 10022 10381 10500 9708 9935 10412 10323 9459 9455 10034 10333 10197 9319 10067 9677 10059 9511 9461 9674 9589 10394 10264 9826 9747 9878 9898 10439 9983 9698 10034 10431 9835 9280 9400 9942 9717 10292 9336 9626 9727 9758 10116 9882 10816 10036 10229 9960 10194 9676 9614 9852 9948 10349 9984 9614 10003 9669 10281 9891 10076 10313 10128 9426 10618 9774 9895 9630 9744 9896 9924 9893 10188 10679 9339 9940 10653 10049 9934 10256 9277 10464 9766 9819 9826 10330 9569 9718 10231 9767 9973 10011 9956 9953 10205 9706 9578 9899 9853 10615 10348 9804 9902 10063 9977 10417 9614 10267 10068 9620 10509 9575 10191 9772 9851 10022 9452 10305 9702 10183 9858 9845 10024 9994 9135 9731 10259 9927
9896 10164 9868 10096 10055 10134 10324 9308 10473 9971 9925 10950 10075 9687 10081 9488 10129 9078 10441 10759 9792 9463 9783 10232 10530 9785 9924 10088 10110 10260 10375 10409 10065 10450 10068 9827 10439 10042 10066 10228 9480 10488 9893 10314 10299 9588 9237 10235 9808 9376 9878 9672 10410 9579 10123 10062 10630 9558 9488 9941 10240 9980 9982 11200 10200 9770 9717 9650 10064 9870 10448 9547 10167 9628 10361 9787 9999 9617 9675 9886 9867 10026 9793 10057 10295 10042 10005 10321 10223 10027 10126 9308 10351 9941 9984 9882 10384 9858 9477 10148 9829 10285 9733 10300 10183 9963 10302 10385 10141 10294 9603 9958 10151 10076 9624 9808 10333 10003 10274 10265 9424 9931 10254 10517 9528 9178 9402 10146 10031 10264 9913 9920 9751 10233 10642 9784 10350 10442 9920 10281 9831 9582 10682 9401 10402 9762 10391 10247 10209 9952 9404 10697 9601 10294 10043 10591 9888 9427 10262 10269 10289 10043 9595 10337 9947 10007 10535 10476 10548 9706 9952 10222 9822 10062 10425 9767 10202 10268 9848 10097 10915 10025 10077 10562 9632 10116 10259 10602 10679 9695 9643 10041 10007 10806 9610 9872 9749 9832 10118 9414 10134 9167 9994 9810 10212 10265 9883 9717 9515 9772 10329 10187 9944 9732 9755 9474 10155 10486 9644 9813 10066 10053 10218 9511 10540 10189 9787 10020 10023 9942 9977 9729 10188 10736 10408 9920 10132 10506 10447 9907 9911 9776 10165 10776 9659 10116 9856 9822 10018 10288 9568 9883 9901 10088 10025 9964 9834 9693 10336 10513 9821 10034 9527 9075 9680 10217 9735 10266 10026 9951 9226 10441 10064 10370 10490 10286 9877 10014 9850 9980 9419 10050 9917 10060 10544 9289 10218 10110 9845 9718 9473 9927 9607 10112 10416 10149 9935 10189 10327 10423 10246 9809 10210 10722 9974 9289 9679 10187 9862 10333 9307 10095 10181 9710 10198 10312 10687 10510 10195 9572 10008 10009 9872 10187 9989 10068 9923 10264 9828 9945 10414 9924 10421 10157 10266 10006 10329 10078 9685 10345 9615 10105 9989 9974 10516 10768 9381 10374 10517 9640 9724 10271 9838 10214 10017 10633 9624 10069 9584 9869 10200 10167 9596 9938 10253 9923 10258 9888 9319 10094 9903 10112 10596 9828 10155 9831 9921 10378 9894 10152 10475 9722 10511 9798 9981 9887 10068 9829 9726 10282 10460 10026 10229 9769 10123 10191 9758 10134 10332 10658
10402 10471 9963 10192 10348 10253 10411 9915 10415 10202 9865 11186 10520 9993 10120 9656 10848 9159 10687 11014 10280 9845 10423 10348 10781 10278 10376 10276 9972 10637 10969 10748 10298 11047 10508 10326 10771 10441 10369 10436 9858 10030 9952 9796 10735 10290 9605 10450 9928 9698 10567 10228 10329 9897 10397 10196 10744 9560 9664 10043 10422 9526 10794 11055 10161 10227 10299 9997 10139 10376 10507 10148 10395 10145 10352 9783 10046 10291 10084 10557 10627 9979 10503 10601 10544 10131 10113 10697 10271 10365 10107 9619 10231 10003 10354 9662 10529 10435 10206 10469 9815 10145 10171 10176 10401 9979 10690 10671 10164 10475 9744 10932 10745 10398 10233 9970 10415 10212 10109 10250 9588 10205 10447 11086 9951 9567 10074 10178 9895 10369 10079 9757 10114 10365 11054 10506 10358 11014 10482 10338 10312 9919 11086 9493 10804 10190 11032 10957 10502 9478 9978 10981 10012 9985 10143 11155 10207 9764 10225 10708 10927 10160 9967 10763 9830 10445 10184 10427 10645 10044 10263 11081 10174 10094 11007 9875 10246 10519 10319 10289 10954 10567 10352 11064 9917 10006 10500 10562 11225 10429 10139 10205 10381 10874 9727 10097 10351 9954 10500 9254 10458 9835 10114 10290 10436 10664 10319 10377 9995 10163 10497 10234 9525 9864 9879 9858 9787 10480 10065 10427 9839 10342 10768 9600 10997 9652 9948 10207 10168 10244 10176 10021 10604 10625 10878 10462 10581 10792 10512 9625 10834 9823 10515 10566 9696 10426 10649 9980 10169 10491 9825 9856 10172 10251 10206 10450 9818 9543 10186 10972 9948 10035 10089 9370 10183 10423 9502 10193 10452 9984 9728 10514 10505 10298 10631 10764 10049 10286 9900 10657 9746 10247 9953 10371 10527 9449 10471 10055 10366 10433 10099 10366 9761 10945 10634 10309 9817 9950 10228 10794 10590 10573 10456 11069 10561 9516 9869 10448 10036 10754 9736 10410 10109 9989 10694 10108 10807 10870 10245 10143 10264 9848 10689 10364 10239 10450 10175 10660 10313 10194 10611 9969 10380 10497 10157 10065 10929 10485 10159 10586 10028 10927 10492 10317 10706 10578 9366 10592 10488 9960 10071 10482 9807 10459 10083 10203 10186 10507 9644 9982 10498 10507 9977 10094 10437 10262 10358 9784 9825 10069 10434 10521 11046 10444 10573 10412 10390 10844 9851 10472 10843 10424 10889 9927 10307 10291 10149 10539 9967 10921 10028 10562 10400 10035 9876 10829 9891 10487 10423 10695
9340 9594 9434 9857 9374 9102 9800 9023 9561 9208 8993 10586 9740 9321 9744 8967 9577 8526 9401 10116 9733 9319 9186 9900 9567 9488 9333 9665 9160 9567 9934 9897 9736 9910 9482 9590 9811 9700 9811 9994 9192 8876 9664 9682 9981 9228 9014 9645 9829 8895 10229 9374 9275 8997 9490 9383 9757 9527 9515 9293 9548 8803 9792 10399 9489 9249 9555 9056 9664 9787 9967 9431 9688 9577 9728 9212 8875 9437 9148 9926 9599 9210 9868 9407 9964 9545 9292 10031 9576 9914 9394 9078 9465 9390 9924 9182 10158 9488 9065 9387 9198 9755 9433 9647 9468 9444 9934 9883 9704 9875 9356 9497 9759 9742 9531 9311 9722 9266 9136 9755 9214 9911 9731 10188 9264 9385 8950 9979 9711 9516 8977 9191 9165 9709 9796 9929 9635 9728 9584 9388 9668 9357 10406 9431 9708 9524 10226 9892 9571 9233 9585 10294 8950 9476 9361 10234 9894 9395 9392 10053 9885 9941 9302 9963 9179 9486 9885 9673 9986 8972 9306 10250 9233 9085 9717 9178 9335 9756 9758 9599 10439 9651 9695 10102 8919 9295 9731 10149 10210 9133 9272 9613 9559 10453 9162 9147 9580 9259 9284 9150 9956 8940 9667 9432 9998 10042 9486 9257 9482 9680 10347 9812 9217 9274 9292 8997 9205 9749 9663 9146 9385 9688 9621 9143 9502 9530 9200 9229 9418 9372 9565 9478 9906 9792 10196 9396 9859 9839 9861 8934 9658 9491 9955 10344 9095 9615 9619 9475 9272 9734 9324 9793 9649 9449 9765 9382 9429 9212 9524 10335 9668 9137 9535 8782 9448 9716 9266 9484 9392 9520 8946 10050 9781 9677 10262 9737 9656 9395 8999 9750 9266 9531 9283 9907 9993 8650 9988 9381 9302 9238 9291 9491 9265 9898 9779 10080 9333 9465 9250 10171 9362 9796 9553 10011 9866 9329 9492 9935 9334 9744 8813 9261 9439 9432 9636 9533 10223 9689 9402 8980 9963 9565 9172 9737 9591 9772 9522 9777 9748 8973 9906 9361 9956 9991 9567 9251 10365 9368 9566 9986 9265 9415 9858 10045 9580 10046 9173 9844 10020 9183 9327 9872 8482 9826 9639 9456 9187 9527 9320 9223 9477 9838 9625 9905 9433 9474 9545 9213 9132 9532 9970 10105 10276 9748 9520 9715 9636 9983 9289 9830 9822 9659 10210 9818 9855 9292 9183 9695 9322 10008 9278 9788 9736 9069 9541 9739 9085 9481 9786 9700
9612 9924 9296 9907 9395 9936 10061 9322 9880 9753 9266 10329 9685 9708 9819 9376 10150 8451 10346 10472 9839 9372 9310 9928 10119 9334 9545 9261 9378 9906 10211 10597 9673 10347 9410 9871 9889 9729 9905 9788 9377 10050 9482 9285 10351 9571 8689 9399 9813 8924 10092 9592 9770 9296 9696 9698 9835 9860 9452 9143 9913 9358 9746 10270 9458 9293 9570 9209 9602 9742 9952 9380 9919 9377 9429 9448 10027 9326 8850 9960 9959 9520 10061 9589 9645 9695 9562 10072 9791 9707 9109 8928 9648 9568 9810 9296 9906 10071 9131 9940 9590 9514 9157 9903 9748 9466 9737 9822 9628 10098 9432 9571 10436 10298 9417 9812 9762 9724 9298 9803 9390 9655 9903 10321 9427 9480 9506 10015 9694 9693 9553 9581 9488 9618 10258 9386 9854 9649 9515 9562 9708 9672 10478 9389 9551 9570 10318 10211 9874 9856 9574 10338 9273 9376 9377 10525 9661 9446 9850 10563 9473 9751 9629 10326 9517 9341 9554 10242 10054 9282 10080 9941 9694 9676 9867 9115 9917 9794 10120 9270 10459 9697 9957 10237 9171 9194 10198 10383 10260 9647 9617 10191 9590 10346 9287 9518 9690 9272 9507 9313 10411 9145 9968 9435 9822 10473 10020 9515 9530 9369 10368 10082 9243 9670 9682 9531 9752 9553 9717 9289 9329 10038 9623 8776 10002 9233 9584 9245 9801 9436 9938 9379 9577 9927 10085 9549 9998 10111 9956 9618 10008 9819 9741 10182 9305 9972 9804 9763 9801 9061 9412 9461 9743 9497 9616 9344 9291 9587 9796 10376 9513 9492 9586 9300 9810 9614 9106 10138 9653 9358 9251 9795 9837 9993 9975 9911 9664 9462 9582 10183 9174 9798 9670 9890 10162 9247 10216 9689 9454 9729 9295 9765 9163 10062 9805 9575 9621 9904 10132 10014 9508 9660 9926 10212 9780 9668 9155 9595 9488 9812 9163 10095 9858 9218 9797 9684 10357 9663 9412 9545 9832 9607 9358 10122 9535 10168 9742 10412 9645 9653 9971 9500 9881 9808 9814 9466 10387 9954 9446 9645 9548 9513 9968 9796 9687 10407 9189 10084 10642 9529 9189 9961 9118 10171 10043 9664 9206 9808 9381 9529 9817 9937 9486 9950 9748 9395 10060 9340 9056 9693 9919 9820 10358 9997 10061 10113 9707 10487 9851 10155 9795 9217 10344 9686 10034 9727 9717 9733 9894 9742 9675 9832 9416 9290 9448 9851 9664 9655 9952 9993
9740 9767 9858 9906 9781 9418 10108 9052 10006 9229 9251 10704 10087 9256 9948 9435 10553 8945 9711 10407 9895 9189 9899 9806 9957 9355 9842 9919 9984 9569 10227 10766 9861 10267 9622 9619 10347 9581 9751 10079 9402 9565 9871 9381 10187 9713 9188 9454 9443 9412 10204 9974 10024 9408 9804 9934 10014 9636 9423 9603 9964 8921 9761 10539 9455 9700 9759 9768 9602 10175 10508 9285 9874 9385 9536 9142 10023 9684 9382 10453 9534 9571 9866 9882 9905 9344 9673 10164 9637 9579 10073 9123 9720 9354 10236 9322 10209 9885 9625 9924 9668 10186 9567 9912 10229 9423 10479 10016 9673 9929 9625 10070 10456 10155 9365 9606 9889 9337 9727 9967 9524 10003 10167 9990 9427 9748 9472 10233 9447 9576 9335 9482 9538 9987 10593 9762 9453 10028 9748 10051 9722 9448 10631 9541 9599 9830 10532 10397 9801 9086 9140 10579 9530 9514 9754 10678 9918 9710 10032 10802 9944 10280 9584 10134 9670 9682 9537 10397 9779 9469 9599 10108 9307 9758 10237 9444 9689 10139 10038 9836 10360 9915 9840 10382 9136 9674 10143 10106 10289 9922 9631 10099 10197 10540 9538 9797 9580 9554 9918 9001 9778 9423 10110 9566 10026 10242 9940 9408 9710 9394 9742 9778 9016 9857 9380 9526 9221 9751 9240 9307 9769 9985 9904 9225 10232 9599 9342 9579 9931 9998 9458 9298 9896 10098 9789 9985 10132 10342 10143 9494 10216 9673 9815 10545 8843 10434 10192 9637 9680 9730 9271 9693 10245 10038 9783 9957 9307 9039 9528 10324 9618 9768 9636 9212 9666 9729 9307 10266 9979 9462 8889 10238 10102 9736 10266 10438 9819 10030 9623 10265 9600 9518 9587 10048 9966 9387 10206 9588 9772 10013 9340 9983 9107 10300 10126 9958 9541 9768 9812 10432 9714 9444 10117 10090 9810 9461 9322 9744 9357 10072 9355 9803 9739 9979 9695 10376 10258 10234 9395 9279 10006 9658 9656 9874 9941 9986 9895 10022 10065 10039 10048 9207 10346 10006 9864 9744 10013 9849 9529 9787 9193 9950 10051 10016 9735 9826 9091 10428 10440 9678 9564 9850 9253 9905 10203 10021 9967 9671 9277 9857 9750 9997 9678 9835 9837 9930 9952 9590 9278 9833 10526 10260 10067 9780 9707 10112 9779 10186 9507 10336 9957 9064 10344 9155 9661 9964 9616 9935 9451 10013 9608 10192 9840 9322 9749 10272 9496 9788 9927 9876
10192 10465 9910 10342 10461 10374 10660 9535 10399 10014 9848 11372 10583 9900 10394 9907 11178 8968 10585 10878 10807 9584 10289 10448 10865 9973 10403 10570 10287 10212 10799 10976 10356 10561 10634 10316 10680 10354 10021 10587 9964 10358 10456 10714 10276 9903 9601 10400 10350 10186 10525 10139 10681 10061 10759 10365 10629 9940 9815 10202 10310 9655 10270 11257 10219 10139 10096 10192 10479 10731 10798 9714 10513 10353 10362 9717 10372 10027 10118 10583 10384 9912 10272 10732 10713 10452 10286 10631 10213 10480 10410 9628 9555 10087 10623 10155 10789 10067 9768 10474 10005 10549 10138 10691 10402 9866 10865 10438 10188 10328 9932 10427 10701 10624 10044 10023 10349 9877 10169 10630 9566 10189 10256 11093 9990 10116 9569 10679 10254 10761 10093 10033 9978 10532 10704 10094 10173 10517 10498 10230 9822 10027 10870 10049 10451 10273 11039 11082 10201 9798 9953 11325 10125 10227 9716 10934 10438 9972 10639 11139 10473 10465 9847 10630 10033 10042 10647 10411 10760 9816 10198 10889 9809 10454 10490 9916 10735 10446 10670 10469 10948 10502 10431 11129 9786 10267 10391 10664 10739 10486 9807 10252 10664 11247 9960 10284 10203 9549 10061 9412 10524 9881 10221 10332 10788 10731 10375 10400 10479 10372 10495 10689 9686 10344 9907 9999 10116 10335 9938 10399 10344 10377 10516 9071 10534 10438 9907 9887 10372 10463 10257 9695 10235 10565 10371 9991 10458 10690 10898 9919 10903 10060 10357 10976 10221 10288 10452 10370 10113 10152 10157 10202 10336 10327 10484 10520 10265 9804 9952 11143 10018 10240 9721 9500 10396 10520 9786 10334 10251 10451 9317 10802 10533 10196 10331 10713 10463 10146 10441 10610 9823 10133 10418 10676 10511 9578 10492 10081 10362 10202 10182 10470 9930 10676 10774 10413 10353 10096 10561 10637 10157 10090 10604 11017 10258 9992 9935 10263 10162 10478 9930 10370 10303 10136 10626 10596 11040 10723 10222 9670 10591 10085 10270 10215 10576 10646 10400 10536 10586 10444 10529 9718 10636 10467 10385 10176 10701 10402 10283 10512 10093 10363 10185 10492 10485 10916 9535 10701 10809 9945 9991 10196 9544 10589 10531 10066 9797 10131 9769 10223 10360 10308 10134 10465 10155 10261 10390 10348 9965 10345 10452 10889 10405 10462 10262 10238 10150 10737 10266 10827 10787 9927 10902 9675 10257 10047 10574 10517 10380 10550 10159 10607 10415 9938 9757 10629 9959 10395 10447 10551
9648 9995 10015 9956 9738 9551 10071 9179 9784 9649 9389 10539 9891 9502 9794 9245 9961 9058 9875 10345 9696 9425 9385 9912 10300 9550 9981 9569 9443 10059 10270 10429 9472 10252 10060 9715 10228 9970 9638 10072 9351 10081 9638 9741 10174 9336 9560 9690 9838 9842 10047 9743 10539 9493 9454 9810 10204 9303 9377 9638 9803 9341 9908 10562 9687 9688 9744 9587 9493 10230 10209 9299 10109 9608 9731 9787 10166 9906 9288 10020 9609 9455 10271 9694 9648 9489 9500 9860 9956 10025 9755 9470 9809 9503 9780 9624 10028 9683 9363 9838 9548 10052 9753 9492 10046 9655 10243 10063 9660 9966 9462 9992 10135 10402 9649 9683 9973 9606 9958 9592 9614 9906 10125 10575 9351 9366 9128 10132 9564 9942 9645 9073 9932 9719 10138 9933 9916 9556 9696 9937 9626 9791 10427 9248 10000 9592 10282 10199 9701 9312 9166 10384 9086 9867 9783 10481 10008 9388 10529 10647 10004 9965 9412 9720 9702 9411 10038 10251 10432 9487 9804 10228 9887 9517 10098 9423 9925 9886 10222 9773 10360 9939 9825 10677 10014 9511 9622 10189 10252 9753 9927 10205 9849 10078 9618 10005 9833 9380 9645 9131 10218 9055 9698 9748 9986 10258 9978 9966 9802 9942 10236 9975 9573 9639 9451 9331 9659 10150 9389 9548 10053 9900 9813 9302 10139 9510 9558 9524 9833 9597 10091 9847 9880 10240 10323 9478 10103 10084 10488 9978 9965 10020 9608 10653 9309 9364 10229 9637 9634 9594 9354 9705 9856 9942 9727 9283 9096 9525 9688 10502 9649 10144 9238 8855 9835 9990 9223 9855 9592 9619 9012 10283 9705 9789 9786 10447 9581 9871 9647 9918 9246 9545 9783 10295 10251 9645 9828 9474 10117 10011 9610 9822 9099 10386 10309 10083 9895 9600 10131 10468 9804 9840 10177 10411 9997 9440 9540 9932 9842 10161 9856 10271 9474 9405 9787 9724 10565 9824 9852 9387 9981 9935 9946 9835 9771 10305 9656 9935 9726 10064 9987 9261 10114 10104 9688 9501 10275 9694 9564 10030 9525 9806 9999 9842 10615 9907 9211 10041 10405 9938 9580 10057 9518 10011 10005 9778 9315 9837 9168 9417 10180 9872 9979 9708 9760 9884 10002 9708 9147 9937 9935 10241 10250 10011 10051 9728 9874 9850 9324 10599 10109 9258 10642 9101 10198 10090 9828 9852 9319 10125 9815 9997 9658 9479 8867 10122 9701 9831 9868 10283
10049 10204 9936 10271 10289 9886 10335 9996 9935 10222 9647 10933 9901 9580 9997 9346 10644 9275 10384 10608 10232 9615 9862 10011 10465 10345 10082 9918 9743 10335 10471 10847 10017 10340 10207 10078 10612 10099 10105 10812 9727 9987 9872 10285 10378 9834 9532 10261 10039 9556 10674 9622 10215 9436 10064 9940 10420 9756 9684 9663 10030 9772 9699 10585 9928 10165 10080 9902 10205 10144 10654 9854 10496 10070 10253 9745 9967 9484 9437 10388 9486 9769 10105 10050 10336 9934 10065 10098 10276 10008 9822 9547 10200 9653 10195 10201 10296 10301 9251 10209 9997 10159 9843 10153 10164 9740 10558 10636 10029 10613 9518 10619 10671 10502 9966 9897 10638 9882 9926 10066 9742 10199 10182 10559 9581 9440 9290 10269 9892 10396 10098 9746 9723 9856 10851 10435 10144 10285 10562 10234 9925 9681 10978 9739 10288 9993 10260 10910 10435 9716 9739 10899 9412 9792 10047 11015 10069 10418 10118 11051 10444 10072 9822 10207 10013 10137 10207 10485 10582 9619 9664 10326 9747 9931 10194 9684 10151 10647 10344 9999 10979 10186 10010 11154 9984 9488 10189 10462 10431 10223 9701 10302 10489 10628 9975 10011 10316 9215 9629 9228 9872 9770 10114 9916 10364 10721 9881 10054 10149 10003 10475 10335 9520 10004 9842 9834 9660 10210 9859 10134 10287 10188 10457 9409 10575 9640 9570 9685 9876 9618 10555 9945 10185 10048 10296 10402 10354 10427 10217 9976 10306 10413 10269 10339 9640 10083 10208 9915 9849 10374 10057 10105 10036 10259 10274 9946 10271 9947 10131 11026 9839 9885 9699 9630 9942 10021 9142 10447 9673 9853 9412 10569 9961 10492 10780 10618 10240 10017 9702 10359 9894 9989 10410 9886 10669 9421 10538 9872 10167 10073 9634 10014 9751 10623 10399 9999 9864 10139 10377 10265 9973 10108 10330 10874 10045 9796 9953 10339 9481 10435 9193 10014 10172 9679 10227 10165 10526 10398 9863 9843 10395 9725 9918 10616 10277 10484 9854 10230 10085 10206 10273 10159 10350 10478 9777 9736 10728 10171 10248 10405 9756 10164 10267 9903 10549 10363 9608 10050 10973 10038 9606 10677 9278 10513 10529 10016 10013 10167 9620 9910 10377 10035 10267 9957 9689 10365 10263 9519 9551 10029 10314 10398 10675 10001 10111 10245 10233 10236 9802 10589 10487 9539 10917 9766 9972 10099 9800 10093 9661 10680 9608 10105 9676 9647 9505 10292 9965 9896 10377 10556
9648 9602 9280 9248 9638 9885 9946 9080 9564 9440 9531 10282 9746 9577 9911 8960 9866 8567 9830 10388 9803 8968 9579 9894 9603 9315 9767 9903 9677 9431 9889 9962 9118 9827 9377 9203 9663 9466 9600 9750 9200 9683 10012 9284 9726 9088 9194 9267 9861 8913 9485 9210 9796 9271 9418 9614 9795 9156 9155 9520 9565 9310 9799 10244 9629 9054 9505 9402 9124 9640 10292 9227 9471 9433 9685 8785 9674 9361 9150 9814 9654 9418 9953 9642 9951 9245 9407 9588 9724 9652 9631 8896 9679 9016 9565 9039 9404 9418 9258 9836 9458 9572 9283 9737 9562 9562 9810 9872 9132 10108 9453 9645 9733 10211 9466 9546 9628 9198 9065 9591 8976 10104 9512 10065 8992 8940 9137 9830 9345 9868 9224 9157 9384 9711 10276 9750 9574 9916 9463 9636 9384 9442 10277 9427 9772 9327 9956 9713 9804 8974 9310 10246 9220 9662 9759 10214 9661 9361 9805 9977 9366 9475 9257 9949 9155 9542 9791 9955 9994 9464 9697 9769 9636 9559 10027 9094 9473 9806 9987 9641 10303 9789 9798 10055 9458 9645 9695 10251 10049 9447 9591 9234 9467 10090 9185 9678 9255 8755 9612 8848 9775 9010 9628 9243 9919 9908 9614 9734 9200 9885 10258 9918 9244 9125 9552 9174 9128 9659 9191 9805 10051 9839 9600 8813 10148 9257 9343 9634 9270 9501 9422 8733 9707 9826 9646 9359 9594 9783 10215 9103 9432 9353 9700 10118 9144 9619 9707 9561 9505 9633 9435 9536 9706 9484 9427 9316 9111 9441 9105 10211 9531 9209 9313 8989 9177 9835 9025 9726 9590 9167 8892 9823 9846 9597 9674 9790 9378 9068 9487 9706 8944 9400 9435 9460 9924 8689 9877 9528 9475 9568 9367 9785 9160 9891 10480 9784 9869 9434 9971 10038 9742 9552 9573 9954 9650 9444 9320 9818 9267 9742 8827 9619 9657 9288 9995 9521 10226 10063 9679 9603 9935 9559 9561 9625 9577 9751 9142 9876 9512 9154 10314 8953 10002 9410 9652 9014 9938 9311 9345 9238 9244 9964 9945 9467 10044 10145 9253 9744 10205 9501 9552 10045 9363 10127 9852 9680 8975 9972 9005 9161 9589 9885 9604 9795 9552 9335 9973 9436 8876 9779 9342 10299 9482 9753 9831 9321 9702 9792 9441 10299 9955 9185 10072 9097 10020 9661 9804 9854 9396 9701 9367 9946 9317 9054 9006 9735 9291 9517 9747 9999
9839 10214 9342 10001 10040 9777 10465 9088 10287 9967 9852 11273 10030 9728 10274 9163 10174 9089 10494 10901 9666 9347 10175 10006 10048 9526 10227 10023 9974 10125 10671 10338 9649 10606 10091 10364 10508 9618 9983 10135 9641 10222 10531 10602 10513 9617 9369 9787 9726 9721 10128 9615 10132 9685 9913 10656 10637 9941 9271 10167 9987 9405 10188 10785 9764 9532 10185 9862 9792 10180 10688 9415 10298 9894 10195 9526 9904 9797 9681 10060 10013 9937 10409 10445 10200 9560 9260 10190 10066 10014 10069 9408 9793 9565 10178 9220 9919 10015 9303 9944 9864 10326 10178 10061 10146 9256 10765 10318 10031 9905 9401 10414 10479 10416 9762 9980 10268 9834 9839 9916 9264 10059 10147 10734 9588 9722 9675 10199 9920 9841 10118 9700 10080 9738 10511 10423 9919 9902 9979 10456 9477 9534 10928 9806 10319 9807 10433 10466 10128 9982 9357 10973 9818 10111 9667 10710 10277 9605 10461 10743 9654 9771 9704 10217 9654 9767 10144 10228 10346 9506 9845 10335 9947 10149 10217 9537 10122 10281 9979 9703 10860 10249 10010 10765 9874 9875 10231 10163 10498 10050 9970 10099 9890 10753 9517 9882 9677 9705 9894 9257 9816 9447 10203 10190 10427 10482 10322 9996 9444 10110 10255 10211 9256 9690 9594 9547 9373 10217 9471 10074 10047 10252 10029 9172 10581 9612 9622 9652 9720 10104 9860 9583 10268 10039 10659 9843 10313 10409 10849 9689 10169 9605 10076 10843 9506 9999 10089 10067 9994 10372 10061 10130 10195 9724 10272 9756 10072 9861 9971 10838 9611 9918 9496 8824 9956 10183 9412 10200 9612 9892 9387 10074 9823 9759 10294 10323 10099 10023 9541 9891 9548 10036 9801 10274 10452 9372 10163 9952 10288 9572 9892 9810 9697 10665 10620 10440 9775 9449 9873 10671 10030 9983 10512 10534 9917 9499 9957 10436 9787 10114 9592 10128 9875 9741 10263 10271 10779 10225 10061 9573 9956 10035 9928 9778 10019 10237 9776 10434 9954 9734 10314 9612 10169 10113 10130 9602 10337 9830 10143 10339 9551 10205 10181 9846 10339 10671 9670 10119 10903 9716 9731 10392 9294 10517 10142 10328 9997 10226 9603 9692 10502 10067 9855 10101 10430 10458 9915 9871 9620 10038 10499 10459 10267 10532 9959 10293 9767 10125 9748 10284 10151 9772 10478 9743 10249 10056 10151 10067 9853 10781 9631 10448 9856 9458 9850 10056 9973 9883 10546 10287
9982 10377 10334 10219 10189 10208 10743 9848 10394 10176 9838 11067 10144 9660 10048 9364 10583 9182 10469 10487 10245 9600 9967 10246 10375 9812 10113 10194 10150 10324 10329 10505 10156 11099 10289 10424 10768 10160 10149 10450 9653 10253 10313 10018 10102 9456 9294 10304 10281 9980 10347 10034 10112 9767 10065 10494 10244 9946 9869 9822 10435 9589 10237 10907 10009 9601 10066 10053 10075 10097 10464 9973 10267 10019 10269 9731 9891 10002 9533 10531 10105 10022 10182 10241 10055 10108 9874 10271 10247 10342 10014 9507 10211 9598 10188 10050 10261 9902 9597 10409 9731 10335 9755 10899 10078 9691 10776 10147 10291 10092 10156 10348 10730 10475 10236 10116 9924 9950 10082 10335 9877 10212 10429 10242 9690 9793 9429 10258 10162 10274 9750 9812 9934 9867 10826 10597 10546 10517 10049 9988 9989 9747 10918 9772 10218 9809 10439 10692 10239 9818 9810 11048 9618 10517 9705 11032 10585 9692 10036 10892 10211 10120 9348 10438 9785 10027 10219 10438 10311 9780 10043 10703 9898 10141 10578 9977 9858 10453 10423 10130 10951 10272 9944 11031 9788 10161 10325 10427 10903 10014 9833 10398 10651 10768 10081 10536 10388 9827 10130 9438 10448 9276 9922 10184 10432 10750 10291 10112 9723 10304 10223 10547 9719 10267 9702 9796 9953 10629 10024 10134 10175 10215 10417 9817 10619 9946 10261 10215 10248 10098 9948 9877 10247 10288 10271 10028 10382 10672 10462 9936 10179 9605 10419 10707 9949 10350 10158 9963 10246 10552 9963 9956 10035 10345 10340 10212 9978 10326 10081 10906 9863 9939 10166 9682 10113 10547 9608 10128 10148 10137 9367 10197 10454 10116 10489 10598 10406 9945 10055 10420 9660 9781 9979 10000 10565 9707 10511 9678 10295 9950 10253 10076 9760 10673 10463 10040 9975 9874 10266 10567 10057 10276 10499 10469 10083 10118 9952 10224 10036 10591 9278 10289 10468 10352 10367 9900 10607 10138 10299 9818 10085 10183 10129 10373 10231 10314 9969 10638 9878 10043 10508 9699 10524 10476 10213 9893 10732 10155 9863 10030 10157 10446 10485 10133 10478 10841 9741 10447 10685 9795 9898 10595 9560 10593 10041 10236 9864 10045 9630 10097 10348 10344 9934 10222 9965 9971 10134 9794 9442 9762 10396 10796 10367 10038 10579 10008 10277 10313 10015 10331 10421 10196 10612 10000 10300 9913 10209 10248 10101 10817 10291 10326 10342 9612 10550 10628 10367 10058 10267 10228
9974 10223 10157 10053 9915 9984 10649 9803 9774 9837 9812 11233 10029 10038 9964 9118 10309 9198 9968 10447 10071 9621 9792 10166 10529 9984 9878 10268 10028 9970 10831 10624 10303 10609 10086 9805 10287 10033 10618 10203 9827 10048 10214 10266 10125 9337 9721 10180 10288 9987 10550 9989 10579 9646 9816 10101 10359 9498 9898 10037 10107 9616 10327 10667 9583 10130 10292 9933 10417 10165 10421 9889 10145 9801 10416 9802 9942 9834 9547 10047 9782 9933 10145 10482 10529 9647 9799 10738 9753 10026 9899 9617 10113 10016 10065 9652 10424 10411 10002 10319 9715 10224 9932 10667 10686 9573 10637 10097 10091 10450 9859 10209 10518 10215 9607 9817 10076 10007 10156 10342 9747 10246 10361 10715 9973 9630 9719 10165 9864 9850 9813 9944 9770 10016 10671 10326 10298 10225 10248 10198 9650 9972 10585 9534 10397 9500 10663 10468 9872 9927 9922 10755 9841 9913 9758 11015 10318 9809 10293 10868 10275 9984 9798 9860 9693 10060 10257 10423 10657 9758 10370 10275 10249 9584 10630 9810 9663 10053 10025 10287 10989 10263 9807 10653 9581 10010 10409 10977 10778 10007 9770 10316 9973 10389 9924 10122 9941 9299 10234 9417 10261 9492 9591 9980 10573 10385 9917 10221 9704 10629 10595 10539 9788 10117 9905 9793 10052 10523 9924 10312 9959 10077 10152 9287 10171 9870 9833 9568 10096 9927 9945 9566 10014 10129 10528 9574 10155 10232 10749 9850 10263 9994 9897 10652 10017 10230 10269 9938 10120 10325 10102 9988 9899 10353 10305 9841 9953 9724 10004 10682 10064 9861 10078 9277 10225 10403 9833 10122 9976 10276 9367 10435 10240 10278 10302 10545 9817 10131 9812 10180 9571 9948 9951 9973 10286 9343 10300 9616 9871 10038 10239 10414 9415 10572 10677 10131 9993 9616 9900 10599 9957 10132 10626 10518 9947 9845 9639 10105 10267 10469 9435 9967 9996 9937 10076 10005 10587 10300 10219 9312 10500 10108 10137 10289 10009 11081 10254 10479 10174 9886 10297 9623 10324 10585 10176 9726 10833 9899 9801 10251 9921 10611 10397 10128 10432 10340 9736 10178 10911 9840 9633 10471 9599 10442 9880 10022 9851 10070 9655 10089 10119 10428 9747 10005 9996 9930 10185 9716 9550 10261 10294 10373 10408 10548 10010 9935 10215 10647 9756 10709 10413 9761 10283 10227 10720 10038 10223 10049 9740 10278 10135 9952 9860 9879 9573 10359 9722 10189 10367 10422
10328 10133 10010 10147 9673 10149 10576 9467 10274 9862 9797 11388 9827 9885 10466 9504 10391 9282 10314 10452 10364 9733 10144 10155 10071 10257 10251 9694 10226 10178 10642 10531 9688 10767 10498 10354 10332 10236 10283 10532 9538 10067 10378 10212 10263 9429 9945 10159 10249 9966 10583 9855 10077 9703 10153 10167 10641 9553 9888 9663 10281 9798 10150 10580 9836 9658 10043 9800 10147 10357 10942 9540 10022 9946 10336 9970 10249 9735 9631 10343 9726 9983 10095 9940 10692 9826 10029 10621 10365 10221 9760 9570 9584 9559 10162 9609 9946 10283 9655 9825 10125 9859 9562 10472 10344 9882 10626 10256 10083 10706 9792 10348 10815 10587 9702 10240 10281 9686 10074 10143 9738 9995 10004 11017 9893 9758 9693 10329 9933 10344 9879 9844 9700 9777 10619 10127 9850 10432 9905 10162 10021 9796 10592 9737 10223 9879 10557 10558 10208 9614 9896 10795 9460 10130 10029 10993 10040 9935 10321 11162 10053 9952 9821 10281 9788 9882 10163 10490 10543 9833 10268 10442 9911 9739 10614 9586 10312 10374 10390 9758 10623 10229 9929 11138 9583 10275 10357 10771 10176 9840 9907 10044 10321 10577 9746 9586 10069 9486 9585 9342 10435 9655 9952 9964 10799 10116 10378 10275 9957 10104 10805 10156 9453 9789 9959 9718 9663 10304 9928 10101 9845 10354 9923 9709 10533 10370 9640 10222 9871 9616 10240 9545 10029 10145 10288 9646 10507 10263 10570 9467 10720 10070 10216 10647 9783 10389 10246 10105 10353 10245 9880 9962 10355 10454 9924 10212 9827 9983 10041 10900 9948 9739 9471 9510 9968 10061 9581 10291 9987 10067 9157 10153 10334 9962 10526 10628 10138 10149 9882 9927 9447 10108 9991 10431 10065 9255 10544 10060 10152 10111 9854 10265 9457 10169 10891 9703 10037 9875 10328 10450 10176 9900 10360 10814 9955 9731 9521 9852 9858 10375 9487 9900 10143 10019 10332 10110 10732 10410 10109 9525 10671 9768 9762 9838 9898 10629 10069 10086 10042 9855 10188 10109 10492 10368 10106 9746 10534 10068 9967 10006 9801 10234 10362 10044 10159 10591 9750 10149 10695 9794 9467 10011 9743 10922 10037 10248 9954 9932 9965 9904 10534 10361 9868 10160 10132 9997 10318 10006 9326 10069 10214 10657 10557 10331 10306 10193 10069 10726 9834 10752 10174 9717 11019 9885 10487 10277 10558 10189 9803 10582 10184 10362 10144 9418 9852 10530 9755 9860 10717 10870
9809 10065 9519 9844 9872 10237 10002 9209 10170 9662 9480 10803 9928 9329 9983 8807 9842 9444 10154 10734 9802 9281 9877 9979 10132 9414 9877 9588 9999 10207 10264 10643 9382 10373 10006 9938 10192 9873 9813 10386 9670 9982 9987 9547 10107 9828 9548 9971 9698 9454 9998 9898 10195 9092 9961 9996 10300 9815 9234 9598 9710 9290 9776 10298 9329 9481 9873 9722 9978 10353 10557 9747 9907 9741 9369 9582 9602 9841 9166 10097 9869 10183 9797 9814 10114 9325 9776 9996 9736 9913 9828 9438 9844 9088 10013 9625 9679 10147 9242 9864 9377 10073 9795 10186 10221 9295 10388 10182 10002 9939 9377 9837 10508 10298 9731 9899 9929 9658 10017 10214 9018 9417 10105 10310 9364 9404 9331 10547 9625 9726 9731 9664 9813 9846 10560 9971 9486 10247 10096 9945 9629 9604 10560 9639 9702 9588 9922 10379 9954 9371 9188 10806 9184 9662 9709 10410 9723 9529 9806 10447 9753 9443 9759 10274 9809 9458 9887 10277 10198 9504 9959 10315 9877 9672 10209 9338 9844 10272 10005 9685 10914 9909 9967 10793 9692 9682 10157 10424 10053 9869 9705 9585 9924 10355 9427 10134 9665 9545 9762 9107 10167 9266 9460 9959 10242 10379 10030 9871 9517 9787 10365 9781 9401 9898 9629 9826 9288 10423 9363 9912 9741 10019 9874 9321 9988 9216 9390 10039 9992 9709 9660 9186 9764 10394 10185 9532 10543 10130 10377 9424 9703 9763 10173 10589 9536 10103 9873 9785 9515 9851 9797 9875 9979 9894 9979 9330 9839 9299 10159 10593 9452 10245 9967 9210 9650 9582 9070 9858 9649 9534 9171 9746 10424 9729 10199 10529 9968 9610 9545 10033 9276 9799 10017 9940 10073 9302 10125 9039 9766 9834 9879 9990 9105 9985 10418 10184 10197 9461 9979 10398 10010 9972 10672 10716 9956 9327 9354 9943 9655 10203 9468 9887 9634 9633 10170 10065 10863 10060 9470 9695 10186 10052 9860 9681 10096 10390 9496 10358 10330 9744 9836 9726 10108 9821 9847 9812 10649 9758 9338 9878 9452 9735 10105 9765 10048 10169 9748 9895 10410 9760 9734 9965 9434 10311 9800 10036 9882 9379 9591 9561 9882 10250 9937 9589 9812 9624 9770 9610 9339 9564 10260 10165 10070 9701 9786 10126 9847 9898 9727 10418 9873 9407 10516 9419 10042 9922 9893 9948 9391 10304 9852 9693 9702 9218 9422 10081 9580 10019 10491 10094
9934 10391 10393 10023 9892 10431 10529 9621 10190 10460 9902 10851 10374 9895 10562 9798 10587 9221 10907 10658 10239 9468 10032 10029 10639 10360 10059 10219 10113 10425 10933 10943 10067 10869 9950 10205 10650 10299 10110 10565 9678 10157 10487 10054 10372 9819 10186 10279 10241 9648 10543 10149 10741 10269 10435 9888 10411 10092 10144 10124 10064 9697 10433 10978 9997 10128 10362 10078 10446 10417 10726 9959 10427 10240 10208 9828 10226 9937 9543 10625 9962 10104 10724 10303 10530 10279 10187 10263 10399 10224 10231 9960 10117 9915 10632 10099 10423 10570 10009 10351 9789 10114 9793 10468 10336 9725 10598 10448 10159 10600 9898 10472 10550 10556 9935 10301 10216 9793 10241 10476 9888 10190 10079 10694 10161 9682 9976 10361 10189 10512 10144 9918 10003 10346 10991 10481 10325 10853 10174 10327 9940 10056 10886 10015 10533 10010 10596 10801 10218 9668 9750 11162 9903 10215 10390 11011 10232 9998 10137 11072 10459 10566 9873 10485 9832 10080 10228 10667 10650 10475 10132 10639 10030 10218 10962 9872 10609 10380 10384 10218 11100 10184 10063 11262 9995 10056 10378 10710 10957 10602 10339 10396 10364 10667 9583 10345 10058 9725 10104 9426 10568 9947 9911 10070 10507 10625 9903 10342 10340 10112 10759 10530 9877 10381 10484 9824 9688 10282 9987 10168 10060 10485 9899 9923 10777 9948 10099 9826 10823 9949 10145 10129 10474 10835 10753 10283 10683 10505 10379 10116 10282 10094 10422 10978 9914 10420 10528 9959 10437 9808 10294 10362 9668 10020 10550 9811 9843 10119 9657 11041 9690 10040 10077 9845 10367 10429 9360 10472 10170 9876 9676 10326 10335 10329 10339 10826 9956 10068 10184 10554 9986 10199 10081 10821 10432 9415 10501 10285 10080 9948 10200 10158 9502 10954 10601 10395 10062 9880 10503 10559 10346 10106 10329 10983 10156 9863 9931 10138 10074 10359 9497 10250 10100 10216 10536 9962 10989 10589 10221 10241 10707 9937 10409 10152 10169 10271 10436 10851 10503 10251 10641 9920 10792 10540 10331 9910 10785 10187 10057 9864 10322 10468 10722 10231 10549 10752 9766 10296 10678 9962 9828 10445 9626 10819 10338 10306 9606 10245 9901 10623 10182 10256 9776 10637 10112 10037 10692 10163 9868 10229 10644 10835 10548 10102 10540 10398 10201 10509 10518 10955 10578 9700 10974 9836 10912 10124 10396 10472 10359 10425 9716 10142 10183 9602 9812 10590 9867 10224 10485 10972
9744 9766 9770 9785 9879 9976 10177 9161 10164 9566 9638 10631 9671 9421 10192 9032 10308 8895 10187 10167 9921 9000 9528 9804 10318 9694 9732 9460 9708 9817 9991 10326 9511 10508 9853 9865 9885 9715 10074 10041 9876 9614 9668 9586 9936 9592 8961 9417 9861 9823 9928 9808 10275 9450 9737 9953 9869 9268 9346 9308 9855 9482 9801 10434 9561 9379 9464 9632 9679 10067 10528 9600 9828 9545 10008 9347 10124 9311 9540 10316 9710 9682 10074 10036 9927 9798 10087 10033 9947 10014 9845 9167 9875 9360 10094 9579 9958 10057 9307 9845 9690 9788 9260 10314 10247 9471 9986 10386 9750 10080 9247 9623 10243 10526 9973 9787 9784 9503 9796 10052 9284 9929 9701 10611 9392 9681 9355 9790 9415 10012 9663 9759 8989 9647 10454 10004 9816 10056 9751 9736 9915 9375 10523 9429 10199 10132 10112 10398 9724 9237 9689 10505 9181 9881 9630 10766 9846 9806 10009 10278 9822 10062 9617 10063 9587 9592 9698 10006 10209 9270 9819 9858 9800 9680 9768 9586 9920 10383 10158 10065 10394 10299 9718 10951 9326 9103 10223 10122 10082 10314 9201 10048 9480 10045 9697 10087 9607 9551 9897 9198 10414 9648 9740 9641 10044 10429 9867 9365 9438 10047 10295 10089 9160 9687 9679 9636 9445 9655 9715 9616 9832 10272 10006 9059 10196 9533 9511 9461 9593 9851 10013 10009 9919 9933 9810 9845 9840 10398 10158 9844 10236 9845 9877 10263 9405 9964 10297 9782 9635 9397 9598 9952 9949 9766 10205 9898 9432 9246 9926 10802 9626 9809 9566 9203 9960 9922 9004 9895 9671 9581 8958 10096 10052 9794 10220 10185 9863 9693 9551 10062 9708 9451 9811 10064 10059 9280 10127 9355 9841 9316 9418 9694 9077 10460 9986 9822 10197 9704 10083 9870 9745 9781 9980 9994 9951 9205 9457 9821 9951 10217 9188 9644 9563 9684 10259 9865 10376 10268 9504 9329 10011 9713 9918 9727 10075 9687 9890 10169 9979 9932 10064 9670 10131 9941 9473 9554 10144 9894 9718 9740 9735 9875 9650 9664 10118 10436 8981 9767 10453 9662 9635 10292 9370 10075 10217 9781 9354 9530 9368 9843 9743 9336 9484 9836 9941 9739 9793 9680 9246 9690 9964 9980 10231 9561 10232 9692 10038 10167 9855 9932 9869 9062 10307 9459 10125 9956 9950 10053 9489 10129 9836 9892 9761 9743 9545 9950 9613 9894 9813 10276
9973 9808 9467 9362 9726 9661 10172 9052 9410 9830 9227 10689 9851 8956 10092 8880 10099 8534 10172 10593 10222 9255 9690 9886 9973 9769 9515 9404 9752 9982 10152 10095 9577 10340 9962 9696 10588 9537 9673 9979 9685 9820 9665 9547 10012 9443 9345 9624 9731 9158 10308 9726 9951 9395 9261 9811 10229 9322 9451 9439 9818 9040 9996 10450 9687 9382 10263 9495 9467 9916 10280 9414 9608 9127 9415 9560 9673 9584 9226 9636 9790 9596 10324 10090 9789 9579 9579 10110 9920 9468 9125 9100 9941 9660 9604 9040 9936 9840 9314 10070 9857 9929 9656 9803 9988 9635 10092 9809 9948 9982 9190 10296 10315 10585 9653 9496 10185 9158 9276 9556 8953 9399 9528 10258 9164 9616 9110 10055 9157 9890 9593 9442 9671 9510 10450 9662 9990 9711 9662 9631 9682 9216 10810 9207 9788 9502 10079 10645 9771 9360 9743 10122 9004 9983 9645 10213 10186 9478 10121 10540 9806 9840 9327 9859 9198 9770 9542 10081 10265 9489 9649 10431 9460 9730 10363 9254 9775 9936 9785 10008 11087 9696 9923 10552 9362 9303 10112 10209 10015 9586 9405 10103 9707 9936 9195 9935 9483 9423 10081 9351 9886 9427 9659 9783 10102 10143 9742 9454 9734 9498 9785 10254 9098 9645 9363 9412 9576 10089 9759 9729 9833 9941 9652 9313 10269 9649 9859 9403 9971 9987 9274 9230 9420 10157 10145 9727 9979 10209 10099 9417 10111 9638 9913 10536 9295 9723 10028 9803 9678 9887 9576 9821 9764 9441 9900 9967 9285 9610 9476 10446 9687 9715 9765 8917 9563 10152 9172 9832 9413 9985 9072 10239 9744 10223 10146 10124 9924 9869 9754 9946 9449 9977 9407 9991 10391 9076 9616 9202 9781 9979 9411 10037 9110 10083 10018 9741 9543 9550 9802 10314 9518 9650 10014 10090 9734 9323 9205 10279 9667 10314 9072 9609 9603 9612 10294 10240 10040 10099 9483 9026 10049 9794 10084 10088 10124 9746 9804 10110 10289 9836 10069 9271 9938 9876 9652 9520 10106 9704 9706 9553 9474 10266 10172 9945 10001 9962 8888 10312 10329 9591 9411 10243 8989 10184 9780 9493 9631 10025 9425 9777 9718 9931 9426 10171 9932 9645 9736 9406 9213 9509 10047 10304 10419 9591 9613 9809 9477 9753 9917 10059 9743 9570 10366 9321 9892 9677 9546 10218 9458 10122 9289 10226 9460 9716 9109 10091 9667 9638 9741 9834
9357 10143 9724 9917 9723 9745 10214 9044 9787 9865 9592 11118 10435 9610 10012 9016 10258 8926 10114 10422 9742 9420 9626 10025 10382 9766 9761 9723 9845 9679 10262 10138 9711 10424 9667 10072 10360 9715 9959 9783 9783 9917 9742 9720 10191 9557 9163 9574 9960 8958 9932 9544 10218 9616 9621 9583 10637 10039 9448 9998 10111 9218 10047 10437 9818 9704 10016 10142 9823 9749 10437 9885 10126 9704 9973 9459 9711 9737 9140 10403 10081 9562 10285 9737 10148 9501 9684 10188 10197 9706 9770 9048 9829 10146 10067 9634 10149 9474 9303 9791 9633 10143 9542 9956 9819 9813 10163 10135 9626 10257 9477 10134 10343 10340 9253 9769 9662 9203 9901 10158 8989 9951 9762 10599 9938 9207 9213 10348 9927 9976 9524 9739 9597 9780 10806 10082 10196 10030 9616 9631 9763 9461 10526 9322 9895 9669 9977 10195 10128 9644 9417 10544 9852 9944 9838 10521 9964 9705 9992 10348 9897 9705 9509 9922 9645 9712 10147 10247 9890 9773 9828 10043 9775 9630 10666 9470 9773 10225 10022 9601 10553 9756 9905 10632 9517 9885 9866 10406 10341 9850 9430 9799 9261 10546 9312 9868 9440 8923 9800 9125 10063 9591 9935 9710 10491 10686 9658 9834 9302 9583 10089 10208 9539 9807 9360 9504 9749 10109 9348 9727 9917 10158 9849 9210 10026 9733 9777 9664 10138 9506 9961 9597 10033 10064 10299 9723 10208 10359 10409 9544 10123 9503 9737 10725 9239 9629 9638 9484 9779 10020 9702 9843 9799 10134 9861 9649 9672 9464 9780 10779 9920 9711 9874 9178 9627 9761 9447 10159 9956 9706 9245 9875 10555 9886 10117 10013 9636 9717 9474 9916 9290 9823 9930 10179 10632 9195 10213 9642 9609 10231 9811 9997 9130 10148 10321 10232 9892 9552 10298 10183 9679 9791 9789 10366 9647 9500 9494 9904 9780 10296 9514 10165 10391 9804 10104 10034 10344 10028 9878 9566 9880 9800 9506 10080 9633 10073 9686 10179 9909 9695 10488 9354 10127 9927 10018 9431 10530 9876 9843 9557 9503 10348 9917 9817 9664 10469 9082 9547 10303 9475 9546 9783 9017 10353 10061 9761 9519 9577 9463 9754 10081 10032 9405 10094 10111 10139 10099 9683 9623 9599 9932 10223 10184 9607 9829 10124 9933 10046 9565 10092 10055 9926 10141 9346 10215 9816 9644 9871 9621 9927 9842 10492 9588 9363 9734 10038 9772 10048 10190 10113
9413 9725 9805 9522 9347 9172 10144 8961 9442 9390 9559 10241 9406 9425 9427 8617 9854 8985 9853 9953 9256 8763 9363 9415 9320 9454 9272 9686 9961 9438 9707 9521 9509 10209 9522 9539 10031 9128 9102 9813 9315 9818 9835 9261 9628 8708 9142 9571 9411 8659 9958 9468 9376 8719 9508 9439 9604 9334 8989 9232 9592 8937 9266 9973 9607 8811 9361 9223 9858 9755 9942 9138 9412 9177 9355 9451 9670 9411 9070 9467 9326 9559 9917 9338 9731 9141 8992 9664 9411 9503 9663 8581 9536 9314 9283 9288 9706 9550 9020 9545 9297 9763 9037 9395 9440 9598 9874 9662 9622 9912 9519 9887 10327 10299 9142 9205 9527 8935 9300 9376 9185 9483 9419 10207 9209 8710 8741 9673 9574 9954 9506 8903 9183 9597 10327 9592 9569 9729 9492 9644 9372 9154 9949 9149 9367 9387 9569 10056 9970 8852 9201 10403 8865 9306 9380 10339 9714 9177 9767 10020 9119 9528 8779 9925 9445 9030 9480 9426 9579 9105 9411 9849 9148 9441 9749 8849 9652 9855 9966 9097 9863 9613 9628 9996 8945 9187 9740 10136 9793 8968 9146 9722 9942 10034 9303 9140 9424 8676 9161 8775 9917 9213 8996 9611 10158 10002 9445 9645 9787 9573 10013 9825 9357 9244 9077 9051 9283 9550 9300 9722 9489 9708 9668 8958 10238 9351 9230 9587 9308 9079 9386 9322 8957 9368 9737 9359 9964 9844 10064 9176 9476 9338 9630 9945 8733 9328 9657 9258 9312 9636 9252 9650 9576 9730 9230 9466 9048 9055 9432 10155 9233 9217 9194 8672 9198 9281 8835 9637 9270 9287 8964 9829 9535 9590 10330 9909 9775 8907 9143 9622 8909 9701 9464 9636 9764 8892 9668 9058 9355 9559 9574 9361 8640 9794 9886 9432 9416 9383 9851 9867 9383 9411 9715 10400 9740 9232 9232 9389 9371 9489 9160 9548 9523 9594 9888 9225 10123 9796 9681 9212 9371 9261 9277 9310 9451 9566 9500 9556 9275 9355 9906 9083 9782 9255 9250 9548 9802 9502 9354 9447 9234 9673 9600 9850 10130 9785 9048 9729 9928 9184 8978 9835 8814 9958 9438 9119 9243 9335 8801 9027 9288 9807 9355 9476 9393 9765 9874 8892 8792 9481 9709 9705 9803 9644 9752 9410 9668 9822 9014 9754 9435 9263 10092 9353 9694 9581 9103 9491 9412 9545 9465 9544 9134 9139 9132 9635 9126 9523 10093 9742
10011 10162 9908 10291 9926 10042 10750 9638 10205 9994 9840 11393 10099 10138 10348 9213 10626 9313 10464 10594 10297 9613 9810 10065 10471 9937 10047 10165 10267 10051 10376 10814 9702 10694 10178 9924 10615 9894 9752 10306 9623 9754 9582 10077 11039 9535 9604 10162 10195 9482 10408 9847 10415 9670 9771 9665 10179 10071 9684 9879 10301 9599 10364 10959 10285 9946 10542 9812 10081 10385 11026 10057 10647 9880 10211 9900 10406 9991 9300 10036 10011 10056 9830 10125 10304 9707 9890 10110 10255 9992 9793 9314 9710 9553 10059 10090 10292 9952 10024 10077 9993 10413 9476 10451 9908 9696 10684 9932 10052 10582 9731 10219 10541 10618 10425 9649 10310 10096 10179 10099 9869 10139 10129 10496 9882 9460 9486 10477 9816 10224 9740 9806 9605 9967 10996 10257 10249 10277 10018 10345 10030 9581 10413 9576 10369 10002 10533 10468 10099 9318 9867 11056 9620 9994 10092 10849 10056 9939 10452 10796 9826 10293 9682 10146 9969 9834 10074 10721 10439 9892 10032 10315 9685 9986 10497 9522 10278 10181 11080 9888 10732 10248 10426 10931 9634 9776 10228 10388 10579 10213 10001 10251 10287 10619 9637 9768 10240 9506 9925 9267 10464 9532 10121 9967 10807 10527 10090 9962 10182 10116 10705 10573 9770 10163 9994 10060 9679 10279 10102 9949 9791 10454 10476 9236 10649 9757 9837 9769 10015 10114 10290 9613 9949 10306 10693 9908 10125 10234 9779 9904 10046 10060 10259 10378 9652 10352 9962 9694 9822 10059 9901 9807 9772 10160 10084 9908 9918 10110 9865 10751 9669 9895 9974 9405 9871 10111 9478 10351 9910 10099 9449 10424 9913 10178 9997 10340 9946 10033 9980 10268 9593 10239 10223 10595 10466 9474 10293 10016 10288 10188 9869 10340 9406 10688 10675 9929 10174 10171 10205 10581 10091 10369 10274 11052 10072 9671 9905 10234 9491 10100 9628 10367 10115 9707 10227 10209 11078 10398 9818 9712 10451 9338 9964 10168 10152 10203 9756 10276 9838 9909 10643 9473 10049 10447 9957 9720 10499 9954 9791 9856 10375 10321 10044 10555 10209 9958 9499 10400 11036 9790 9535 10531 9577 10473 10210 9997 10006 10145 9498 9270 10353 10232 10210 10186 10229 10392 10388 9844 9578 10106 10276 10455 10436 10183 10178 10477 10289 10445 10129 10514 10336 9882 10486 9731 10037 9981 10019 10417 9940 10270 9855 10269 9845 9351 9952 10120 9858 9847 10234 10351
9329 9947 9575 9989 9541 9704 10060 9268 10104 9835 9072 10599 10030 9434 10046 8791 10202 8935 10326 10167 9783 9428 9620 9820 10189 9493 9735 9811 9888 10291 10617 10329 9669 10178 10154 9977 10300 9720 9981 10305 9570 9572 9917 9843 9928 9790 9263 9540 9814 9272 10033 9768 9541 8955 10162 9747 10317 9727 9490 9406 9464 9142 9983 10567 9647 9639 9720 9550 9982 10391 10570 9239 9908 9476 9626 9728 9646 9401 9283 10009 9848 9242 9881 10484 10360 9568 9620 10343 9930 10205 9677 9443 9675 9360 9701 9605 9818 9352 9586 9621 9622 9561 9481 9835 9542 9526 10463 10131 9610 10150 9624 9872 10262 10052 10135 9675 9750 9621 9551 9938 9168 9360 9906 10428 9437 9499 9477 9891 9869 9823 9775 9634 9316 9874 10618 10156 9823 10064 9848 9892 9641 9402 10651 9494 9950 9789 10169 10417 10130 9314 9695 10575 9583 9752 9452 10600 9851 9569 9728 10311 10060 9704 9491 9746 9382 10023 9841 9757 10340 9047 9834 10034 9422 9290 10260 9440 9331 9935 10205 9894 10322 9810 9925 10532 9432 9752 9765 9989 10109 9465 9338 9981 10170 10366 9547 9625 9707 8878 10028 9261 9933 9676 9789 9779 10498 10199 9878 9901 9988 9813 10241 9807 9430 9735 9251 9122 9690 10002 9943 9697 9789 9863 10106 9182 10176 9765 9535 9397 9699 9713 9734 9369 10246 10030 10014 9631 10382 10378 10420 9444 10072 9437 9950 10445 9412 9627 9890 9383 9664 10104 9209 9541 9837 10090 9807 9531 9847 9676 9470 10798 9346 9399 9551 9424 9563 10143 9353 10006 9668 9518 9178 10248 9976 9783 10200 10240 10031 9610 9452 10102 9370 9745 9665 10083 10417 9190 10111 9608 9619 9707 9848 9993 9460 9858 10453 9754 9892 9845 9795 10535 9908 9606 10333 10822 9648 9313 9331 10063 9558 10282 9133 9683 10120 9415 10144 9593 10113 10090 9743 9332 10106 9695 9724 9816 9753 10313 9672 10304 9893 9802 10341 9638 9930 10006 9590 9363 10518 10134 9476 9936 9712 9789 9765 10094 10178 10542 9181 9847 10214 9474 9490 9720 9077 10395 9742 9900 9640 9645 9434 9439 10116 9718 9376 9768 9416 9575 9873 9795 9291 9466 10154 10403 10450 9802 9698 9815 9304 10085 9802 10148 10259 9984 10497 9560 9993 9887 9928 10097 9556 10223 10014 10037 9689 9579 9709 10055 9379 9289 9730 9836
9912 9954 9812 10004 10004 9921 10818 9863 10097 10058 9655 11043 9906 9684 10336 9770 10613 9182 10466 10517 10091 9621 9690 10240 10848 10032 10169 10696 9658 10319 10575 10652 10177 10868 10014 10027 10536 9992 10160 10321 9420 9844 9818 9997 10232 9735 9466 10121 10611 9862 10202 9924 10199 9555 10222 10060 10365 9995 9582 10090 10158 9622 10162 10834 9770 10062 9900 9873 10195 9968 10572 9672 10097 10142 10176 9893 10100 9623 9478 10132 9823 9991 10083 10252 10014 9796 10042 10509 10180 10296 9725 9516 9785 9429 10362 9975 10403 9862 9551 10341 9669 10157 9335 10556 9941 9938 10716 10133 10288 10263 9603 10236 10522 10415 9755 9920 10246 9945 9919 9937 9685 10029 9813 10746 9709 9448 9602 10196 10289 10217 9803 9919 9775 9906 10582 10116 10094 10556 10263 10145 9803 9724 10939 9510 10400 9701 10557 11072 10116 9864 9843 10598 9698 9995 9797 10962 9923 10111 9879 10984 10083 10075 9643 10258 9919 9982 10220 10154 10377 9785 9873 10469 10071 9699 10200 9709 9965 10638 10341 10209 10909 10066 10000 10918 9615 9029 10574 10698 10719 9877 9921 9983 10318 10848 9741 10427 9776 9316 10130 9379 10266 9396 9925 9899 10106 10835 10265 10401 9743 10189 10128 10366 9069 10112 9296 9760 9979 10285 10104 10170 10109 10026 10240 9574 10563 9710 9825 9865 10053 10260 10303 9649 10253 10194 10670 10194 10149 10331 10303 9925 10413 9726 10422 10299 9628 10378 10072 9896 10052 10260 10070 9787 9807 10035 10463 10227 10033 9714 9770 10811 9759 9889 9752 9813 9933 9805 9157 10430 10382 10075 9373 10005 10128 10003 10140 10313 10258 9887 10039 10485 9613 9636 10332 10298 10186 9309 10535 9578 10185 10067 9656 10132 9250 10464 10542 9901 10017 10283 10336 9891 9858 10328 10300 10306 9683 9576 9956 9877 9678 10744 9459 9845 10481 10059 10362 10209 10656 10469 10030 9604 10192 9615 10047 10296 10159 10344 9863 10067 10020 10205 10431 9876 10355 10482 9797 9893 10770 9925 10093 9995 9679 10083 10063 10268 10083 10689 9275 10315 10598 9832 9761 10478 9270 10408 10003 9930 9982 10168 9783 10075 10273 9872 9740 10001 10280 10150 10355 9946 9289 9699 10219 10349 10411 10643 10310 10066 10221 10784 9603 10605 10115 9903 10350 9748 10343 10023 10071 10409 9844 9979 9876 10669 10219 10009 10011 9797 9741 9580 10318 10108
9693 9875 9624 9612 9746 9478 9940 9162 9761 9381 9399 10699 9927 9304 9715 8785 10065 9083 9933 9838 9700 9077 9398 9687 10310 9649 9952 9897 9723 9644 9826 9802 9262 9960 9553 9839 10358 9326 9785 9916 9113 9773 9626 9736 9917 9487 9166 9480 9369 9126 9936 9503 9638 9167 9739 9808 10044 9429 9325 9335 9744 9064 9492 10349 9441 9330 9778 9608 9718 9601 10208 9619 9819 9572 9604 9695 9428 9267 8723 9973 9623 9426 9889 9970 9745 9359 9383 9990 9865 9535 9413 9052 9697 9668 10157 9177 9909 9619 9299 9415 9283 9757 9446 10016 9533 9457 10116 10174 9869 9787 8909 9761 10021 9682 9311 9735 9723 9502 9341 10149 8941 9863 9765 9739 9546 9501 9403 10198 9466 9617 9621 9098 9466 9917 10083 9869 10298 9958 9441 9444 9637 9320 10597 9263 9903 9295 10264 10436 9844 9391 9156 10710 9146 9865 9678 10476 9320 9241 9610 10073 9836 9491 9512 9956 9482 9375 9597 9736 10195 9676 9495 9843 9874 9523 10220 9058 10009 10044 9849 9976 10720 9446 9772 10601 9353 9798 10045 10381 10440 9925 9419 9815 9878 10159 9762 9823 9275 9234 9994 8971 9493 9472 9657 9930 9904 10229 9453 9301 9269 9642 9855 9825 9156 9372 9316 9397 9385 10314 9455 9845 9434 9718 9597 9009 10122 9713 9396 9773 9865 9367 9475 9440 9938 10391 9907 9840 9779 10091 10049 9163 9625 9546 9736 10018 9234 9450 9922 9881 9783 10179 9794 9645 9821 9820 9651 9373 9616 9511 9762 10286 9405 9540 9630 9171 9423 9514 9443 9817 9768 9630 8786 10105 9944 10085 10619 10414 9629 9368 9415 9946 9058 9544 9431 9956 10216 9232 9778 9254 9353 9829 9549 9992 9356 10053 9847 9752 9259 9603 9884 10429 9713 9767 10119 10210 9855 9241 9233 9978 9351 9639 8727 9765 9925 9526 10117 9730 10200 9890 9787 9008 9787 9896 9760 9666 9855 9829 9401 10057 9623 9727 10200 9598 10008 10078 9743 9619 10733 9863 10055 9965 9410 9738 9888 9823 9907 10125 8878 9795 10268 9614 9448 10137 9188 10539 9628 10079 9335 9435 9470 9766 10019 9853 9284 9428 9276 9552 9782 9368 8974 9202 9991 10300 9773 10035 9716 10016 9895 9909 9429 9911 9939 9294 9959 9659 10217 9676 9858 10078 8974 10063 9627 9568 9621 9380 9407 10254 9573 9680 10088 9770
10004 10389 10223 10218 9770 10115 10272 9455 10109 10012 9441 10811 10012 9496 10146 9444 10460 9303 10199 10698 10390 9723 10032 10029 10733 9755 10391 10121 9961 10335 10639 10618 10100 10771 10183 10228 10797 10042 10133 10354 9869 10390 10142 9978 10467 9802 9801 10004 9984 10064 10436 9810 10305 9636 9724 10211 10488 9823 9789 9678 10148 9326 10223 10795 10157 10029 9910 9813 10308 10491 10652 9589 10130 10264 10485 9953 10280 10063 9398 10047 10054 9745 10693 10046 9994 10117 9771 10011 9872 10236 9751 9280 9772 10071 10298 10188 10819 10169 9585 9688 9893 10240 10500 10660 10423 9795 10574 10571 9849 10273 9790 10617 10416 10569 9970 10369 10533 10231 10001 10188 9670 9630 10252 10960 9808 10013 9542 10308 9887 10386 9836 9813 9962 9980 10836 10284 10325 10254 10131 10234 9873 9789 10857 9817 10530 9792 10510 10715 10275 9695 9912 10925 9515 10199 9901 10985 10440 9844 10342 10937 10183 10232 9777 10521 9716 10015 10189 10652 10946 9744 9888 10531 10021 9867 10827 9701 10376 10270 10320 10103 10914 10102 10048 10454 9758 9789 10636 10935 10385 10011 10029 10546 10183 10980 9730 10099 10074 9652 9939 9765 10368 9893 9853 9909 10488 10986 10284 9863 9915 10044 10570 10286 9549 10243 9689 9375 10388 10260 9983 10002 10195 10190 10019 9554 10579 10069 9832 10111 10124 10031 9529 10211 10202 10471 10582 10023 10241 10407 10135 9882 10156 10116 10068 11071 9731 10251 10488 10246 10210 10049 9769 10038 10031 10064 10282 9998 9888 10040 9596 10620 10147 10068 10084 9546 10052 10353 9516 10542 9781 9706 9580 10301 10505 10635 10741 10855 10343 10049 10380 10483 9882 9978 10120 10621 10696 9245 10475 9938 9987 10107 9768 10214 9729 10664 10479 10453 10087 10419 10342 10931 9916 10211 10230 10730 10058 9971 9864 10222 10009 10728 9569 10218 9932 9886 10281 10229 10916 10604 10253 9463 10409 9804 10368 10262 9994 10228 10135 10448 10209 10365 10496 9590 10508 10447 10267 10094 10700 10347 10386 10109 9801 10118 10291 10408 10162 10999 9945 10515 10624 9868 9582 10227 9653 10675 10528 10278 10074 10248 9675 10170 10224 9812 9996 9951 10220 9891 10347 10034 9665 9670 10571 10515 10662 10217 10210 10222 10361 10313 10009 10878 10171 9612 11013 9968 10264 10168 10114 10200 9938 10942 9785 10465 10305 9913 9786 10277 9842 10318 10314 10251
9180 9609 9210 9727 9336 9281 9631 9203 9499 9415 9285 10626 9526 9053 9796 8951 9840 8595 9536 9942 9398 8853 9368 9422 9952 9582 9291 9350 9369 9523 9931 10149 9432 10520 9499 9649 10268 9412 9537 9806 9061 9732 9796 9535 9415 9309 8976 9414 9674 8532 9653 9312 9670 9044 9652 9510 10135 9320 9161 9229 9692 9212 9343 10151 8970 9449 9430 9390 9429 9662 9897 9418 9663 9478 9504 9430 9742 9033 8833 9686 9611 9552 9455 9674 9750 9270 9476 10031 9637 9480 9022 8982 9606 9365 9299 9327 9717 9398 8973 9316 9152 9378 9384 9701 9561 9732 9763 9656 9527 9972 9280 9720 9874 9639 8990 9558 9484 9709 9433 9842 9006 9336 9775 9778 9395 9205 9216 9821 9495 9567 9498 9351 9396 9486 10254 9560 9620 9608 9483 9691 9446 9250 10071 9496 9763 9527 9520 9542 9617 9579 9071 10269 9243 9700 9678 10396 9580 9249 9149 10098 9567 9550 9099 9648 9182 9175 9551 9371 10022 9317 9518 9894 9313 9228 9952 9233 9560 9646 9845 9535 10092 9507 9481 10301 9312 8714 9650 10158 9783 9623 9393 9552 9913 9848 9098 9121 9614 8795 9452 8874 10002 8839 9296 8916 9808 9961 9206 9406 9022 9432 10016 9747 9193 9340 8680 9256 9357 9470 9882 9550 9479 9732 9397 8881 10037 9112 9032 9546 9579 9279 9808 9179 9384 9962 9682 9524 9698 9957 10034 9097 9498 9532 9626 9974 8474 9545 9784 9809 9503 9793 9289 9241 9475 9794 9717 9097 9375 9236 9718 10391 9343 9135 9256 8927 9441 9476 9142 9467 9373 9468 8901 9619 9726 9417 9729 9767 9669 9152 9299 9050 8729 9172 9558 9645 9637 8950 9443 9319 9645 9895 9327 9490 8877 9597 9722 9388 9671 9366 9477 10105 9569 9412 9588 10573 9741 9259 9253 9579 9470 9545 8705 9177 9469 9253 9575 9458 10231 9990 9645 9078 9726 9530 9317 9674 9522 9671 9391 9522 9506 9486 9711 9523 9664 9589 9742 8937 9960 9554 9402 10006 8969 9517 10045 9564 9673 9699 8867 9463 9883 9239 9372 9933 8735 10009 9867 9160 8874 9210 9188 9175 9772 9471 9192 9392 9672 9532 9790 9346 8866 9353 9247 9916 9535 9425 9425 9373 9272 10002 8921 9776 9591 9353 10194 9517 9655 9340 9232 9517 8657 9636 9349 9698 9564 9269 9139 9436 9490 9085 10248 9368
9500 9703 9580 9727 9801 9738 10316 8950 9697 9432 9365 10512 9771 9444 9925 9191 9946 8740 10347 10045 9805 9412 9850 9542 10171 9772 9348 9904 9719 9701 9933 10379 9550 10357 9919 9584 10080 9504 9737 9804 9526 9551 9966 9845 10162 9044 9273 9534 9493 9047 10071 9582 10102 9105 9580 9887 10092 9116 9211 9941 9750 9460 9937 10275 9694 9653 9619 9622 9435 9649 10171 9359 10102 9476 9948 9470 9758 9507 8864 9886 9550 9708 10049 9635 10000 9566 9496 10301 9750 9821 9441 9078 9169 9126 9964 9279 10150 9986 9205 9918 9630 9505 9422 9709 9974 9379 10322 10043 9418 10011 9323 9538 10627 10411 9423 9682 9594 9384 9433 9799 9207 10260 9683 10326 9277 9209 9293 10195 9768 9715 9272 9438 9548 9688 10690 9988 9709 9728 10242 9924 9963 9435 10549 9536 9756 9757 10204 10624 9689 9280 9457 10452 9468 9856 9605 10273 9847 9130 10056 10843 9723 9913 9184 9968 9155 9341 9750 9829 10284 9744 9918 9962 9625 9536 10069 9334 9921 9979 10284 9576 10306 10025 9858 10460 9244 9533 9734 9829 10227 9656 9239 9607 9954 10375 9397 9446 9514 9466 9580 9113 10026 8842 9852 9477 10136 10075 9805 9417 9545 9949 10068 10135 9347 9581 9636 9376 9272 10063 9394 10018 9498 9911 9940 9034 10333 9342 9609 9396 9670 9557 9292 9014 9705 10050 9862 9931 9915 10239 9897 9452 9687 9851 10280 10102 9216 9849 9948 9684 9589 9527 9935 9867 9565 9857 9536 9514 9551 9733 9822 10323 9713 9377 9183 9418 9844 9961 9106 9917 9590 9590 8892 10152 9781 9934 9911 10169 10060 9897 9741 10128 9347 9808 9724 10031 9886 9097 10165 9513 9609 9927 9366 9959 9063 10383 10172 9487 9298 9066 9636 9910 9545 9701 10098 10321 9816 9474 9480 9620 9327 9697 9151 9812 9606 9504 10056 9911 10368 10034 9206 9416 10135 9429 9940 9815 9637 10318 9790 10376 9927 10033 10217 9232 9803 10304 9730 9505 10269 9474 9749 9532 9923 9722 9919 9576 9906 10264 9365 9815 10611 9242 9547 10183 9099 10234 9981 9563 9296 9791 9190 9710 10246 9766 9597 10141 9384 9443 9849 9487 9016 9739 9903 10334 9956 10054 9828 9817 9980 10353 9241 9949 9602 9729 10042 9551 10192 9939 9711 9733 8812 9880 9509 9846 9595 8935 9248 9909 9611 9781 10011 10411
9969 10041 9547 10068 9802 9660 10173 9325 9832 9776 9419 10581 10112 9451 9772 9145 10030 9478 10211 10458 10007 9129 9626 9814 9617 9900 9339 9938 9644 9782 10305 10126 9388 10041 9845 9624 10214 9921 9771 10227 9894 9722 9521 9264 10370 9751 9553 9507 10056 9211 10178 9717 9943 9634 9465 9619 10249 9449 9307 9196 9878 8809 9855 10434 9455 9258 9677 9500 9597 10226 10358 9681 9759 9564 9882 9333 10195 9223 9058 10141 9670 9858 9852 9693 9918 9159 9441 9783 9777 9575 9504 8920 9440 9635 10045 9543 10148 9694 9665 9725 9563 9878 9652 10103 9812 9364 10318 9970 9853 10477 9773 9834 10386 10216 9549 9562 10040 9921 9440 9762 8731 9875 9908 10050 9211 9435 9112 10263 10129 9793 9640 9613 9499 9570 10681 9523 9921 9782 9573 10293 9819 9289 10058 9178 9659 9392 10352 10457 9807 9276 9695 10627 9593 9403 9234 9971 9847 9547 9812 10016 9579 9705 9527 10132 9620 9712 9941 10236 10009 9364 9681 10318 9362 9335 10575 9376 9733 10042 10039 9618 10542 9795 9724 10774 9366 9551 10085 10282 10242 9924 9740 9834 9909 10383 9380 9633 9428 9415 9880 8957 10216 9203 9645 9692 9887 10668 9809 9665 9924 9689 10090 9697 9361 10035 9147 9389 9997 9989 9410 9760 10098 10021 10262 9219 10349 9454 9525 9537 9608 9435 9795 9889 9812 9995 10688 9675 10474 10441 10263 8935 9784 9517 9968 10593 9462 9609 9867 9810 9128 9936 9442 9582 9731 9840 9855 9539 9530 9854 9592 10359 9135 10132 9438 9221 9649 9834 9488 9887 9631 9707 8991 10319 9755 10414 9929 10717 9914 9571 9757 10228 9450 9875 9700 10163 10289 9135 9878 9723 9519 10135 9502 9874 9132 10596 10168 9956 9958 9596 10244 10269 9408 9695 9826 10380 9739 9547 9257 10030 9187 10205 9336 9945 9599 9449 10247 9536 10432 9878 9855 9217 9931 9613 9823 9687 9765 10100 9633 10155 10153 10101 9866 9446 9955 9936 9506 9575 10229 9964 9864 9704 9486 10387 9999 9893 9995 10066 9020 10308 10590 9833 9628 10069 9481 10040 9962 9412 9541 9775 9185 9756 10008 10484 9623 10083 9832 9760 9856 9719 9235 9509 10081 10220 9997 9601 9882 9621 9854 9946 9585 10326 9981 9299 10287 9555 10167 9805 10023 10193 9555 9919 9389 9970 9894 9093 9507 10262 9545 9844 9865 9701
9544 10434 9791 10112 10066 10166 10536 8901 10307 10034 9732 10846 10172 9150 10410 8859 10662 9353 10330 11022 10241 9369 9947 10077 10332 10142 10105 9763 9898 9996 10557 9916 9728 10186 9879 10176 10578 9708 9527 10543 9508 10135 10090 9774 9959 9971 9627 10089 9695 9567 10311 9766 9849 9665 9918 9891 10420 9557 9701 9217 9758 8951 10038 10472 10072 9513 10147 9797 9866 9784 10265 9704 9982 9755 10082 9756 10181 9345 9624 9734 9446 9607 10095 10320 10553 9500 9391 9866 9955 9769 10009 9281 10006 9669 10157 9630 10571 9632 9383 10150 9742 10026 9614 10533 9861 9329 10568 10182 9714 10491 9685 10606 10414 10320 9862 9573 10234 9424 9651 10174 9336 9860 9589 10663 10026 9548 9738 10208 10184 9906 10030 9494 9547 9791 10693 10157 10199 10228 9746 10134 9651 9153 10536 9120 10087 9799 10535 10303 10044 9537 9746 10549 9220 10023 10053 10835 9970 9878 10182 10470 9742 9536 9334 10386 9776 9568 9872 10200 10669 9599 9632 10048 9714 9963 10709 9061 9664 10392 10070 10112 10477 9834 10470 10401 9622 9730 10241 10535 10267 9736 10000 9949 10053 10701 9133 9569 9669 9272 10147 9093 10250 9454 9689 9937 10367 10879 10335 9821 9882 9639 10478 10165 9481 10287 9378 9453 9573 10302 9612 9926 10029 9833 10288 9155 10541 9727 9740 9697 9631 9661 10084 9603 10005 10346 10659 9923 10106 10324 10039 9391 10138 9127 9962 10619 9734 9875 9883 9682 9881 10321 9905 9413 9938 10023 10055 9838 9491 9528 9769 10395 9293 9903 10092 9259 9635 10174 9160 10134 9583 9764 9045 10508 9736 9937 10113 10281 10010 9895 9722 10004 9512 9786 10114 10161 9863 8933 9870 9626 10007 9630 9584 9898 9547 10184 10626 10082 10019 9901 10059 10760 10069 9736 10220 10469 9805 9419 9431 10651 9620 10352 9303 9631 10442 10111 10507 10059 10665 10151 9600 9353 10094 9779 9978 9377 10069 10121 9791 10370 10582 9796 10509 9463 10444 9790 10114 9757 10292 10027 9602 10086 9313 10344 10207 9515 10132 10299 9314 10564 10241 9729 9570 10221 9324 10398 9961 10035 9354 10451 9623 9650 10286 10035 9729 9603 9773 9562 9983 9683 9593 9361 10292 10206 10465 9813 9941 10146 9882 9982 10041 10563 9913 9707 10478 9672 10405 10079 9748 9948 9676 10375 9778 9995 9626 9673 10030 10360 9654 9909 9991 10367
10047 10537 10257 10714 10007 9645 10577 9381 10210 9773 9784 10954 10110 9924 10098 9482 10546 9528 10359 10564 10418 10126 10218 10405 10298 10206 9991 9974 10017 9973 10689 11036 10234 10700 10105 10482 10870 10083 10139 10748 9919 10293 10553 10115 10679 9578 9199 10492 10339 9793 10188 9934 10098 9510 10138 10193 10235 9820 9548 10295 10162 9645 10368 11202 10403 10283 10307 9913 10004 10324 10881 9783 10296 10116 10574 9850 10271 9975 9722 10132 9816 9962 10463 10329 10448 9900 9519 10165 10421 9987 10073 9347 10258 10092 10184 9910 10713 10211 9736 10211 9935 10283 9753 10650 9987 9924 10935 10256 10335 10611 9906 10443 10628 10653 9871 10400 10403 10249 10258 10293 9392 10232 10170 10976 9594 9628 9730 10624 10262 10071 9918 9907 9847 10029 10849 10131 10349 10255 10353 10024 9988 9782 10588 9959 10448 9845 10661 10894 10405 9885 9868 10911 9854 10449 9848 10615 10360 10063 10304 11375 10460 10452 9893 10586 9566 9665 10440 10576 10466 9802 10102 10168 10182 10050 10722 9662 9974 10529 10382 10212 10978 10442 10067 11008 9862 9678 10516 10712 10945 9831 10053 10382 10381 10778 9734 10062 10282 9574 10046 9641 10500 9921 9970 9869 10437 10489 10366 9861 10367 10025 10368 10467 9754 10321 9928 10227 9818 10220 10340 10319 10268 10140 10775 9782 10871 9993 10094 9728 10066 10113 9739 9995 10378 10426 10725 10395 10612 10340 10629 10010 10682 10254 10264 10571 9531 9870 10368 9977 9700 10283 9938 9882 10036 10300 10337 10047 10122 9814 10252 10687 10274 10120 9862 9439 10140 10043 9624 10234 10023 10050 9519 11018 10503 10453 10451 10590 10426 10319 9714 10457 10000 10068 10096 10357 10728 9342 10391 9815 10089 10702 9930 9948 9499 10731 10583 10490 9887 10146 10433 10918 9966 10242 10499 10956 10170 10356 9719 10137 9894 10228 9531 10159 10362 10083 10387 9976 10508 10300 10105 9919 10696 9957 9952 10287 9931 10636 10088 10706 10184 10941 10601 9643 10044 10273 10139 9984 11148 10079 9770 10222 9552 10085 10504 10406 10297 9860 9740 10690 10909 9963 9764 10840 9478 10457 10289 10230 9801 10173 9839 10199 10259 9959 10137 10624 10463 10367 10285 10613 9882 10179 10380 10557 10046 10460 10231 10291 10316 10182 10029 10313 10495 10022 10831 9829 10593 10167 10119 10313 9741 10586 10176 10496 9779 9778 9696 10501 9974 9934 10335 10421
9962 9801 9610 9814 9469 9977 9913 9443 10209 10091 9327 11142 10291 9748 10051 9408 9766 9236 10196 10246 9921 9333 9919 10309 10386 9641 9872 9998 9914 10001 10397 10455 9557 10215 9854 9670 10394 10216 9763 10196 9535 10389 9916 9853 10274 9384 9294 9754 10228 9654 9715 9336 10308 9405 9972 10141 10156 9747 9512 9551 9758 9169 9857 10603 9816 9659 9726 9782 9920 9959 10207 9832 9997 10213 9803 9580 9868 9773 9224 10253 10022 9681 10094 9736 10220 10020 9919 9756 10272 10011 9666 9340 9959 9480 10066 9735 10301 10038 9407 10390 9684 10140 9735 9956 10364 9682 10121 9921 9652 10319 9621 10026 10478 10233 9464 9587 10122 9694 9579 10199 9465 9848 10078 10551 9334 9565 9308 10436 9912 9637 9471 9391 9394 9700 10517 10167 10175 10510 9997 9869 9587 9915 10460 9084 10011 9578 10443 10482 10062 9854 9845 10469 9378 9984 10053 10447 9855 9488 10220 10420 10114 10117 9273 9997 9555 9556 9749 10253 10475 9595 9572 10379 9858 9954 10626 9735 9609 10253 10279 9581 10665 10112 10123 10725 9443 9559 10635 10458 10286 10107 9998 10110 10023 10723 9736 10011 10107 9463 9790 9285 10110 9391 9387 9540 9877 10327 9650 9738 9745 9809 10324 10159 9568 10178 9768 9424 9867 10375 9401 9600 10244 10127 10017 9687 10332 9554 9480 9594 10182 9561 9978 9889 9844 10134 10359 9686 10094 10505 10433 9793 9883 9527 9943 10749 9619 10148 9638 9571 9522 10045 10094 9528 9708 9567 10095 9806 9615 9667 9651 10533 9950 9676 9444 9353 9409 9772 9583 10461 9641 9701 8856 10130 9937 10234 10177 10413 9891 10071 9797 10505 9024 9475 9629 10021 10474 9121 10232 9354 9336 9713 9869 9853 9183 10518 10254 9915 9838 10242 10006 10603 10217 9533 10003 10396 9585 9697 9450 10212 9354 10354 9476 10157 10027 9490 10064 9560 10786 10241 9622 9446 9725 9590 9714 9910 9863 10151 9779 10247 9952 9984 10095 9568 10325 9914 10075 9539 10235 9659 9609 9677 9200 10130 10417 9822 10329 10438 9326 10256 10503 9790 9221 10534 9878 10170 10073 10069 9829 10042 9263 9833 10450 9832 9587 9756 10009 9539 10416 9682 9112 9778 10352 10158 10361 9559 10216 9988 10040 10146 9743 10450 10115 9617 10316 9481 10041 9912 10010 10045 9851 10209 9559 10042 9597 9390 9972 10440 9903 9980 9844 10130
9521 9947 9556 9663 9768 9558 10363 8878 9856 10236 9217 10880 9724 9388 9447 9179 9702 8773 10200 10057 9574 9537 9781 9598 9993 9549 9607 9713 9731 9787 10245 10379 9877 10394 9540 9935 10086 9646 9605 9985 9630 9834 10062 9696 9828 9585 9211 9399 9866 9030 9650 9492 9634 9294 9080 10096 9865 9313 8975 9675 10079 8998 9871 10457 9281 9855 9674 9496 9472 9944 10205 9215 9809 9752 9956 9132 9566 9404 8674 9955 9570 9341 10269 9871 9878 9608 9402 9959 10017 9328 9815 9570 9772 9288 9486 9283 10030 9852 9313 9771 9632 9608 9958 9901 9853 9380 10136 9815 9324 10238 9300 10103 10389 10304 9709 9665 9618 9258 9177 9609 9272 9910 9815 9871 10084 9633 9086 9864 9157 9482 9624 9467 9551 9524 10363 9774 9588 9602 9513 9863 9702 9508 10358 9328 9757 9718 10019 10388 9814 9347 9380 10532 9094 9790 9421 10426 10035 9709 9866 10575 9728 9808 9227 9933 9153 9377 9905 10082 10547 9473 9764 9807 9816 9393 10572 9001 9572 10072 9899 9289 10176 9581 9550 10372 9478 9728 10312 10459 10463 9484 9635 9850 9709 10253 9269 9425 9683 8771 9874 9211 10268 8746 9421 9440 10101 10011 9316 9867 9350 9533 9910 9948 9097 9699 9407 9199 9793 9695 9330 9587 9335 10009 9934 9200 10061 9258 9631 9218 9713 9766 9569 9425 9278 9883 9954 9843 9961 10003 10185 9360 9885 9625 9657 10220 9249 9518 9847 9755 9871 9907 9900 9643 9656 9931 9731 9292 9365 9578 9533 10455 9315 9978 9311 9039 9254 10049 9240 9935 9758 9594 8833 10086 9717 9713 9915 10316 9356 9667 9865 9543 9069 9753 9735 10058 10240 9038 10128 9375 9686 9679 9213 9593 8913 9797 9981 9851 9812 9533 9863 10077 9223 9852 9837 10195 9630 9080 8815 9970 9228 10214 9127 9363 10137 9414 9955 9675 9844 9826 9891 9512 10157 9598 9502 9889 9635 10511 9488 9929 10380 9608 10074 9488 9707 10246 9561 9210 10155 9472 9317 9335 9539 9564 9720 9730 9902 10310 9250 9769 10354 9534 9367 10386 9215 9880 9994 9664 9257 9954 9629 9540 9902 10102 9829 9925 10081 9563 9669 9216 9196 9843 9987 9793 9929 10031 9526 9539 9588 10156 9537 10281 9609 9618 9704 9444 10159 9648 9985 9675 9985 10180 9488 10103 9643 9436 9536 9965 9353 9188 9982 10190
10316 10625 10260 10551 10963 10849 10811 10327 10439 10209 10478 11403 10250 10128 11037 9722 10975 9247 10818 10817 10599 9686 10424 11041 10899 10396 10423 10691 10147 10137 10982 10810 10332 10713 10467 10335 10867 10202 10471 10591 10251 10764 10506 10562 10768 9791 9701 10127 10489 9860 10231 10217 10926 9815 10011 10586 10690 10038 10088 10621 10390 9975 10354 11148 10455 10419 10155 10229 10726 10851 10907 9970 10321 9832 10553 10301 10608 10185 9987 10394 10164 10318 10854 10411 10560 10126 10189 10667 10840 10942 10046 9560 10366 10242 10640 9914 10951 10705 10054 10378 10459 10639 9952 11086 10783 9944 10950 10840 10352 10800 9746 10755 11044 11054 10483 10612 10548 10565 10247 10683 10256 10535 10726 11246 10286 9885 9704 11066 10160 10281 10001 10114 10249 10287 11031 10241 10750 10573 10312 10676 10615 10509 10891 10401 10691 10536 10909 10814 10529 9929 9996 11673 9739 9927 10643 10883 10483 10086 10710 10956 10406 10483 10001 10533 10380 10303 10772 10429 10967 10367 10227 10748 10369 10330 11089 9811 10659 10512 10647 10265 11257 10251 10662 11466 9997 10420 10767 11270 11074 10333 10200 11018 10283 10646 10249 10253 10221 10049 10185 9826 10713 9758 10586 10389 10846 10786 10553 10013 10035 10568 11280 10964 10068 9936 10034 9576 10027 10719 10190 10658 10551 10555 10504 9877 10987 10291 10433 10046 10275 10537 10282 10135 10652 10902 11296 10135 10498 11034 11327 9831 10695 10570 10341 11205 9837 10402 10972 10501 10589 10457 10710 10514 10241 10465 10778 10304 10255 10311 10526 10767 10340 10378 10194 9922 10116 10251 10040 10964 10502 10350 9694 11003 10881 10548 10903 10834 10137 10144 10556 10659 10022 10419 10202 10536 11088 9772 10856 10168 10548 10343 10397 10065 10006 10872 10907 10200 10011 10161 10622 10724 10536 10127 10660 11280 10363 10180 10171 10462 10376 10895 9828 10394 10509 10334 10639 10385 11090 10701 10346 9745 11041 10327 10339 10216 10432 10932 10569 10577 10432 10550 10789 10148 10805 10459 10025 10241 11033 10235 10472 10345 9891 10217 10772 10414 10377 10964 9564 10883 11121 10143 10208 10806 10580 11269 10726 10663 10394 10268 9914 10412 10775 10447 10436 10609 10161 10499 10484 10203 9910 10626 10232 11014 10541 10365 10145 10535 10208 11041 10371 10611 10693 10209 11140 10117 10983 10526 10714 10804 9919 10840 10317 10525 10014 9663 10038 10701 10361 10422 10983 11082
9809 10195 9681 10073 9879 10542 10311 9163 10101 10082 9706 11380 9575 9646 9851 9048 10256 9163 10098 10738 10470 9316 9949 9989 10508 9790 10007 9935 9725 9907 10447 10617 10112 10812 9963 9872 10597 10075 10032 10369 9850 10336 10063 10082 10022 9491 9312 9647 10056 9039 10283 9997 9905 9464 9912 9992 10196 9645 9783 9660 10646 9413 9944 10771 9923 9753 9838 9428 9955 10296 10626 9881 10465 10124 10479 9602 10076 9894 9155 10435 9639 9932 10205 9865 10221 9926 9959 10114 10078 10126 9837 9322 9908 9947 10183 9904 10307 10282 9505 9978 9790 9783 9889 10375 10241 9574 10465 10344 10038 10249 9443 10307 10226 10480 9876 9747 10161 9767 9668 10490 9821 10012 10279 10338 9873 9855 9738 10538 10150 10393 10119 9625 9279 9786 10445 10549 10360 9890 9281 10018 9804 9645 10355 9335 10291 9883 10326 10073 10103 9839 9790 10590 9591 10055 9984 10912 10321 9669 10134 10285 10292 10235 9741 10057 9799 9550 9893 9965 10595 9688 10311 10142 10184 10023 10623 9740 9837 10667 10408 10058 10886 9697 9895 10827 9754 9646 10313 10665 11002 10026 9850 10144 10162 10181 9408 9906 9991 9213 10080 9409 10291 9433 9651 9672 10209 10512 9958 9746 9635 10145 10401 10346 9644 10083 9549 9421 9777 10574 9561 9944 9858 10136 10224 9283 10137 9770 9807 9735 10227 9865 10008 9789 9630 10268 10128 9944 10065 10532 10111 9475 10113 10073 10057 10861 9466 10031 10054 10171 10160 10082 9677 9812 10026 9911 10018 9336 9956 10057 9551 10770 9804 9983 10114 9357 9938 10361 9445 10176 9616 9958 9442 10108 10406 9847 10305 10417 9756 10088 9925 9941 9360 10117 9885 9791 10343 9432 10371 9957 9923 9827 9839 10069 9901 10451 10177 10206 10064 10126 10223 10500 9830 10036 10113 10715 10056 9398 9498 9928 9794 10120 9492 9702 10014 10129 10556 10179 10715 10312 10020 9497 10423 9822 9721 10188 10293 10691 9789 10379 10453 9827 10546 9346 10036 10297 10126 9516 10703 10194 9786 10153 9669 9761 10651 10022 10130 10374 9215 10189 10481 9829 9726 10270 9500 10489 10443 9837 9700 10096 9324 10042 10314 10195 10006 10217 9869 9689 10347 9470 9321 10218 10537 10174 10425 9524 9745 10103 9615 10451 9814 10384 9998 10243 10172 10158 10059 9845 10168 9824 9645 10139 10034 10161 9711 9939 9694 10572 10049 10022 10247 10107
9480 10036 10003 9950 9362 9811 10143 9515 9647 9629 9461 10812 9782 9720 9908 9082 10545 8778 10197 10255 9884 9389 9524 9720 10289 9910 9597 9797 9822 10293 10235 10349 9660 10497 9676 9432 10385 9991 9954 10036 9456 9595 9786 9686 10313 9761 9098 9727 9763 9246 10302 9835 9696 9262 9884 9887 9977 10019 9184 9747 9483 9506 9893 10443 9772 9641 9580 9754 9778 9899 10419 9846 9974 9418 9561 9628 9862 9361 9120 10010 9590 9792 9800 9517 10128 10026 9678 9834 9857 9673 9495 9037 9747 9416 9457 9605 9850 9706 9285 9834 9251 9777 9795 9816 9666 9473 10325 9972 9584 10107 9612 9807 10134 10245 9516 9303 9929 9294 9928 10077 9527 9666 9762 10459 9544 9543 9407 10018 9445 9659 9715 9638 9566 10131 10444 9790 10097 10024 9745 10046 9796 9483 10527 9269 9996 9444 10282 10357 9915 9331 9583 10560 9280 9758 9965 10706 9425 9591 9700 10109 10175 10140 9795 10222 9396 9510 10087 10367 10324 9785 9648 10178 9474 9762 10285 9596 10060 9992 10102 9595 10715 9591 10155 10389 9282 9433 9902 10350 10560 9849 9601 10052 10055 10394 9301 9323 9905 9425 9851 9257 10258 9654 9618 9688 10343 10252 10175 9569 9649 9562 10394 9961 9487 9406 9704 9763 9355 9860 9422 9825 9660 10126 9630 9458 10252 9403 9378 9398 9700 9555 9914 9539 9612 10216 9829 9943 10178 10215 10353 9653 9797 9408 10062 10399 9310 9873 10440 9787 9536 10090 9201 9361 10014 10107 9959 9770 9304 9550 9725 10011 9888 9792 9348 9076 9617 10016 9362 9957 10105 9634 9193 10154 9786 10047 10486 10814 9985 9789 9617 10078 9233 9734 10001 9782 9971 9504 9924 9649 9762 9588 9371 9671 9476 9869 9838 9643 9650 9782 10244 10312 9638 10011 10001 10498 9510 9449 9373 9638 9843 10046 9422 9691 10009 9698 10066 9711 10337 10481 10059 9561 9896 9703 9542 10119 9913 10157 9700 10293 9882 9546 10074 9637 10040 10063 10012 9108 10269 9792 9295 9700 9762 9660 10149 9743 10237 9929 9429 10070 10192 9465 9551 9745 8799 10459 9962 9715 9263 9792 9543 9711 10035 9864 9836 9945 9855 9858 9873 9456 9034 9497 9933 10060 9806 9834 9565 9458 9808 10252 9751 10430 10103 9457 10599 9411 10082 10212 9855 10088 9850 10288 9721 9685 9796 9452 9333 9726 9712 9782 10081 10308
9386 10004 9981 9938 10259 9452 10197 9254 9718 10009 9613 10967 9973 9344 9726 8940 10145 8973 10257 10108 9624 9516 9790 9989 10221 9623 9402 10132 9739 9872 10518 10601 9773 10307 9975 9999 10468 9793 9740 10377 9743 9971 9861 9899 9941 9454 9479 9502 10194 9764 10162 9719 10337 9010 9418 9557 10387 9724 9462 9719 9553 9375 10348 10621 9751 9625 10072 9875 10096 9981 10608 9823 10047 9869 10274 9699 9871 9847 9334 9863 9953 9664 10279 10060 10054 9817 9605 10057 10183 9881 9811 9364 9864 9257 9685 9639 10510 9958 9401 10024 9719 9792 9699 10186 9922 10015 10379 9831 9542 10018 9273 9948 10343 10245 9498 10015 9733 9726 9871 9883 9386 10063 10147 10239 9436 9187 9031 10155 9768 10008 9699 9784 9384 9866 10653 9795 9895 10457 9738 10433 9684 9658 10869 9512 10359 9448 10404 10518 9923 9439 9767 10970 9735 9772 9903 10485 9999 9684 10112 10026 10155 9999 9770 10227 9745 9855 10245 10100 10512 9922 9711 10417 9437 9912 10449 9575 9946 9959 10292 9855 10858 9613 9743 10635 9749 9549 10479 10533 10604 9661 9320 10269 9576 10133 9451 9814 9678 9463 9948 9886 9843 9385 9958 9782 10208 10208 10022 9552 9567 9929 10311 10284 9218 9833 9551 9738 9515 10545 9325 9512 10216 9662 10055 9180 9923 10074 10078 9396 9719 10217 9997 9362 10027 9938 10059 9971 9991 10145 10264 9713 9680 9868 9860 10602 9573 9904 9988 9620 9488 9941 9676 9791 9734 9859 10004 9706 9909 9734 9810 10592 10303 9995 9700 9374 9747 9931 9550 9942 9835 9947 9089 9965 10184 9879 10473 10510 9801 9913 9761 9880 9612 9744 9704 10043 10501 9063 10173 9628 9925 9792 9561 10000 9304 10565 10254 9699 9633 10055 10130 10440 9537 9808 9932 10808 9445 9529 9516 10206 9430 10634 9205 9604 10292 9362 10392 9927 10661 10191 9837 9082 10246 9955 9999 10234 9527 10332 9617 10135 10236 9965 10342 9333 9905 9948 9744 9426 10244 9716 10004 9883 9675 10026 9952 9784 9567 10249 9440 9769 10465 9769 9826 10279 9357 10094 10285 9950 9629 9626 9629 9820 10318 10041 9604 9840 10194 9513 9893 9554 9427 9783 10527 10112 10144 9904 10016 9853 9814 10078 9994 10378 9944 9728 10331 9714 10388 9983 10009 10493 9383 10129 9859 10017 9619 9178 9833 10150 9293 9682 10156 10293
9842 10092 10187 10467 10176 9663 10537 9734 10145 10455 9748 10882 10136 9758 10079 9542 10241 9203 10270 10409 10290 9474 9743 10661 10521 9819 10234 9840 10263 10183 10742 10318 10171 10731 10453 10058 10496 9926 10337 10376 9835 10224 10349 10043 10319 10075 9373 9585 10451 9557 10315 9784 10103 9650 10057 10171 10588 9713 9588 9942 10167 9529 10162 10572 9758 9672 10013 10359 9851 10060 10453 9419 10205 9926 10039 9414 10128 9488 9701 10154 10247 9559 10290 10279 10165 9700 9667 10212 10085 10237 9530 9452 9855 9578 9863 9702 10517 10232 9668 10189 9620 9866 9906 10292 10325 9573 10519 10416 9666 10144 9739 10311 10256 10801 9871 9852 10073 9763 9878 10075 9493 10094 10208 10954 9795 9738 9692 10435 9919 10132 9685 10358 9874 10534 11129 10008 10155 10310 9853 10123 9742 9736 11025 9597 10367 10128 10618 10494 10551 9466 9740 10820 9886 10327 10158 10175 10431 9901 10291 10631 10163 10214 9474 10453 9920 10193 10438 10304 10652 9766 9672 10388 10094 10310 10894 9841 10095 10139 10514 10058 10884 10251 9821 11015 9822 9886 10387 11050 10694 10012 9731 10238 10252 10667 9553 10060 9742 9506 9798 9439 10101 9817 9934 9746 10332 10623 10269 9896 9776 9919 10394 10115 9493 9790 9927 9707 10123 10253 9761 9969 10264 9954 10274 9494 10535 9986 9606 9713 9978 10074 9840 9601 9982 10272 10572 10393 10044 10610 10401 9798 10020 9643 9963 10661 9532 10190 10038 10031 9984 10261 9876 10252 9810 9972 9950 10473 9994 9983 10222 10863 9667 9957 9910 9422 10133 9977 9644 10213 9986 9741 9240 10302 10200 10630 10634 10348 10586 10039 9736 10351 9486 10159 9904 10121 10749 9553 10659 9871 10058 10017 9793 10258 9465 10649 9933 10211 9884 10298 9955 10275 10399 10115 10191 10664 10101 9539 9863 10054 9906 10870 9386 10287 9970 10142 10327 10014 10665 10516 10145 9447 10553 10197 9906 10280 10287 10291 9924 10412 10209 10245 10492 10165 10483 10301 9968 9747 10795 10175 9744 10062 9962 9958 10054 9808 10365 10528 9312 10444 10374 9586 10301 10468 9750 10528 10174 9917 9894 10045 9499 10463 9970 9943 10096 10300 10096 9861 10322 10102 9691 9720 10255 10763 10707 10039 10305 9996 10122 10056 9970 10315 10217 9973 10517 9563 10079 10044 10375 10261 9740 10084 9856 10492 10268 9943 9921 10123 9558 9875 10363 10578
8639 9935 9817 9258 9245 9739 9599 9370 9598 9284 9363 10716 9861 9310 9568 8706 9818 8513 9840 10301 9217 9417 9761 9716 10010 9270 9544 9947 9364 9326 9967 9914 9022 9577 9394 9561 9969 9339 9983 9825 9416 9383 9302 9279 9720 9132 9066 9376 9612 8977 9950 9563 9857 8938 9358 9498 9800 9186 9563 9096 9468 9281 9497 10417 9548 9433 9788 9836 9765 9886 10369 9342 9709 9249 9624 9554 9430 9261 8994 9959 9469 9319 9709 9367 10193 9757 9076 9961 9637 9682 9393 8676 9210 8892 9521 9496 9577 9436 9066 9099 8946 9671 9282 9865 9481 9442 9962 9942 9576 9735 9441 9903 10016 10052 9346 9598 9478 9167 9402 9521 9280 9792 9615 10124 9577 8888 9044 10168 9945 9554 9192 9236 8797 9650 10452 9835 9450 9778 9489 9535 9703 9280 10094 9201 9852 9780 9559 9954 9824 9077 9366 10385 9214 9546 9779 10294 9314 9830 9817 9912 9705 9620 9223 10024 9250 9449 9167 9801 9983 9683 9524 10004 9705 9147 10080 9331 9750 9583 9806 10080 10216 9617 9394 10075 9041 9195 9912 9796 10153 9503 9348 9903 9774 9856 9173 9377 9216 8653 9665 8954 9698 9266 9489 9856 9989 10012 9464 9396 9409 9481 10119 9819 8983 9549 9192 9114 9401 10071 9332 9409 9595 9824 9730 9218 9608 9312 9470 9713 9462 9169 9984 9006 9725 9631 9640 9642 9531 10112 9866 9315 9654 9510 9810 10341 8746 9900 9763 9588 9539 9700 9401 9780 9496 9346 9634 9026 9268 9542 9573 10058 9112 9305 9462 8816 9271 9738 8617 9692 9386 9210 9156 9479 9833 9684 9988 9991 9837 9298 9213 9897 9176 9289 9556 9592 10028 8667 9908 9596 9270 9245 9451 9609 9055 10376 9883 9917 9512 9726 9763 10150 9474 9369 9783 10031 10025 9398 9580 9328 9591 10213 9349 9500 10039 9730 10109 9887 10233 9967 9398 9070 10051 9356 9379 9908 9159 9661 9614 10114 9511 9129 9934 8983 9665 9451 9221 9341 10216 9241 9647 9425 9701 9682 9577 9478 9301 9908 9033 9962 10090 9472 9154 9805 9350 9962 9360 9960 9550 9644 9268 8771 9501 9732 9400 9433 9370 9633 9743 9088 9137 9102 9934 9672 10071 9618 9312 9984 9844 9697 9424 9853 9677 9154 10015 9400 9684 9507 9670 9644 8756 9734 9611 9728 9344 8807 9119 9872 9426 9506 9968 9864
9571 9521 9543 9534 9499 9659 10213 8828 9551 9496 8824 11074 9534 9028 9892 8933 9898 8759 9987 10016 10195 9443 9436 9862 10265 9638 9588 9336 9588 10072 9999 10010 9594 10290 9773 9755 10106 9641 9738 10186 9275 9660 9835 9387 10014 9293 9005 9545 9610 9401 10030 9493 9757 9291 9472 9491 10050 9186 9195 9527 9708 9095 9579 10177 9689 9628 9484 9275 9344 10027 10144 9031 10258 9228 9678 9190 9652 9426 8645 10070 9475 9600 10482 9960 9873 9246 9480 10215 9406 9364 9645 9049 9622 9238 9790 9377 9969 9889 9008 9876 9285 9477 9294 9550 10161 9492 10402 9437 9613 9536 9088 9403 10476 10108 9306 9891 9770 9427 9408 9623 9185 9512 9550 10205 9280 9399 9174 10088 9725 9347 9460 9306 9338 9374 10272 9859 9781 9765 9670 9510 9187 9358 10214 9228 9847 9519 9950 10560 9628 9338 9416 10113 9004 9643 9968 10542 9843 9385 9865 10669 9777 9562 9455 9795 9203 9521 9715 9789 10261 9447 9435 9871 9566 9314 10290 9066 9678 10091 9634 9802 10335 9350 9832 10683 9068 9113 10285 10204 10229 9643 9179 9516 9639 10140 9114 9596 9541 9295 9628 8990 9912 9282 9531 9212 9834 10035 9795 9568 9318 9913 9990 9759 9135 9358 9376 9720 9756 9631 9017 9526 9650 9980 9610 9039 10252 9094 9506 9631 9655 9952 9471 9553 9172 10143 9871 9935 9809 9970 9868 9426 9368 9672 9941 9988 9650 9783 9601 9400 9188 9831 9401 9502 9489 9773 9686 9493 9494 9255 9834 10277 9820 9753 9057 8717 9680 9716 9086 9459 9710 9301 9026 10189 9696 9626 9840 10169 9780 9620 9299 9550 9375 9550 9230 9641 9778 9163 10069 9555 9547 9920 9343 9714 8984 10250 9917 10005 9228 9674 10031 9704 9885 9759 9478 10078 9617 9816 8973 9885 9210 9978 9086 9885 9652 9612 10200 9700 10450 9777 9409 9284 10057 9203 9745 9552 9857 9894 9343 9885 9591 9758 10426 9324 10070 9950 9903 9060 10064 9383 9484 9953 9494 9829 9884 9392 10172 10616 9031 10009 10088 9638 9218 9858 9026 9988 9988 9781 9236 9522 9419 9627 10066 9783 9538 9782 9838 9636 9638 9200 8956 9461 9789 9800 9728 9769 9503 9358 9594 9851 9547 9866 10157 9304 10100 9530 9936 9600 9429 9582 9316 9934 9521 9895 9167 9421 9533 9796 9332 9437 9695 9659
10193 10432 10041 10403 10276 10202 10768 9649 10010 10550 9875 11672 10432 9871 10219 9489 10424 9328 10837 10953 10486 9726 10130 10537 10485 9891 10157 10122 10115 10378 10730 11007 10076 10870 10377 10395 10723 10177 10309 10308 10098 10490 10295 10086 10386 9954 9848 10193 10246 9544 10195 10009 10325 9760 10072 10338 10562 9892 9955 10277 10465 9484 10492 10784 9822 9893 9889 9844 10134 10087 10799 9719 10235 10184 10365 9618 10222 9736 9572 10547 10371 10206 10712 10113 10272 10002 10165 10680 10532 10540 10357 9577 10384 9996 10181 10011 10663 10407 9822 10450 10360 10143 9499 10250 10337 9824 10468 10556 10173 10539 9928 10680 11209 10738 10200 9738 10506 10213 9802 10314 9865 10312 10323 11058 10019 9670 10188 10917 10191 10273 9845 9808 10389 10214 10954 10203 10256 10617 10200 10058 10473 10313 11333 9964 10136 10529 10447 10872 10446 9945 9862 11447 10029 10504 10124 10828 10580 10268 10418 11285 10158 10035 9751 10815 10195 10019 10545 10782 10778 9594 10459 10731 10234 10467 10853 9887 10248 10268 10103 10108 10990 10162 10417 10854 9531 9875 10366 10962 11211 10143 10098 10339 10469 10672 9756 10140 10208 9546 10002 9616 10421 9667 10249 9996 10840 10857 10034 10400 9962 9841 10782 10485 9922 10193 9821 9987 10546 10559 10120 9897 10528 10257 10455 9380 10470 9832 9867 10311 10386 10052 10639 10003 10102 10490 10801 10099 10838 10512 10375 10005 10606 10425 10303 11460 10188 10437 10679 10284 9941 10222 10464 10197 10212 10573 10574 10069 9955 10015 9780 11186 9644 10343 10061 9673 10071 10358 9559 10428 10287 10278 9405 10952 10282 10225 10071 10757 10346 9902 10257 10356 9997 9915 10092 10317 10430 9748 10533 10151 10323 10359 10131 10692 9825 10840 10730 10319 10284 10036 10671 10484 10237 10100 10507 11242 10107 9731 9984 10156 9861 10357 9491 10203 10639 10111 10621 10379 11134 10219 10043 9882 10355 10133 10078 10400 10274 10729 10528 10694 10174 9931 10436 10189 10375 10240 10152 9910 11360 10384 9961 9886 10032 10398 10744 10366 10424 10638 9748 10789 10890 10195 9613 10385 9471 10487 10213 10146 10182 10331 10023 9760 10642 10541 10181 10368 10495 10408 10795 9996 9887 10144 10302 10681 10831 10392 10027 10302 10374 10866 10087 10649 10641 9716 10942 9579 10707 10141 10318 10449 10174 10567 10284 10186 10351 9976 9986 10698 9720 10071 10409 10832
9402 9752 9840 9614 10018 9759 10320 9520 9841 9948 9656 10398 9874 9447 10105 8992 9989 9102 9786 10231 9998 9209 9539 9977 10050 9565 9940 9773 9568 10148 9958 10273 9702 10441 9592 9848 10054 9916 10155 10250 9387 9743 9537 9634 9747 9314 8846 9380 9577 9156 10104 10107 9776 9452 9452 9645 9910 9653 9580 9344 10064 9422 10186 10717 9360 9534 9729 9433 9429 9761 10550 9472 10080 9646 10094 9542 9758 9389 9331 10452 9907 9393 10344 9846 10031 9921 9397 10187 10020 9595 9706 9080 9683 9295 9670 9539 9733 9769 9455 10031 10027 9905 9652 10338 9898 9751 10352 10305 9811 10319 9481 10101 10177 10481 9653 9825 9930 9535 9486 9645 9415 10076 10135 10070 9455 9741 8862 10060 9531 10110 9531 9704 9432 9520 10306 9905 9887 10059 9987 9748 9696 9615 10809 9423 10327 9817 10325 10059 9921 9343 9760 10740 9597 9885 9853 10580 10551 9587 9916 10473 10003 9835 9144 9861 8906 9604 10215 10076 10527 9550 10032 10086 9602 9686 10183 9438 9599 10049 10206 9899 10480 9745 9894 10475 9658 9382 10113 10247 10213 9890 9536 10188 9020 10210 9643 9699 9383 9273 10134 9727 10231 9288 9852 9513 9814 10334 9929 9443 9384 9931 9989 9969 9566 9437 9238 9832 9544 10105 9378 9843 10029 9812 10395 9075 10135 9258 9604 9683 9482 9653 9899 9412 9862 10096 9815 9905 9995 10406 10543 9632 10273 9404 9976 10506 9240 10111 9818 10010 9699 9751 9710 9708 10097 10375 9829 9473 9556 9419 9765 10500 9554 9712 9578 9209 9742 9996 9325 9912 9851 9523 9034 9915 10121 10146 10176 10218 9859 9759 9350 10102 9391 9805 9679 9610 10093 8949 10239 9706 9541 9444 9625 9993 9322 10709 10115 10049 9439 9449 9776 10175 9676 9665 9979 10387 9528 9463 9736 10210 9987 10070 8790 9810 9975 9437 10045 9831 10183 9808 10071 9288 10258 9655 9855 9943 9788 10379 9208 10122 9856 10065 10324 9185 10110 9878 9968 9627 10051 9620 9654 10131 9464 9683 9987 9656 9838 10426 9106 10205 10208 9947 9764 9975 9859 10151 9856 9646 9330 9905 9044 9591 9738 9907 9830 9928 10301 9817 9888 9291 9412 9513 10253 10016 10251 9756 9657 9636 9996 9693 9749 10240 9790 9457 10194 9554 10117 9917 9860 9972 9539 10174 9610 10075 9754 9454 9461 9895 9399 9545 9626 9791
9491 10316 9583 10073 9893 10115 10174 9476 9603 9883 9413 11103 9852 9382 10207 9034 10258 8718 10150 10352 9971 9392 9408 9988 10179 10352 9784 9843 9355 9962 10625 10241 9744 10502 9830 9932 10173 9756 9675 10111 9539 9861 9675 10035 10091 9731 9553 9508 10138 9447 10071 9675 9893 9116 9866 9878 10100 10220 9074 9677 9810 9559 9814 10743 9787 9756 9600 9546 10017 10480 10065 9399 9761 9599 9508 9743 10119 9508 9205 9939 9722 9563 10124 10071 10129 9463 9674 10065 10066 9774 9589 9404 9824 9925 9810 9862 10232 9770 9185 9659 9306 9791 9627 10265 9809 9198 10367 10161 9757 10275 9250 10216 10358 10427 9625 9854 10196 9711 9662 9909 9455 9823 9905 10552 9347 9594 9197 10101 10172 9732 9412 9400 9304 9755 10834 10257 9641 10001 9633 10261 9671 9433 10703 9497 10249 9934 10070 10271 9869 9584 9445 10740 9273 9586 9787 10585 9762 9864 10028 10763 10204 9748 9675 10157 10088 9678 9947 9839 10502 9586 9863 10499 9540 9663 10226 9391 9805 9931 10006 10023 11093 9726 9736 10511 9587 9803 9812 10804 10172 9800 9700 10133 10214 10295 9265 9757 9405 9259 9545 9476 10241 9370 10128 10033 10546 10418 9986 9910 9768 9450 10043 10350 9441 9492 9562 9656 9631 9954 9913 9828 9681 10103 9664 9158 10001 9736 9567 9676 9889 9872 10079 9713 9836 10182 10499 9727 10464 10196 10535 9719 9944 9866 10203 10506 9387 10131 10241 9663 9692 9947 9521 9785 10080 9637 10159 9606 9920 9597 9835 10654 9920 9979 9990 9217 9912 9720 9074 10036 9702 9718 9193 10131 9972 9903 10309 10484 9763 9410 9775 9934 9404 9779 9796 9849 10021 9166 9904 9885 10312 9722 9463 9707 9023 10542 10223 10094 9860 9861 9865 10124 9775 10155 9973 10564 9903 9715 9736 9826 9775 10134 9559 9809 10052 9523 10249 10059 10335 10113 9375 9272 9920 9972 9703 10017 10093 10288 9967 10201 10113 9732 9958 9512 10039 10126 9802 9522 10632 9992 9508 10112 9351 10085 10005 9847 10164 10305 9466 9995 10668 9553 9732 10128 9162 10108 9861 10234 9502 10073 9792 9272 10326 10290 9784 10075 9784 9867 9952 9724 9379 9801 10151 9922 10198 9877 9696 10032 9448 10128 10084 10200 10447 9721 10886 9560 10488 10361 9735 10223 9823 10468 9681 10020 9623 9445 9168 10597 9620 9910 10096 10366
9504 9852 9392 9566 9738 9808 9921 9369 9833 9381 9127 10541 9940 8967 9839 8869 9628 8665 10136 10165 9982 9109 9728 9641 10244 9899 9822 9585 9776 9186 10072 9674 9676 10267 9487 9784 10023 9211 9515 9832 9337 9408 10077 9479 9959 9492 9207 9259 9681 9065 10157 9630 9769 9035 9491 9610 9548 8918 9612 9100 9555 8874 9788 10320 9466 9302 10030 9385 9866 10039 10110 9340 9673 9444 9294 9137 9556 9218 9120 10094 10076 9585 10049 9762 9924 9157 9233 9724 9743 9152 9210 8899 9352 9575 10036 9094 9876 9522 9500 9458 9632 9593 9406 9858 9792 9271 10154 9472 9742 10262 9420 10028 10227 9952 9451 9600 9636 9520 9124 9949 9184 9502 9473 10613 9072 9691 9061 9829 9190 9495 9392 9327 9461 9581 10665 9763 9691 9831 9357 9602 9498 9244 9803 9308 9485 9604 9990 10347 9823 9696 9270 10314 9153 9819 9490 10046 9893 8891 9471 10632 9468 9789 9184 9797 9296 9263 9439 9965 10281 9210 9782 9739 9552 9607 10270 9168 9586 9809 10038 9659 10674 9689 9555 10679 9023 9400 9834 9994 10065 9744 9003 9819 9483 10372 9066 9182 9173 9249 9848 8851 10065 8926 9480 9574 9713 10143 9827 9712 9174 9397 9806 9624 8997 9753 9523 9389 9358 9931 9485 9660 9825 9640 9403 8883 9689 9407 9479 9469 9796 9289 9551 9298 9711 9774 9749 9490 9997 9535 10157 9176 9981 9295 9468 10274 9170 9921 9788 9662 9550 9515 9505 9713 9476 9225 10034 9519 9230 9214 9118 10105 9471 9306 9432 9187 9631 9727 9017 9657 9284 9828 9062 9974 9689 9704 10358 9930 9748 9593 9113 9701 9142 9932 8934 9584 10224 9004 9505 9421 9356 9589 9528 9632 8417 10635 9869 9699 9565 9671 9705 10344 9733 9746 10304 10319 9711 9410 9005 9746 9528 9817 9039 9717 9341 9427 10111 9598 10126 9799 9449 9191 9624 9393 9660 9833 9338 9810 9769 10048 9810 9944 9959 9012 9629 10034 9533 9542 10297 9205 10026 9806 9302 9886 9997 9595 9587 10149 9174 9909 10131 9186 9431 9639 9390 10226 9886 9182 9445 9908 9198 9671 9751 10000 9181 10003 9617 10167 10078 9804 9261 9491 9950 10217 10285 9414 9893 9583 10137 9693 9161 10095 9759 9367 10608 9350 10216 9538 9751 9854 9201 9968 9293 9905 9552 9044 9035 10055 9545 9770 9637 9973
9419 9895 9631 9951 9526 9761 9574 8938 10204 9378 9212 10855 9810 9365 9849 8490 9726 8589 9557 9944 9766 9056 9574 9958 9960 9654 9879 9420 9771 9954 10167 10196 9657 10538 9706 9949 10280 9279 9492 10276 9366 9205 9639 9746 10001 9451 8849 9210 9869 9422 10201 9379 9506 9055 9510 9715 10036 9240 9575 9213 9762 9328 9469 10290 9603 9558 9461 9273 10030 10216 10354 9358 9754 9843 9604 9047 9538 9715 8863 9946 9668 9489 9979 9522 9556 9411 9583 9451 9625 9699 9412 9038 9839 9520 9563 9263 10095 9733 9462 9723 9421 9628 9415 10023 10237 9388 10368 9995 9453 10329 9443 10212 10220 9942 9504 9794 9312 9937 9231 9659 9134 9835 9739 9797 9131 9719 9584 9767 9496 9362 9596 9308 9023 9666 10153 9878 9499 9861 9414 9993 9207 9391 10123 9047 10015 9443 9950 10311 9652 9132 9338 10105 8749 9334 9694 10158 9909 9580 9706 10175 10040 9611 9162 9645 9736 9864 9551 9799 10543 9332 9887 10031 9501 9675 10079 9140 9628 9776 9900 10129 10446 9960 9265 10380 9314 9326 9986 10346 10277 9838 9257 9885 10263 10193 9290 9820 9457 9326 9439 9033 10231 9677 9638 9854 10060 9826 9387 9875 9945 9567 9956 9932 9354 9739 9431 8995 9258 9942 9106 9129 9667 9471 10100 9196 10061 9744 9265 9567 9951 9941 9730 9468 9849 9891 10175 9434 10118 9948 9920 10019 9544 9734 9365 10314 9255 9518 9878 9427 9148 9859 9165 9616 9585 9512 9551 9541 9196 9220 9365 10552 9593 9616 9544 9385 9417 9665 9246 9893 9130 9326 8872 9689 9746 9516 10092 10059 9823 9744 9307 9889 9262 9422 9360 9672 10215 8806 10035 9334 9393 9325 9399 9768 9269 10308 9955 9717 9496 9736 9311 10160 10079 9719 9655 10302 9714 9104 9084 9819 9345 10120 8976 9534 10013 9417 9836 9348 10307 9705 9805 9092 9854 9701 9722 9876 9656 9861 9771 9720 9982 9676 9764 9461 9964 9920 9557 9070 10519 9202 9434 9511 9186 9846 10067 9562 9871 10065 9041 9910 10217 9637 9617 9937 8900 10207 9430 9442 9508 9875 9084 9353 9957 9681 9334 9527 9572 9556 9631 9472 9509 9561 9784 9973 9837 9890 10063 9654 9743 10027 9698 9837 10032 9579 10035 9790 9784 9863 10129 10014 9068 10445 9530 10037 9927 9483 9241 10099 9386 9782 9887 10194
9819 10517 9880 10291 10387 10481 10577 9552 10365 10160 10032 11345 10494 9842 9937 9313 10427 9024 10751 10946 10346 9598 10380 10234 10617 10160 9997 10317 10008 10093 10478 10784 10176 10808 9829 10420 10880 9928 10193 10639 9829 9819 10435 10181 10469 9529 9525 9825 10364 9734 10487 10341 10129 9366 10164 10069 10508 9717 9747 9752 10357 9830 10259 10714 9960 9751 10404 10055 10206 10413 10791 9736 10382 10295 10148 9643 10401 10064 9872 10341 9901 10270 10731 10039 10213 9709 9865 10342 10251 10100 9984 9752 10087 9603 10264 9793 10448 10144 9897 10179 10103 10355 9815 10278 10484 10084 10808 10390 10333 10538 9594 10566 10879 10475 9874 10190 10268 10113 9754 10193 9685 10311 10195 10621 9952 9638 9819 10556 9831 10217 10013 9820 10127 10194 10762 10159 10016 10333 10377 10348 10271 9769 10987 9721 10304 10229 10828 10944 10248 9539 9756 10697 9671 10156 9793 10973 10095 10075 10260 11119 10377 10114 9911 10585 10235 10149 9917 10389 10920 9465 10696 11090 10108 9972 10686 9741 10209 10568 10353 10295 10996 10099 10097 11082 10010 9816 10370 10619 10713 9997 10238 10447 10259 10524 9757 10259 9712 9910 10293 9579 10523 9715 10154 10091 10428 10650 10371 10268 10283 10439 10783 10613 9754 9923 9909 9736 9888 10314 10110 10145 10090 10243 10421 9387 10893 9718 9967 10010 10231 10159 10547 9799 10311 10686 10508 10004 10377 10822 10525 9949 10521 9984 10382 10533 9546 10407 10571 10045 10306 10209 9759 10016 10191 10020 10574 9759 9798 10023 10608 10733 10187 9883 10244 9679 9818 10031 9505 10585 10045 9918 9751 10231 10640 10227 10570 10290 10214 9899 9962 10219 9743 10062 9947 10146 10413 9961 10571 10229 10303 10047 9748 10020 10021 10671 10336 10447 9863 10181 10454 10647 10037 10220 10507 10894 10171 9790 9838 10176 10003 10574 9563 10052 10590 10029 10869 10434 10672 10480 10163 9676 10633 10034 10399 10612 10103 10724 10171 10432 10455 10297 10628 10094 10399 10619 10194 9667 10713 9828 9632 10249 9861 10601 10447 9749 10233 10436 9334 10560 10504 10077 10065 10450 9624 10593 10166 10124 9729 10338 9882 10232 10532 10202 10206 10396 10306 10047 10063 9821 9623 10545 10380 10328 10719 10509 10213 10492 10204 10352 9708 10355 10465 9996 10720 9994 9908 10307 9934 10113 9786 10888 10347 10395 10327 9610 9536 10463 9808 10045 10359 10384
9898 9713 9895 9866 9557 9804 10249 9330 9858 9619 9213 11103 9524 9417 10183 8747 9924 8935 9757 10417 9724 9579 9836 10010 9903 9836 9683 9511 9857 9800 10086 10412 9368 10351 10161 10123 10134 9543 9454 10119 9354 9662 9994 9827 10290 9249 9308 9587 10055 9599 10003 9983 9948 9025 9888 9778 10101 9768 9232 9313 9585 8950 9920 10422 9873 9613 9698 9290 9716 10256 10217 9589 10319 9643 9840 9300 9560 9695 9187 10162 10033 9680 9909 9490 10172 9693 9675 9731 10191 9402 9323 9270 9529 9544 9840 9781 10054 10028 9307 9715 9698 9798 9399 9789 10061 9273 10422 9872 9813 10125 9423 10124 10501 10044 9477 9860 9846 9395 9623 9757 9300 9840 9795 10589 9394 9630 9203 10111 9601 9881 9590 9195 9556 9399 10651 9739 9792 10012 9682 9833 9660 9249 10279 9733 9552 9585 10052 10458 9734 9492 9727 10415 9550 9508 9921 10835 9830 9475 9844 10308 9964 9837 9608 9955 9504 9293 9793 10214 10036 9502 9797 10103 9543 9200 10253 9295 9846 9386 10095 9886 10645 9427 9602 10752 9249 9591 9831 10441 10318 9651 9253 9772 10037 10357 9059 9205 9459 9272 9550 9271 10184 9250 9233 9530 10435 10074 9732 9733 9699 9541 10316 9849 9098 10013 9589 9378 9517 10040 9209 9494 9904 9709 9403 9100 10106 9560 9296 9631 9553 9411 9740 9508 9739 9941 10143 9712 10403 9659 10170 9162 9984 9774 9984 10272 9454 9886 9857 9530 9708 10086 9653 9524 9327 9931 9910 9635 9603 9559 9880 10374 9366 9855 9637 9398 9748 9908 9072 9611 9844 9563 8804 10060 10051 10095 10088 10009 9661 9701 9566 10235 9329 10098 9674 9960 10282 9062 9965 9467 9614 9231 9810 9484 9173 10383 10181 9507 9653 9610 9783 10373 9422 9989 9673 10509 9698 9471 9583 9717 9514 10157 9319 9804 9980 9816 9964 9851 10141 9966 9605 9223 9950 9582 9433 9892 9398 10153 9636 9987 9867 9607 9678 9414 9828 9752 9738 9591 10444 9843 9355 9678 9354 9994 9909 9534 9957 9947 9398 10257 10264 9681 9250 9745 9022 10088 9909 9923 9909 9542 9403 9425 10161 9903 10231 9840 9889 9899 9958 9730 9518 9584 10181 9913 10191 10032 9814 9835 9546 9959 9750 10264 9845 9559 10414 9583 10065 9965 9925 9742 9692 10329 9443 10163 9746 9063 9277 10402 9478 9419 10095 9807
9975 9969 9550 9763 9505 9673 10408 9062 9865 9703 9402 10598 9867 9526 9928 9266 10197 9250 10062 10338 9713 9036 9931 10080 10116 9327 9970 9449 9873 9951 10488 10323 9758 10400 10301 9852 10520 10207 9667 10033 9752 9793 9695 9611 10189 9439 9077 9434 9902 9470 9631 9544 9948 9423 9270 9887 10372 9477 9271 9844 10090 9386 9723 10050 9704 9701 9468 9530 9788 10126 10575 9423 9811 9969 10109 9672 9736 9716 9287 10259 9393 9605 9974 9791 10125 10093 9617 10259 10034 10208 9617 8890 9498 9515 9883 9263 9919 10019 9368 9662 9882 9687 9582 9930 10054 9421 10341 10180 9902 10062 9364 9999 10175 10291 9649 9837 9650 9271 9718 9776 9053 9918 10171 10383 9424 9545 9362 10203 10033 9942 9581 9403 9802 9792 10410 9631 10330 10290 9674 9969 9419 9731 10759 9281 9771 9534 10187 10054 9932 9196 9203 10315 9490 9671 9339 10282 9984 9596 10172 10183 9838 9874 9619 10004 9404 9278 9978 9677 10284 9737 9771 10336 9676 9494 10220 9961 9788 10008 10257 9572 10383 9832 9506 10517 9336 9955 10438 10428 10485 9904 9499 10133 10046 10304 9505 9923 9904 9021 9626 9304 9986 9608 9620 9871 10020 10285 9705 9924 9764 9776 10204 9792 9353 9821 9359 9600 9627 9923 9457 9745 10258 10001 9768 9191 9970 9880 9509 9605 9420 9804 9714 9216 10106 9827 10198 9690 10076 10345 10212 9904 9742 10043 10077 10280 9473 9958 10145 9742 9542 10214 9582 10148 9948 10059 10081 9713 9853 9483 9688 10458 9548 10001 9455 9126 9406 10015 9724 9682 9640 9543 9165 9915 9777 9638 10168 10081 9669 10076 9637 10043 9325 9602 9998 10147 9997 9091 10086 9270 9639 9510 9430 9730 9355 10216 10273 9275 9954 9645 10184 10077 10128 9797 9871 10261 9632 9188 9721 9500 9505 10104 9298 9714 9642 9688 9943 10067 10325 9989 9887 9144 9618 9589 9604 10054 10016 10250 9720 10165 10179 9613 9836 9480 10176 9712 9873 9257 10516 9927 9660 9889 9451 10110 10033 10338 10058 10172 9232 10276 10708 9868 9367 10288 9559 10225 9688 9806 9826 9535 9106 9928 9854 9683 9822 9948 9995 9870 9998 9198 9170 9880 10061 9996 9743 9604 9650 9516 9481 9910 9177 10151 9854 9190 10512 9313 9825 10198 9858 10145 9195 10247 9574 10095 9760 9563 9440 10130 9232 9599 10339 10388
9185 9971 9606 9753 9143 9614 10207 8988 9779 9363 9065 10651 9458 8885 9831 8796 9915 8660 9814 9943 9724 9104 9262 9380 10256 9924 9420 9319 9257 9505 10138 9662 9384 9776 9713 9781 10184 9676 9675 10217 9765 9521 9545 9701 9885 8774 8864 9484 9402 8997 9595 9427 9779 9236 9374 9306 10275 9184 9071 9296 9729 9024 9556 10503 9536 9272 9478 9002 9820 9828 10184 9331 9504 9381 9318 8903 9761 9319 9003 9675 9365 9190 9390 9585 9818 9668 9535 9906 9862 9527 9281 8911 9661 9306 9174 9229 9597 9962 9180 9513 9133 9443 8910 9851 9751 9486 9688 9899 9608 9836 8968 10009 10224 9893 9210 9322 9700 9382 9694 9759 8998 9517 9494 10020 9095 8834 8990 9655 9825 9796 9430 9341 9098 9705 10353 9504 10006 9613 9660 9770 9760 9306 10277 8993 9536 9496 9589 9874 9896 9099 9528 10397 8866 9363 9499 10033 9554 9138 9847 10401 9761 9452 9405 9972 9119 9394 9582 9250 10067 9334 9593 9851 9575 9153 9987 9158 9729 9709 9786 9849 10438 9612 9854 10409 9411 9527 9483 10276 10102 9307 9415 9618 10073 9707 8916 9571 9553 8622 9577 8732 9652 9154 9395 9236 9759 9855 9593 9122 9400 9654 9866 9825 9202 9532 9565 9221 9152 10129 9410 9447 9529 9765 9219 8892 10015 9142 9283 9582 9655 9597 9759 9397 9345 9551 9669 9103 10049 10364 9704 9206 9780 9590 9715 10141 8842 9596 9667 9704 9344 9434 9653 9594 9125 9588 9484 9483 9578 9239 9665 10324 9379 9131 9147 8846 9539 9863 9465 9772 9245 9205 9028 9755 9729 9696 9686 10165 9772 9694 9365 9511 9260 9724 9394 9928 10193 9091 9984 9339 9364 9430 9023 9512 9048 9997 9481 9187 9308 9607 9398 10034 9715 9525 9830 10021 9767 9415 9059 9856 9389 10109 8679 9516 10123 9386 9650 9919 10005 9855 9760 8856 9780 9057 9636 9496 9325 9859 9191 9627 9852 9560 9468 9302 9543 9769 9308 9118 9966 9396 9159 9231 8907 9313 9380 9557 9968 10115 9054 9734 10289 9536 9148 9884 9210 10220 9502 9494 9343 9408 9070 9326 9519 9360 9495 9590 9551 9175 9615 9739 8544 9093 9986 9759 9808 9336 9511 9512 9210 10087 9317 9912 9706 9051 10125 9440 9962 9707 9339 9727 9243 9417 9575 9653 9356 9406 9120 9651 9137 9571 9887 10160
10657 10296 9977 10354 10624 10146 11126 9623 10518 10426 9667 11452 10777 10190 10464 9721 10271 9726 10851 11203 10504 9858 9977 10504 10787 10141 10196 10786 10346 10651 11027 10712 9737 11115 10446 10043 10815 10121 10320 10955 10304 10662 10484 10186 10376 10119 9780 10058 10315 10024 10680 10509 10675 9810 10123 10483 10859 10568 9871 10290 10317 10086 10366 11514 10206 10189 10630 10560 10660 10338 11208 10055 10370 9829 10207 10136 10540 9952 9925 10368 10431 10147 10260 10442 10600 10287 10265 10630 10576 10304 9911 9578 10056 10200 10408 9938 10488 10417 9985 10667 10348 10703 9746 10285 10700 10402 11038 10470 10321 10801 10130 10390 11162 10969 10025 10004 10546 10217 10004 10304 9913 10477 10566 10923 9851 9947 9942 10791 10263 10164 10364 10245 10181 10634 10963 10488 10283 10549 10239 10848 10180 9957 10499 10030 10892 9856 10793 10681 10680 9821 10055 11101 9889 9974 10054 11018 10526 10282 10514 11010 10443 10677 9987 10704 10400 10178 11112 10815 10845 10129 10530 10781 10307 10276 11046 9497 10574 10528 10902 10715 11467 10500 10434 11468 10474 10229 10276 11138 10940 10261 10055 10520 10838 10683 10257 10190 10088 9758 10301 9490 10698 10279 10065 10174 10568 10907 10318 10253 10383 10319 10925 10886 9790 10430 10111 10231 9902 10746 10182 10284 10158 10605 10661 9711 10719 9924 10191 10264 10274 10389 10574 10063 10443 10419 10962 10216 10851 10951 10864 10227 10532 10523 10915 10962 9761 10200 10383 10713 10639 10248 10502 10594 10239 10241 10639 10177 10529 10268 10078 11335 10002 10242 10413 9685 10280 10285 9856 10518 10324 10449 9912 10523 10226 10713 10721 10810 10400 9908 10101 10606 9883 10627 10675 10649 11048 9512 10615 10544 10246 10216 10277 10164 9382 10877 10667 10332 10432 10177 10529 11029 10651 10312 10692 10975 10176 10030 9784 9995 10240 10762 9877 10810 10424 10139 10710 10158 11217 10426 10257 10112 10467 10030 10609 10342 10200 10900 10291 10939 10435 10589 11169 9852 10114 10564 10398 10187 11136 10510 10393 10339 10282 10289 10763 10551 10654 10542 9777 10742 11071 10083 10252 10780 10090 10960 10621 10044 10039 10325 9789 9905 10482 10875 10175 10431 10385 10103 10421 10338 9738 10542 10509 10948 10811 10643 10269 10320 10285 10652 9983 10698 10237 10247 10972 10266 10968 10344 10461 10797 9937 10758 10061 10494 10638 10360 9983 10523 10438 10202 10508 10752
10204 10161 10072 10280 10028 10065 10528 9649 10193 10027 9875 11097 10158 9873 10338 9301 10369 9357 10559 10830 10297 9791 9813 10080 10855 9985 10230 10358 9959 10371 10794 10872 10109 10784 10112 10082 10840 10300 10412 10740 9875 10398 10125 10016 10471 9629 9599 9834 10272 9494 10466 10018 10577 9779 9974 10156 10733 9743 9909 10121 10250 9694 10118 11002 10087 9892 9900 9590 10216 10608 11075 9803 9979 9892 10285 9945 10305 9846 9667 10625 9884 10141 9980 10147 10310 10196 10008 10792 10573 10182 10015 9709 10039 9926 10140 9885 10550 10260 9489 10527 9965 10412 10036 10388 10247 9978 10950 10840 9995 10617 9594 10485 10498 10638 10071 10001 10128 9916 9933 10472 9772 10387 10230 10361 10006 9687 9742 10715 10234 10431 10101 10013 9788 9823 11219 10419 10364 10283 10302 10489 10280 9878 11180 9507 10461 9826 10385 10763 10352 9928 9913 10860 9878 10060 9975 10795 10536 10067 10393 10792 10345 10182 9884 10240 9753 10236 10254 10515 10655 9718 10173 10311 9951 9968 10795 9813 10419 10441 10234 10154 10877 10549 10261 11047 9908 9902 10758 10510 10777 10210 10022 10471 10260 10649 9563 9923 9954 9705 10173 9910 10605 9625 9977 10117 10584 10645 10407 10046 10031 10367 10603 10598 9756 10046 9666 9612 9898 10477 9913 10154 10297 10297 10128 9348 10576 10164 10088 10042 10157 9775 10126 9911 10454 10350 10613 10012 10338 10618 11069 9418 10284 9879 10167 11030 9383 9636 10305 10003 10164 10535 10062 10036 9927 10545 10229 10108 9835 10075 9957 10934 10046 10222 9890 9130 9773 10448 9551 10447 10192 10017 9685 10758 10550 10278 10652 10732 10091 10054 10032 10481 9685 10245 10013 10574 10306 9341 10528 9748 10178 10031 10235 10310 9472 10662 10586 10011 10324 10085 10107 10766 10203 10099 10483 10923 10061 9642 9783 10143 10173 10851 9176 10370 10396 9919 10531 10255 11144 10412 10283 9804 10412 10219 10143 10480 10611 10684 10130 10293 10386 10404 10382 10171 10298 10572 10040 9533 10572 10298 9826 10016 9868 9997 10704 9968 10353 10481 9787 10359 10699 9985 9775 10377 9826 10403 10389 10395 9894 10647 9839 10274 10646 10105 10033 10444 10369 10101 10054 9946 9522 10386 10044 10230 10341 10259 10202 10439 9940 10591 9977 10646 10446 10260 10549 9756 10633 10176 10167 10494 10005 10685 9914 10151 9984 9948 9807 10562 9762 9945 10750 10649
9680 10171 10449 9987 9580 10009 10406 9359 9897 9704 9391 10880 9873 9556 9916 9476 10223 8676 10035 10421 9883 9483 9673 9694 10674 9957 9631 10433 9607 10038 10459 10400 9902 10075 10045 9989 10374 9723 9882 10697 9694 9772 10324 10061 10571 9243 9260 9741 9754 9811 10155 9502 9988 9604 9711 10232 10553 9670 9668 9300 10321 9055 10247 10547 9870 10104 10220 9735 9748 10368 10628 9841 10298 10045 10176 9329 10458 9706 9499 10409 10338 9532 9996 10116 10335 9784 9784 10108 10469 10052 9724 9289 9832 9619 10023 9985 10081 10392 9771 10160 9384 9723 9876 9941 10130 9609 10573 10383 9968 10407 9455 10152 10379 10172 9808 9756 10195 9965 9738 10385 9590 10217 10237 10513 9469 9839 9532 10346 9567 9842 9843 9932 10123 9755 10713 9952 10341 10324 9996 9858 10076 9554 10749 9779 10166 9757 10646 10769 10216 9484 9798 11012 9868 10090 10021 10686 9834 9856 10303 10674 10245 10108 9566 10460 9340 9733 10049 10082 10849 9603 10065 10417 9850 9548 11030 9826 10199 10277 10327 10203 10742 9958 10017 10655 9674 9665 10620 10471 10197 10117 10277 10132 9962 10273 9698 10199 9780 9682 9958 9617 10286 9434 10107 9708 10081 10649 10143 9585 9733 9843 10336 10030 9547 10144 9249 9936 9994 10095 10009 10186 9877 9843 9992 9494 10292 10027 9701 9670 9746 9743 9767 10127 10365 10291 10349 9688 10023 10449 9974 9970 10064 9785 10209 10613 9462 10326 10159 10175 9789 10209 9808 10062 10053 9566 10037 9821 9538 9765 9949 10528 9864 9927 9638 9393 9690 9682 9661 9941 10001 9792 9102 10283 10106 10323 10370 10601 10062 9816 9720 10077 9561 9852 9838 10208 10549 9653 10049 9536 9874 10105 9603 9869 9677 10244 10151 10341 9827 10249 10183 10809 9996 10227 10157 10598 9825 9740 9425 10099 9942 10625 9516 10182 10248 9978 9777 10368 10489 10507 9703 9399 10064 9733 9961 10290 9956 10212 9816 10035 10237 10123 10423 9951 10361 9869 10299 9850 10410 9720 10075 10147 9872 10004 10114 10402 10114 10136 9304 10825 10628 9780 9812 10301 9414 10726 10249 10077 9781 10194 9980 9728 10148 10295 10171 10193 10494 9935 9925 9936 9385 9833 9935 10248 10104 10149 10511 9898 9883 10218 9610 10603 10249 9473 10626 9824 10109 10156 10094 9905 9618 10302 10161 10328 10202 9655 9442 10015 9957 9927 10084 10115
9644 10046 10236 10423 10488 10384 10594 9669 10117 10003 9841 11530 10291 9917 10521 9383 10487 9410 10376 10298 10603 9488 10067 10325 10460 10341 10214 9921 10175 10242 10726 10833 10570 11029 10460 9840 10512 10045 10036 10699 9608 9979 10261 10032 10818 9661 9420 9982 10166 9803 10628 9746 10139 9235 10001 10781 10491 9795 9491 9801 10110 9680 10232 10940 10693 9757 9894 9862 9942 10362 10692 9828 10110 9939 10183 9956 10296 10106 9934 10535 9768 9937 10692 10173 10683 9837 10071 10554 10609 10256 10044 9384 9618 9857 10289 10090 10317 10176 9585 10063 10140 10196 10192 10503 10421 9792 11053 10363 10178 10710 9808 10427 10832 10383 10191 10076 10309 10119 10014 9985 10010 10127 10049 10720 10063 10103 9464 10843 10024 10688 10265 9957 9774 10106 10523 10161 10419 10046 10724 10405 10039 9767 10879 9826 10154 10157 10771 10774 10209 10016 9553 11125 9778 10155 10209 11042 10466 9818 10331 10519 10062 10353 9901 10712 10159 10218 10229 10446 11223 9766 10229 10742 10079 9711 10728 9700 10263 10355 10664 10116 11172 10509 9980 11006 9884 9931 10418 10655 10600 9770 9983 10475 10287 10549 9464 9858 10084 9561 10104 9543 10623 9889 9977 10159 10630 10581 10576 10050 10010 10064 10348 10608 9914 10070 10098 9922 9725 10320 10111 9990 9862 10418 10009 9942 10471 9959 9900 9926 9971 10301 10092 9819 10085 10238 10513 9923 10635 10527 10593 9839 10172 10209 10252 11067 9752 10119 10265 10055 10011 10280 9810 9997 10259 10434 10370 9889 10035 10093 10258 11200 10591 10040 9432 9425 10139 10465 9843 10391 10199 10026 9360 10286 10349 10277 10829 10987 10310 10383 10024 10378 9685 10255 9785 10825 10473 9140 10248 10165 9823 10286 9980 9978 9706 10938 10400 10443 9985 9731 10228 10994 10200 10164 10579 10995 10032 10029 9904 10613 10297 10459 9622 9950 10488 10116 10441 10330 10701 10411 10001 9965 10323 9914 9965 10418 10084 10490 9961 10441 10370 10658 10457 9925 10200 10324 10206 9891 10384 10154 10507 10443 9797 10226 9694 10312 10711 10721 9170 10711 11069 9877 10040 10675 9705 10793 10437 10009 9816 10309 9683 10057 10357 10250 10235 10235 10177 9838 9803 9709 9155 10169 10469 10421 10511 10402 10435 10391 10018 10031 10055 10731 10504 9935 10756 9810 10249 10272 10009 10345 9701 10485 9866 10495 10151 9498 9693 10311 9784 9889 10185 10396
10613 10946 10542 10654 10540 10323 11227 10256 10510 10578 10436 11804 10340 10400 10446 10012 10772 9792 11078 11171 10671 10306 10447 10753 10946 10647 10643 10642 10539 10811 11150 11204 10632 10844 10882 10695 11208 10219 10208 10858 10329 10969 10556 10372 10864 9545 9873 10464 10653 10251 11465 10409 10983 9764 10469 10597 11078 10335 10070 10476 10647 10137 10512 11649 10448 10301 10636 10099 11008 10848 11381 10393 10884 10542 10480 10577 10685 10300 10043 10740 10475 10226 10866 10689 10847 10781 10458 10601 10598 10782 10496 9945 10435 10203 10742 10243 10830 10393 10462 10938 10124 10540 10335 10502 10856 10326 11055 10825 10590 11154 10328 10799 11260 10658 10381 10346 11044 10310 10808 10408 10470 10675 10450 11271 9998 9819 10182 11123 10663 10788 10432 10384 10549 10720 11232 10862 10621 10714 10660 10797 10671 10360 11371 10144 11115 10498 10720 11045 10887 9899 10072 11529 10512 10581 10455 11325 10589 10401 10602 11283 10541 10765 10393 10972 10011 10821 10880 11228 10979 10474 10339 10884 10380 10379 11091 10227 10608 11053 10931 10233 11268 10784 10752 11510 10232 10642 11005 11179 11159 10788 10263 10874 10916 11147 10431 10366 11046 10046 10337 9996 10921 10282 10252 10411 10996 11091 10958 10375 10499 10877 11186 11120 10321 10425 10238 9863 10299 10987 10766 10321 10492 10944 10664 9806 11328 10396 10279 10508 10497 10774 10689 10053 10775 10625 11269 10371 10674 10901 10849 10806 10738 10439 10806 11056 9885 10632 11202 10623 10384 10604 10679 10629 10886 10909 10848 10528 10387 10474 10538 11403 10230 10300 10201 9894 10670 10433 9605 10821 10047 10910 9603 10960 10665 10878 11084 10900 10756 10392 10164 10724 10244 10224 10184 11131 10970 9716 10975 10235 10534 10532 10743 10550 9730 11596 11152 10592 10893 10061 11025 11062 10521 10546 10623 11391 10975 10207 10487 10887 10334 11199 10272 10837 10380 10524 10905 10417 11595 10834 10491 9875 10749 10605 10670 10458 10566 11026 10491 11219 10391 10577 10932 10265 10787 10828 10707 10433 10836 10458 10548 10894 10010 10547 10414 10700 11089 10967 10141 11086 11215 10227 10368 10919 10436 10611 10718 10419 10614 10768 10210 10329 10791 10592 10720 11041 10459 10747 10668 10331 9881 10552 10548 10879 10721 10693 10437 10446 10678 10801 9969 10908 10958 10617 11441 10524 11017 10553 10701 10735 10037 11129 10769 10770 10736 10368 9947 11205 10314 10721 10945 11234
9579 10555 9961 10254 10183 10269 10536 9501 10099 9679 9594 11239 10434 9667 10046 9614 10235 8995 10360 10317 10193 9673 10052 10138 10371 10404 10305 9656 10155 10053 10121 10428 10070 10686 10199 10251 10859 10133 9945 10237 9539 9950 10086 9770 10411 9745 9157 10078 9947 9462 10199 9683 9952 9407 9882 10441 10213 9713 9474 9930 10648 9339 10201 10788 9944 9963 9874 9858 10041 10270 10573 9527 10307 9806 10161 9856 10531 9802 9806 10000 10165 9565 10228 9806 10304 9504 9840 10262 10187 10078 9967 9366 10136 9718 10110 10086 9840 9957 9574 9906 9717 9678 9673 10519 10355 9874 10534 10318 10175 10264 9335 10313 10694 10677 10017 9751 9949 9567 9877 10292 9578 9679 10264 10491 10065 9545 9426 10440 9932 10380 9884 9678 9733 10124 10619 9710 10136 10097 10167 9765 9689 9533 10696 10045 10088 10400 10304 10460 10140 9513 9644 10648 9662 9917 9830 10689 10229 9701 10171 10885 9959 10216 9674 10576 9562 9843 9982 10406 10472 10092 9852 10436 9742 9832 10738 9351 10099 10037 10137 9797 10765 9966 9711 10958 9585 9742 10253 10972 10744 9895 9815 10158 9927 10809 9565 9661 9670 9662 9817 9343 10317 9458 9809 10014 10322 10545 10075 10213 9880 9854 10479 10287 9685 9765 9861 9433 9880 10250 9832 10363 9814 10064 10132 9635 10384 9803 9822 9836 9892 9924 9567 9401 9955 10195 10283 10363 10537 10647 10481 9637 10536 9824 10000 10635 9540 10186 10261 10067 10111 9952 9814 9813 10349 10120 10061 10013 9705 9670 10094 10587 9845 9646 9912 9370 10105 10458 9341 10298 9927 9830 9586 10297 10240 10152 10010 10248 10027 10103 10101 10471 9702 9910 9997 10077 10224 9508 10109 9759 9844 9988 9835 10151 9345 10682 10037 10006 9741 9938 10021 10541 9872 9983 10371 10603 10046 9856 9614 9918 10120 10287 9578 9635 10201 9748 10203 10034 10396 10114 9946 9837 10373 10316 10216 10181 10286 10408 10030 10271 10111 9921 10261 9745 10259 10216 9956 9812 10499 10026 10073 10061 9612 9548 9941 10457 10466 10403 9060 10420 10009 9850 9928 10268 9524 10340 9987 9978 9836 10062 9713 9767 10087 10018 10312 10132 10321 10188 10332 9809 9664 9914 9967 9939 10438 10185 10177 10037 9791 10156 9684 10169 10585 9583 10737 9366 10091 9984 10370 10284 9775 10500 9867 10132 9950 9861 9931 10390 9753 9798 10294 10366
9486 9720 9584 9541 9269 9791 9922 9267 9683 9591 9372 10646 9978 9268 9834 9249 10145 8956 10050 9979 9553 9277 9240 9671 9979 9638 9391 9990 9604 9451 10155 10416 9557 10311 9811 9727 9912 9348 9477 10173 9578 9551 9832 9772 10001 9487 9094 9526 9294 9494 10130 9162 9861 9551 9447 9426 10036 9420 9033 9232 9535 9057 10082 9992 9478 9315 9903 9544 9386 9894 10331 9265 10014 9681 9691 9091 10071 9449 9025 9602 9524 9347 9613 9812 10430 9111 9467 9767 9964 9499 9418 8886 9365 9575 9599 9329 9989 9861 8962 9662 9412 9227 9322 10024 9541 9098 10228 9909 9385 10233 9151 9850 9796 10154 9666 9542 9540 9193 9763 10168 9099 10094 9705 10384 9029 8865 8911 9929 9509 9224 9405 9671 9616 9312 10294 9867 9887 10059 9609 10009 9430 9401 10505 9316 9738 9821 9861 9991 9315 9260 9413 10331 9269 9496 9577 10331 9816 9363 9584 10338 9924 9612 9241 10030 9199 9528 9375 9831 10310 9427 9234 10053 9629 9223 10474 9299 10343 10122 9946 9312 9868 9615 9621 10160 9557 9936 10100 10014 9920 9637 9479 9482 9437 9961 9007 9676 9482 9165 9749 8722 9906 9373 9896 9567 10054 10092 9725 9434 9375 9809 9930 9950 9168 9788 9303 9538 9536 9988 9204 9503 9674 9657 9892 8544 10047 9275 9230 9239 9537 9625 9698 9430 9954 9842 9858 9697 9534 10500 10145 9259 9864 9622 9621 10031 9307 9664 9818 9502 9354 9446 9483 9334 9830 9692 9519 9531 9759 9427 9824 10584 9244 9478 9458 9022 9262 9557 8858 9351 9389 9599 8845 10129 9802 9737 9678 10256 9774 9558 9634 9674 9429 9533 9669 9972 9778 8945 10113 9344 9661 9710 9260 9597 8891 10183 10047 9747 9524 9113 9922 10144 9752 9697 9786 10259 9597 9706 9228 9583 9087 9840 8889 9594 9311 9542 9993 9514 10192 10121 9142 9350 9809 9262 9656 9630 9764 9571 9616 9980 10108 9961 10298 9133 10138 9982 9816 8917 10198 9581 9141 9428 9290 9643 9866 9713 9914 10127 8937 9897 9976 9578 9339 9717 9293 9894 9910 9475 9242 9868 9475 9476 9861 9597 9593 9923 9569 9348 9824 9466 9052 9799 9640 9929 10032 9626 9776 9875 9762 9746 9572 10287 9652 9068 9877 9577 9934 9973 9794 9578 8929 10233 9233 10015 9314 9129 9401 10318 9282 9471 10088 10078
10500 10450 10292 10467 10613 10328 10572 10088 10234 9937 10437 11015 10455 9994 10666 9626 10784 9356 10394 10538 10296 9689 10140 10534 10577 9890 10579 10277 10002 10499 10799 10700 10396 10700 10693 10186 10764 10419 10042 10859 10083 10246 10622 10094 10672 9956 9541 9917 10813 10147 10567 10568 10531 9835 10272 10059 10738 10212 9755 9978 10324 9728 10491 11026 9917 10242 10074 10085 10214 10645 11155 9885 10536 9942 10249 10086 10869 10091 9589 10862 10391 10020 10246 9973 10508 10134 9955 10614 9992 9966 10083 9284 10506 10003 10621 9851 10755 10661 9781 10436 10187 10622 10102 10646 10074 10025 10967 10996 10250 11086 9893 10202 11182 10572 9857 10485 10539 9831 10199 10089 9772 10674 10457 11157 9845 10017 9719 10928 10521 10459 10127 9897 9912 10238 10895 10252 10631 10942 10339 10242 10603 9686 11167 9974 10388 10139 10800 11032 10217 9769 10250 11042 9485 10385 10113 11003 10613 10122 10599 11037 10389 10380 9916 10453 9602 10660 10445 10682 10670 10075 10261 10635 10333 10333 10596 9993 9967 10283 10409 10008 11273 10372 10076 11296 9689 10236 10527 11328 10715 10541 9613 10729 10354 11333 9759 10308 10081 9823 10056 9646 10794 9927 9838 10296 10997 10768 10551 10068 10203 10208 10611 10512 9882 9979 9448 9952 10132 10550 9647 10212 10328 10416 10347 9934 11033 10365 10017 10296 10200 10432 10405 10100 10212 10597 10652 10001 10849 10862 10810 10475 10643 10214 10425 11390 9491 10232 10982 9984 10326 10702 9678 10181 10399 10423 10667 10265 9682 10082 10634 10856 10272 10335 9889 10097 10317 10193 9920 10890 10383 10233 9257 10820 10659 10419 10932 11078 10672 10220 9992 10583 10203 10251 10022 10554 10623 9509 10497 9861 9941 10768 10199 10214 9487 10546 10563 10456 10227 9892 10212 10939 10247 10124 10320 10666 10365 9703 9812 10394 10094 10540 9450 10142 10552 10121 10187 10503 10790 10120 10540 9677 10250 10048 10539 10543 10529 10531 10284 10520 10617 10638 10609 10211 10699 10598 10303 9948 10631 10002 10200 10338 10092 10357 10418 10135 10678 10593 9327 10642 10995 10202 10050 10661 10178 10434 10336 10392 10296 10446 9868 10557 11122 10177 10148 10428 10236 10675 10115 9948 9694 10374 10498 10721 10660 10397 10173 10210 10343 10612 9874 10300 10431 10035 10828 10061 10668 10303 10378 10267 9957 10913 10331 10179 10167 10057 9944 10786 10040 10726 10272 10123
10667 10665 10421 10402 10659 10745 10759 10107 11021 10811 10303 11423 10791 10440 10888 9812 11380 9813 11146 11445 10975 10032 10511 10955 11221 10788 10658 10665 10693 10554 11337 11198 10861 10996 10966 10883 11271 10598 10607 10899 10342 10754 10800 10560 10967 10116 9801 10721 10746 10220 10809 10198 11137 9917 10477 10808 10982 10224 10166 10517 10922 9878 10827 11823 10687 10200 10852 10174 10350 10787 10968 10533 10651 10202 10252 9993 10545 10367 10005 10553 10484 10292 10921 10373 11069 10935 10149 10735 11068 10624 10602 10036 10388 10062 10847 10249 10869 10915 9924 10913 10372 10910 10221 10982 10610 10184 10681 10899 10662 10907 10099 10656 11152 11024 10333 10598 10959 10664 10283 10469 9790 10488 10970 11152 10037 10156 9966 11246 10480 10718 10420 10014 10634 10603 11213 10877 10992 10783 10755 10584 10521 10280 11417 10397 10691 10336 11109 10980 11169 10535 10134 11301 10090 10590 10604 11025 10991 10123 10976 11298 10902 10724 10198 11420 10396 10446 10923 10884 11500 10516 10220 10925 10240 10747 11392 10260 10728 11036 10803 10521 11814 11032 10651 11170 10268 10287 11030 11134 11528 10233 10341 10371 10272 11017 9998 10528 10640 9918 10725 10085 11056 10072 10284 10456 10632 11547 10747 10203 10555 10697 10970 10990 10308 10365 10088 9964 10356 10935 10226 10671 10695 11032 10701 9684 11045 10347 10273 10429 10370 10717 10699 10092 10549 11019 11121 10610 10883 11086 11268 10347 10696 10441 10768 11513 10013 10748 10740 10618 10402 10727 10658 10530 10306 10441 10876 10558 10643 10522 10647 11476 10202 10463 10086 9411 10389 10763 10106 10983 10618 10586 9649 10966 10769 11039 10955 10945 10639 10384 10642 10842 10205 10478 10391 10840 11052 9869 10902 10266 10568 10667 10348 10797 10330 11009 10998 10892 10595 10840 10864 10975 10870 10295 10918 11308 10445 10388 10308 10662 10275 11091 10521 10884 10797 10422 10950 10684 11616 10786 10351 10428 10685 10586 10665 10521 10806 10841 10425 10998 10381 10967 11041 10030 11169 10754 10709 10777 11291 10282 10212 10478 10216 10864 10701 10621 11211 11269 10119 10755 11497 10475 10556 10855 10111 11341 10803 10888 10391 10542 10165 10450 10778 10849 10426 10909 10615 10547 10686 10687 10035 10533 10674 11471 10767 10603 10932 10783 10682 10921 10421 11017 10923 10237 10985 10325 11246 10708 10790 10900 10038 10730 10594 11034 10275 10307 10577 10415 10267 10570 10918 10921
9977 10277 9759 9951 9698 9907 10446 9361 10146 10101 9753 10878 10307 9365 9917 9237 10066 9007 10708 10491 10175 9565 9672 10058 10595 9870 10153 9791 9961 10402 10351 10625 9855 10580 10084 10117 10484 9870 10005 10059 9839 9560 10294 9767 10188 9872 10030 9939 9796 9450 10394 9879 9867 9596 10064 10139 10153 10158 9340 9378 9867 9358 9959 10535 9490 9818 10274 9710 9813 10288 10596 9806 10076 9849 10151 9520 10127 9591 8962 10109 9989 9927 10135 10025 10256 9993 10075 9664 10431 10210 9386 9419 9963 9785 10396 9557 10138 9811 9572 9876 9567 9861 9739 10091 10276 9567 10084 10062 9795 10242 9825 10085 10318 10344 9885 10105 9949 9606 9958 10063 9466 9902 10292 10525 10003 9735 9485 10748 9829 9952 10043 9418 9699 10179 10947 10029 10053 10193 9872 9771 9893 9749 10307 9968 9722 9749 10182 10329 9991 9607 9877 10587 9273 10237 9857 11065 9977 9870 10540 10712 10001 10342 9571 10285 9656 9685 10084 10316 10552 9331 9781 10073 9860 9795 10697 9685 10123 10162 10083 9622 10774 9975 10235 10505 9811 9889 10471 10363 10500 10042 9970 9949 10273 10569 9562 9547 10112 9368 9875 9439 10257 9360 9811 9891 10387 10457 10123 10003 9964 10145 10460 10434 9552 9730 9471 9650 9940 10263 9802 10081 9951 9905 9884 9410 10579 9896 9669 9829 9609 9795 10053 9834 10039 10612 10217 10184 10472 10277 10342 10024 10158 9640 10234 10686 9389 9889 10353 9760 10025 10290 9789 10178 10161 10080 10050 9849 9577 9481 9692 10758 9507 9672 9669 9732 9609 10107 9415 10325 9761 9894 9301 10325 10227 10246 10191 10734 10377 9803 9619 10048 9648 9927 9745 10047 10194 9245 10000 9548 9969 9911 9771 10043 9154 10604 10393 10155 10144 9881 10353 10715 9816 10359 10125 10612 9804 9820 9578 9995 9714 9854 8996 9497 9873 9945 10156 9906 11128 10363 9973 9444 10065 9542 9745 10315 9999 10560 10072 10357 10137 9664 10228 9602 10167 10485 10069 9461 10383 9679 9332 9712 10138 9897 10017 9944 10353 10664 9833 10108 10472 9641 9404 10364 9057 10393 10084 9879 9959 9979 9734 9731 10333 9829 10105 10000 9971 9783 10167 9672 9434 10188 10286 10186 10566 10295 10074 10133 9919 10419 9928 10482 10182 9613 10226 9523 10429 9902 10061 10361 9760 10300 10305 10298 10201 9791 9779 10430 9452 10063 10217 10556
9468 9728 9373 10276 9431 9554 9526 8926 9775 9239 9740 10627 9792 9771 9637 8968 9767 8949 9909 9962 9770 8803 9475 9752 9824 9860 9586 9652 9574 9711 10387 10470 9323 10213 9794 9937 9847 9165 9406 10017 9435 9752 9877 9621 10190 9262 9094 9686 9987 9006 9693 9678 9934 8764 9595 9550 9912 9489 9259 9412 9771 9152 9533 10619 9403 9101 9645 9226 9735 9420 10271 9635 9994 9815 9387 9171 9513 9737 9025 9883 9610 9010 9929 9441 9953 9163 9348 9857 9745 9598 9657 8853 9386 9240 9569 9118 9906 9867 9319 9499 9591 9673 9537 9771 9797 9394 10040 9974 9442 9922 9450 10008 9935 10011 9139 9461 9886 9671 9186 9934 9334 9821 9939 10393 9017 9276 9469 9937 9744 9987 9510 9222 9623 9775 10244 10211 9825 9660 9876 9952 9571 9362 10415 9282 10107 10002 10108 10153 9721 9353 9137 10468 9040 9753 9404 10316 9815 9912 9922 10189 9872 9927 9081 9851 9441 9520 9616 9655 9890 8901 9835 10263 9816 9322 10101 9089 9536 10129 10014 9751 10329 9436 9533 10614 9209 9539 9729 10285 10030 9637 9493 9757 9748 9893 8844 9473 9208 9248 9669 9018 9848 9070 9376 9532 10059 9761 9627 9902 9459 9727 9991 9859 9321 9828 9556 9345 9437 9805 9380 9822 9458 9910 10229 9235 10110 9214 9099 9446 9728 9539 9706 9236 9687 9686 10305 9725 10261 10231 9811 9284 9858 9340 9807 9999 9109 9963 9598 9166 9508 9414 9477 9565 9790 9774 9720 9680 8986 9275 9481 10300 9684 9495 9380 8833 9584 9656 9073 9703 9831 9619 9045 10011 9515 9827 10099 10519 9799 9256 9762 9840 9168 9462 9821 10079 9930 9176 9980 9503 9962 9890 9341 9259 9368 10318 9879 9993 9545 9418 9820 9992 9463 9860 9834 10657 9607 9586 9616 9859 9340 9960 9099 9774 9745 8986 9944 9568 10477 9722 9654 9279 9892 9412 9528 9681 9598 9853 9550 10069 9583 9747 9858 9588 9866 9790 9622 9551 9902 9446 9454 9679 9575 9897 9878 9584 9962 10164 8965 9691 10230 9559 9386 9891 9223 10153 9630 9646 9179 9475 9237 9106 9795 9951 9648 9844 9585 9743 9859 9190 8624 9351 9961 10083 9828 10120 10019 9563 9815 9873 9039 10232 9541 9158 10205 9845 10134 9520 9589 9524 9537 9971 9666 9807 9405 9086 9503 9833 9215 9538 9798 9866
10536 10366 10511 10947 10425 10495 10963 10063 10554 9971 10122 11391 10666 10404 10928 9916 10940 9551 10596 10732 10177 9744 10412 10606 10912 10261 10457 10641 10171 10521 11190 11095 10648 10646 10667 10518 10936 10753 10432 11003 9826 10661 10567 10360 10871 10004 9484 10726 10676 10011 10511 10553 10714 9885 10149 10577 10530 10282 9644 10206 10457 9690 10869 11393 10553 10188 10375 10042 10577 10358 10923 10084 10780 10556 10569 9701 10627 10154 10253 10368 10336 9926 10858 10305 10934 10585 9999 10965 10612 10977 10154 9978 10708 9976 10543 10081 10863 10647 10057 10461 10327 10413 10058 10925 10694 10137 11137 10631 10672 11035 9821 10813 10963 10690 9991 10168 10564 10290 10338 10495 9834 10850 10858 11231 10442 9956 9871 10794 10715 10095 10353 10155 10285 10363 11001 10432 10725 11258 10670 10531 10129 9493 11243 10206 10632 10420 10854 11159 10490 10360 10063 11464 10276 10554 10339 11341 10862 10618 10599 11330 10608 10946 10203 10683 10257 10431 10692 10946 11108 10357 10343 10952 10527 10399 10844 10307 10390 10644 10772 10556 10930 10737 10392 10865 10112 10389 10706 11120 10826 10216 9867 10767 10662 11148 9695 10336 10572 10163 10541 10001 10451 10031 10498 10487 11147 11338 10168 10300 10504 10474 10856 10918 10075 10503 10116 10207 10164 10518 10443 10334 10555 10176 10661 9702 10773 10603 10286 9886 10710 10283 10450 10209 11062 10484 10932 10651 10743 11069 10754 10279 11051 10675 11007 10797 10079 10505 10910 10275 10240 10742 10359 10226 10320 10490 10605 10216 10536 9985 10366 10975 10431 10166 10295 9614 9933 10736 9852 10843 10082 10159 9947 11330 10399 10500 10871 10890 10342 10266 10237 10696 10202 10263 10344 10600 10550 9716 10566 10496 10145 10146 9896 10553 10191 10885 11074 10788 10228 10595 10471 10933 10394 10512 10703 11371 9907 10252 10570 10244 10493 10930 9893 10753 10751 10215 10990 10704 11076 10613 10098 9586 10618 9989 10564 10591 10687 10617 10505 10904 10732 10845 10916 10556 10544 10796 10519 10174 11126 10380 10422 10850 10368 10688 10661 10693 10399 11085 10021 10715 10951 10365 9873 10795 10023 10702 10629 10574 10258 10860 10146 10518 10675 10360 10185 10802 10400 10450 10819 10380 10138 10254 10502 10588 10543 10585 10859 10584 10451 10715 9904 10802 10804 10432 10971 10133 10816 10521 10364 10715 10567 10745 10091 10629 10363 10068 10241 10418 9961 10254 10548 11045
9209 9175 8882 9045 8839 9267 8933 8531 9484 8888 9119 10273 9491 8802 9183 8029 9131 8171 9318 9415 9158 8712 8654 9293 9739 9049 9082 9047 9188 9590 9292 9594 8944 9862 9367 9255 9609 9197 9059 9830 8756 9323 8958 9170 9410 8863 8849 8836 9167 8890 9177 8972 9431 8457 9067 9404 9704 9091 8753 9067 9490 8871 8801 9809 9040 9082 9035 9331 9107 9316 9479 8827 9241 9098 8924 8911 9318 8577 8733 9423 9366 8938 9626 9347 9014 8837 9072 9147 9811 8973 8880 8560 9058 9163 9301 9060 9266 9245 8902 8822 8856 9138 8784 9514 9383 9175 9470 9298 8832 9651 8846 9212 9443 9642 8793 9565 9133 8738 8799 9334 9022 9616 9657 9931 8525 8896 8671 9583 8975 9108 8985 9066 8801 9150 9956 9260 9080 9535 9008 9075 9416 8462 9607 8775 9257 8904 9538 9632 9243 8985 9173 10164 8677 9232 9069 9426 9206 8722 9565 9484 9224 9401 8643 9198 8902 8834 9691 9175 9619 9028 9099 9650 9024 8975 9413 8804 9284 9054 9335 9299 9914 9346 9059 9917 9025 8774 9301 9694 9263 9440 8703 9358 9278 9664 8803 9341 9084 8869 9198 8738 9403 8954 9255 9187 9556 9752 9070 9022 8784 9146 9600 9855 8941 8813 8844 8936 9075 9141 8312 9089 9000 9135 9383 8818 9602 8832 9075 8763 9157 9164 9078 9053 8971 9542 9778 9063 9295 9566 9488 9113 8920 9136 9340 9520 8211 9086 9191 8807 9230 9243 9286 8945 9044 8855 9421 9012 8934 8886 9315 10146 8518 9115 9074 8727 8858 9326 8621 9536 8931 9208 8039 9548 8911 9158 9802 9717 9026 8694 8996 9412 8459 9038 9194 9395 9412 8357 9504 8924 8944 9041 8953 8971 8200 9716 9513 9309 9121 8886 9152 9637 9472 9235 8876 9770 9038 8739 8640 9279 9203 9944 8109 9168 9521 9076 9321 8850 10005 9302 9593 9039 9261 8856 8893 9521 9001 9109 9053 9474 9318 9382 9510 9044 9350 9342 9351 9056 9819 8882 9456 9185 9100 9448 9521 9108 8956 9837 8534 9242 9756 9405 9039 9659 8874 9621 9441 8958 8929 9071 8915 8814 9493 9002 8755 9252 9213 9100 9281 9131 8544 9077 9199 9587 9279 8946 8801 8909 9176 9290 8951 9207 9278 8897 9760 8964 9605 9552 9086 9472 8638 9503 9273 9674 9230 8950 8775 9576 9117 8939 9391 8934
9558 10239 9703 10318 10277 10264 10353 9721 10425 9898 10031 10865 10407 9698 10254 9442 10713 9145 10119 10458 10525 9457 9963 10171 10930 9783 10272 10206 9745 10223 10558 10544 9553 10286 9607 9744 10585 10029 9788 10601 10091 10052 9796 10157 10880 9846 9238 9936 9966 9616 10436 10041 10483 9523 9817 10053 10590 9541 9408 9698 10182 9440 10244 10746 9681 9601 10026 9879 10057 10286 10552 10121 10125 9774 9908 9479 10463 9689 9133 10411 10040 9436 10563 10222 10321 9965 9814 10465 10236 9931 9850 9344 10323 9873 10424 9698 10176 9869 9853 10500 9878 9848 10009 10256 10195 9803 10631 10146 10029 10558 9946 10728 10228 10183 9890 10024 9912 9714 9793 10152 9885 10007 10136 10276 9635 9315 9688 10508 9830 9834 9727 9832 9841 9910 10995 10437 10508 10687 10263 9729 10309 9628 10827 9689 10385 10014 10419 10548 9955 9668 9860 11012 9023 10145 10085 10916 9909 9529 10130 10666 10169 10157 9708 10088 9861 9892 9886 10258 10601 9671 9804 10450 10127 9573 10531 9629 10002 10210 10665 9933 10745 10051 10389 10726 9902 10054 10473 10352 10686 10347 9715 10227 10170 10834 9496 9992 9986 9260 10221 9468 10532 9627 10218 9619 10330 10503 10349 9802 9872 10223 10783 10668 9841 10089 9709 9529 9607 10410 9880 10098 9991 10435 10053 9260 10651 9912 9705 9958 10249 9900 10325 9846 9956 10449 10527 9945 10341 10975 10778 10000 10525 9615 10228 10539 9516 10101 10124 9754 10172 10119 10470 10061 9692 9979 10213 9909 9730 9529 9934 10417 9820 9850 9720 9338 9846 10384 9577 10310 9865 9982 8879 10251 10149 10248 10570 10392 10223 10067 9728 9689 9710 9631 9934 10359 10349 9337 10391 9835 9808 10068 10034 10027 9569 10703 10385 10432 10033 9906 10520 10327 10051 9838 10301 10476 9950 9874 9415 10075 9901 10665 9458 9851 10406 9725 10471 9804 10415 10347 10140 9858 10371 9993 10014 9985 10108 10075 9778 10456 10675 9999 10615 9851 10134 10407 9993 10068 10177 9742 9943 9956 9978 10158 10103 9905 10367 10382 9594 10613 11105 10012 9743 10259 9469 10411 10041 10087 9620 10350 9639 9728 10379 10121 10066 10518 9817 10423 10285 10004 9442 10043 10248 10627 10351 9793 9930 9973 10073 10319 9645 10396 10389 10089 10684 9896 10784 10100 10288 10446 9588 10437 10067 10343 9765 9736 9674 10476 9821 10196 10005 10522
10060 10611 9906 10127 10543 10113 10730 9654 10564 10136 9787 11363 10382 9840 10407 8936 10153 9307 10516 10905 10375 9673 10077 10275 10865 10205 10201 10105 10134 10353 10671 10560 10435 10348 10371 10268 10574 10318 10351 10397 9842 10361 10511 10252 10432 9382 9680 10433 10548 10146 10628 10007 10343 9415 10050 10401 10472 9595 9650 10404 10091 10106 10381 10825 9970 10072 10171 9944 10490 10303 10344 9788 10459 10244 10211 9587 10186 10318 9610 10306 10339 10195 10630 9899 10237 10064 10039 10130 10441 10038 10104 9885 9948 10001 10191 9471 10740 10099 9470 10332 10062 10618 9774 10726 10335 9941 10817 10515 10401 10490 9602 10534 10844 10829 9928 9752 10531 9977 10168 10419 9640 9984 10102 10941 10098 9621 9659 10482 9761 9800 10166 9390 9878 10499 10635 10392 10283 10715 9747 10284 9744 9972 10779 9751 10473 9781 10265 10651 10476 10011 9751 10905 9580 10257 9972 10929 10644 10109 10695 11115 10085 10388 9984 10227 10218 10138 10163 10698 10614 10211 10214 10923 10083 9773 10883 10081 10253 10466 10442 10069 11254 10337 9940 10719 9966 10058 10433 10982 10860 10015 9850 10385 10616 10290 9762 9956 10241 9572 9920 9645 10404 9609 9730 10137 10477 10800 9833 10185 10498 10355 10535 10577 9798 10213 10406 9627 10011 10560 10199 10033 10030 10365 10282 9486 10489 10187 10024 9453 10582 10473 10248 9931 10155 10357 10862 10437 10341 10834 10876 9918 10421 10216 10098 10865 10007 10288 9924 10148 10484 10467 10347 10064 10004 10355 10414 9818 9976 9877 10418 10940 10181 10112 9854 9718 9865 10526 9724 10412 9967 10166 9252 10665 10254 10076 10549 10941 10414 10430 10143 10053 9549 10070 10584 10447 10766 9449 10468 9629 10340 10544 10272 10570 9237 10655 10404 10446 10091 10242 10266 10600 10040 10106 10728 11035 9792 10212 9904 10514 10315 10448 9579 9931 10575 9919 10457 10469 10853 10221 10312 9462 10534 10356 10513 10347 10283 10464 10120 10441 10241 10033 10759 9730 10514 10460 9842 10253 10548 10248 9984 10214 9714 10367 10193 9908 10451 10955 9599 10226 10841 10042 9853 10585 9637 10750 10293 10201 9958 10083 9960 9971 10707 10176 10180 10199 10349 9887 10626 9909 9875 10466 10152 10388 10786 10453 10331 10562 10366 10673 10029 10409 10411 10187 10784 9969 10172 10245 10178 10217 9829 10413 10656 10199 10150 9878 10182 10376 10093 9987 10481 10422
9623 10105 9634 9947 9880 9693 10118 9247 9348 9571 9135 10735 9391 9494 9947 8949 9866 9037 9783 10105 9800 9326 9359 9857 9680 9909 9347 10012 9292 9572 10181 10244 9745 9822 9610 9618 10363 9881 9710 10369 9893 10026 9346 9883 10023 9243 9425 9712 9971 9401 10038 9399 10186 9660 9388 9383 9992 9246 9642 9685 9806 9468 10159 10370 9777 9621 9739 9560 9398 10099 10535 9674 9993 9682 9632 9252 9953 9883 9314 10235 9774 9351 10063 9661 9757 9700 9939 10107 10161 10009 10070 9291 9526 9112 9928 9590 10213 9858 9590 9997 9500 9631 9372 9802 9620 9869 10534 9984 9401 10326 9301 9939 10355 10205 9643 9598 9695 9909 9702 9694 8982 9838 9790 10337 9170 9173 9120 10503 9722 9932 9572 9625 9388 9693 10429 9470 9551 9770 9740 9706 9493 9541 10616 9503 9908 9827 10174 10509 10300 9298 9805 10354 9103 9869 9574 9967 9855 9819 10141 10404 9595 9723 9430 9724 9209 9262 9876 9989 10321 9549 9889 10428 9521 9730 10617 9539 9846 10052 10012 9524 10216 9791 10070 10374 9166 9524 10167 10050 10364 9690 9373 9902 9858 9900 9636 9495 9814 9112 9587 9119 10043 9130 9503 9764 9891 10266 9994 9665 9864 9797 10011 10215 9491 9609 9598 9459 9332 9913 9672 10170 10061 10203 10174 9134 10129 9715 9367 9750 9599 9428 9585 9477 9728 10156 9877 9589 9894 10091 10153 9279 9853 9673 9743 10180 9671 9675 9962 9952 9104 9858 9822 9873 9738 9646 9888 8847 9557 9727 9652 10522 9686 9663 9455 9037 9487 9877 9002 9890 9534 9715 8892 10074 10211 10140 10269 10255 9783 9697 9507 10002 9467 9911 9596 9585 10438 9211 10011 9307 9648 9787 9626 10152 9558 10101 10143 10011 9629 9921 9986 10312 9551 9617 10272 10654 9889 9562 9070 9882 9401 10108 9563 9717 9940 9552 10019 9616 10439 10223 9391 9542 10088 9805 9717 10177 9730 9946 10062 10131 9814 10006 10281 9647 10305 9978 9771 9592 10348 9396 9469 9490 9413 9763 10272 10002 10390 9987 9329 10241 10238 9328 9365 10259 9102 10277 9742 9668 9416 9977 9680 9656 9645 9911 10033 9676 9712 9238 10238 9299 9181 9992 9898 10372 10183 9952 9910 10260 9976 10267 9341 9988 10050 9452 10479 9287 9935 9624 9693 9729 9613 9948 9679 10019 9584 9295 9559 9876 9359 9471 10111 10435
9031 9170 9057 9190 9774 8798 9652 8924 9075 9238 8793 10078 9421 8979 9234 8798 9290 8769 9662 9713 9339 9002 9577 9369 9996 9192 8983 9454 9222 9408 9797 10094 9483 9787 9512 9529 9675 9066 9182 9772 8950 9174 9287 9390 9623 9039 8908 9051 9244 8908 9801 9061 9207 8708 9178 9682 9350 8963 9182 9029 8927 8927 9079 10307 9044 9055 9537 9089 9494 9486 10046 8828 9450 9207 9142 8859 9086 9375 8908 9438 8930 9215 9808 9372 9679 9217 9029 9694 9145 9156 9273 8758 8880 8907 9409 9071 9515 9531 9164 9466 9298 9151 9343 9429 9301 9440 9782 9588 9262 9815 8573 9198 9601 9563 9468 9241 9169 9041 9065 9176 9069 9272 8955 9571 8910 8930 8962 9947 8816 9516 9135 9173 9290 9315 10227 8794 8826 8958 9403 9512 8995 9032 9999 9183 9560 9126 9549 9794 9289 8754 8964 9845 8628 9276 9232 10233 9125 9062 9349 9715 8936 9369 8854 9501 9395 8872 9312 9427 9373 9418 9502 9947 9134 9039 9770 9009 9118 9844 9623 9182 9892 9115 9349 10022 9057 9301 10110 9869 9729 9255 8969 9511 9346 9831 9091 9307 9192 9014 9132 8604 10019 8778 9417 9018 9609 9808 9632 9455 9509 9307 9740 9356 8593 9216 9286 9040 9346 9472 8968 9016 9611 9827 9400 8684 9823 9017 9007 8960 9180 9412 8893 8829 9148 9379 9549 9256 9563 9600 9622 9231 9604 9134 9263 9722 8883 9277 9067 9063 9119 9141 9092 8981 9439 9165 9447 9303 8951 9435 9154 9936 9286 9531 8978 8777 9217 9278 8720 9418 9146 9090 8885 9770 9087 9161 9529 10058 9151 9211 9422 9452 8757 9095 9204 9614 9568 8568 9366 9238 9688 9430 9111 8996 9014 9797 9494 9107 8861 8813 9612 10021 9131 9024 9035 9914 9090 8888 8660 9618 9254 9457 8511 9198 9301 8954 9382 9330 9845 9466 9563 8997 9767 9083 9323 9531 9394 9583 9075 9480 9552 9183 9374 8964 9677 9307 9171 9259 9748 9301 8894 9405 8864 9536 9447 9526 9196 9706 8883 9957 9584 9213 9176 10065 8608 9545 9447 9551 8825 9248 8783 9598 9482 9212 8984 9467 9570 9092 9352 8987 8947 9096 9588 9478 9401 9532 9287 9499 8839 9505 9003 9892 8878 9029 9943 8949 9850 9106 9402 9373 9259 9734 9083 9404 9155 8749 9011 9310 8996 9014 9333 9718
9515 10172 9835 10046 10141 10001 10324 9142 10391 9704 9567 11073 9770 9749 10080 8967 10335 9099 10253 10473 10313 9543 9983 10007 10424 9991 9880 9950 9833 9962 10806 10443 9870 10491 10165 10115 10272 9606 10100 10354 9580 9971 10303 9521 9873 9481 9605 10006 9998 9491 10473 9857 10360 9306 9954 10028 10480 9663 9411 9940 10196 9408 10068 10481 9833 9434 9941 9627 9843 9880 10524 9493 10340 9613 9486 9576 10120 9624 9117 9988 9641 9969 10253 10015 10413 9801 9522 10068 10012 9743 10010 9061 9937 9603 9833 9433 10489 10514 9142 9871 9916 10134 9472 10106 9902 9765 10481 10029 10025 10030 9870 9902 10634 9943 9457 9974 10457 9766 10091 10096 9458 9834 10023 10492 9576 9450 9057 10426 9844 9628 10270 9762 9626 10109 10671 10170 9981 10345 10178 10002 9837 9316 10495 10040 10342 9608 10270 10190 10179 10063 9302 10669 9605 9498 9579 10820 10254 9800 10030 10693 9737 9888 9841 10372 9775 9692 10322 10514 10760 9556 9900 10249 9740 9534 10482 9756 9960 10432 9844 10001 10634 9726 9876 10682 9682 9500 10444 10692 10424 9701 9955 9855 9888 10376 9494 9704 9788 9613 9827 9215 10228 9786 9718 9710 10426 10857 10296 9610 9843 10106 10546 10384 9567 9918 9493 9336 9373 10210 9917 9563 9761 10269 9885 9109 10123 9526 9444 9929 9853 9943 10151 9590 10171 10181 10025 9634 10449 10201 10162 9668 10110 9839 10348 10315 9448 10174 9665 9848 9960 9737 9652 9891 9981 9892 10077 9490 10314 9787 10188 10606 9913 9961 9704 9410 9769 9854 8946 10241 9648 9584 9112 10295 9914 9941 10290 10406 9896 9733 9448 9775 9843 9969 10151 9872 10242 9006 10195 9859 9791 10310 9640 10005 9208 10087 10431 10173 9581 9791 9848 9999 10110 9671 10011 10601 9788 9968 9640 10042 9693 10250 9406 10247 9996 9618 10470 10012 10690 10102 9790 9662 9980 9221 9948 10385 9689 10374 10011 10250 9929 9947 10241 9343 10065 10052 10184 9380 10397 9935 9629 10123 9530 10134 10365 9718 10044 10472 9100 9867 10484 9687 9569 10074 9624 10661 10282 9920 9266 10176 9776 9763 10502 10073 9678 10191 9883 9748 9389 9720 9514 9975 9913 10420 10355 9693 10500 10102 9858 10411 9551 10539 10051 10022 10496 9545 10324 9859 9838 9955 9576 10344 10193 9887 9734 9827 9444 9868 9641 9943 10076 10183
9268 9862 9027 10129 9996 9914 10126 9042 9749 9514 9317 11279 10383 9430 10144 9312 10133 9358 10021 10274 10320 9352 9424 10054 10431 9866 10192 9532 9735 9887 10208 10244 9605 10232 9912 9706 10435 10028 9916 10005 9645 9996 9739 9988 10058 9699 9267 9339 10196 9409 10233 9666 10112 9418 9188 9682 10384 9699 9143 9370 9561 9453 9578 10688 9962 9618 9995 9589 9475 10173 10480 9438 9548 9866 9934 9339 10445 9802 9207 10163 9782 9568 10412 9768 9900 10104 9880 10025 9773 10343 9677 9143 9582 9641 9895 9415 10263 9938 9644 10141 9316 10202 9612 10673 9797 9690 9854 10001 9807 10488 8954 9839 10104 10129 9465 9713 10043 9758 9687 9792 9172 9784 9545 10484 9524 9840 9145 10046 9430 10006 9169 9364 9771 9598 10891 10045 9829 10063 9859 9844 10082 9309 10080 9847 9925 9832 10102 10469 9794 9563 9603 10271 9280 9649 9774 10015 9864 9982 9774 10907 9839 10016 9428 10174 9317 9607 10201 10486 10547 9483 9855 9745 9562 9871 10041 9234 9980 10263 10144 9488 10112 9921 10119 10349 9743 9506 10134 10419 10218 9772 9601 10212 10065 10532 9457 9563 9627 9320 9844 9112 10309 9531 9336 9837 10218 10259 10039 9831 9679 9803 10141 10422 9107 9713 9888 9645 9507 9803 9664 9876 10124 9819 9993 9137 10239 9400 9300 9262 9859 10152 9600 9401 9959 9942 10090 10045 10031 10377 10127 9369 9966 9558 9886 10404 9726 10073 9968 9546 9514 10217 10010 9467 10099 9695 10006 9795 9594 9551 9704 10626 9697 9342 9546 9193 9723 9875 9310 9961 9155 9509 8762 10042 10152 10121 10205 10627 10038 10104 9789 10244 9398 9880 9806 9907 10380 9442 9743 9442 9713 9783 9583 9706 9207 10415 10168 9833 10011 9714 9874 10244 9972 9706 10065 10123 10100 9691 9352 10294 9617 10086 9364 9661 9860 9762 10052 10069 10751 10012 9836 9058 9992 9652 9760 10087 10126 10458 10157 10156 9891 10341 10018 9362 9679 10152 9999 9384 10438 9562 9665 9861 9324 10259 9890 10033 10217 9817 9181 9900 10650 9614 9724 10148 9172 10056 10066 9783 9883 9972 9395 9617 10020 9692 9395 9639 9423 10029 10015 9502 9261 9936 10174 10057 10411 9429 10078 9862 9557 10249 9942 10035 9825 9719 10655 9669 10237 9615 9814 9905 9603 10258 9529 10066 9814 9597 9313 9948 9383 9924 9615 10280
9487 10184 9473 9760 9656 9554 10149 9186 9616 9884 9715 10656 10147 9252 9758 9166 10209 8942 9944 10016 9787 9064 9964 9954 10053 9965 9771 9895 9929 9885 10270 10255 9813 10479 9892 9671 10041 9870 9942 9998 9357 9830 9663 9515 9804 9502 9512 9812 9589 9777 10129 9697 9950 9238 9548 9873 9857 9580 9505 9405 9879 9306 9639 10472 9498 9107 9656 9428 9848 10039 10188 9456 10009 9854 9584 9272 9952 9706 9158 10431 9600 9860 10204 9634 10086 10134 9729 10140 10080 9951 9620 9330 9685 9735 9937 9554 10000 9569 9477 9710 9625 9851 9508 9799 9835 9348 9835 10136 9796 10097 9201 9933 9882 9803 9433 9810 9499 9826 9586 9923 9227 10230 9928 10172 9370 9728 9062 9865 9807 9627 9784 9516 9432 9577 10239 10245 9708 10120 9810 10032 9934 9213 10374 8996 10309 9621 10197 10058 10063 9605 9492 10384 9391 9985 9898 10495 10127 9692 9787 10125 9848 10196 9608 10003 9068 9607 10012 10020 10359 9457 9791 10108 9539 9456 10100 9490 9684 10025 9825 10012 10197 10125 9851 10534 9617 9731 9837 10338 10511 9742 9747 9984 10200 10350 9542 9665 9686 9250 10091 9074 10055 9351 9680 9479 10157 10894 9661 9654 9272 9577 10026 10121 9334 9462 9641 9397 9515 10205 9256 9313 9765 9690 9804 9444 10120 9457 9204 9691 9800 9491 9455 9975 9912 10137 10449 9940 9892 10035 10233 9336 9870 9699 9671 10479 9292 9627 9784 9336 9565 9889 9799 9619 9347 10167 9794 9508 9193 9729 9648 10698 9708 9793 9680 9466 9464 10114 9480 9895 10202 9106 8617 9853 9785 9874 10056 10571 9747 9902 9585 10326 9469 9488 9858 9979 9915 9097 10115 9540 9355 9516 10011 10029 9419 10090 9731 10059 9482 9700 9892 10363 9907 9679 9926 10400 9483 9320 9305 10122 9460 10058 9448 10081 10092 9494 9894 9654 10265 9950 10120 9785 9977 9678 9453 9939 9567 10088 9504 10252 9900 9907 9996 9285 10264 9954 10106 9348 10101 9392 9868 9615 9473 9910 10198 9772 10256 10475 9085 10131 10377 9365 9523 10004 9111 10210 10045 10139 9515 10067 9405 9666 9733 9701 9264 9711 9633 9597 9885 9780 8988 9254 10077 10419 10286 9811 9835 9946 9833 9904 9561 10369 10005 9324 10457 9464 10196 9589 9894 9823 9796 10124 9364 9697 10059 8804 9649 9976 9578 9565 9997 9891
9335 9688 9103 9027 9457 9287 9663 8955 9011 9150 9067 10204 9114 9053 9331 8545 9566 8389 9547 9694 9461 9530 9125 9343 9696 8996 9359 9096 9251 9310 9499 9639 9014 9663 9465 8990 9839 9220 9495 9748 9129 9228 9365 9241 9469 8950 8647 9095 9336 9153 9592 8956 9550 8117 9333 9123 9826 8668 8934 8888 9546 8883 9209 10037 9271 8783 9218 9160 9285 9767 9489 9413 9687 8848 9088 8982 9376 9011 8542 9864 9448 9347 9643 9189 9269 9020 9178 9482 9288 9019 8924 9014 8925 8717 9113 8870 9643 9668 8917 9139 9060 9521 8970 9752 9622 9149 9661 9617 9379 9321 8867 9541 9695 9325 9340 8952 9083 8440 9320 9364 8819 9312 9235 9777 9004 9067 8946 10075 8908 9540 8960 9124 9129 9079 10112 9109 9340 9725 9431 9414 9299 8751 9743 9280 9642 9235 9739 9666 9563 8965 9306 9981 8720 9581 9328 9700 9009 9274 9544 9700 9499 9305 9035 9199 8963 9249 9453 9653 9554 9043 9329 9324 9245 9110 9642 8884 9692 9834 9888 8914 9879 9246 9264 10420 9036 9033 9527 9822 9757 9232 8797 9431 9562 9996 9007 9389 8987 8761 9293 8748 9865 8828 8976 9411 9614 9642 9394 9246 9249 9398 9889 9634 8796 9392 9338 8923 9156 9601 8805 9119 9216 9276 9523 9044 9593 9394 9575 9246 8988 9184 9545 9086 9165 9270 10003 9287 9030 9364 9498 8949 9678 8990 9297 9884 9020 9258 9431 8969 9193 9788 8787 9760 9175 9086 9602 9343 8946 9068 9294 10252 8686 9117 8954 8832 9108 9467 8571 9553 9169 9368 8243 9258 9405 9534 9582 10085 9214 9331 9053 9931 8496 9250 8912 9071 9495 8395 9692 8991 8928 9405 9273 9148 8650 9925 9991 9142 9372 9439 9378 9631 9404 9230 9433 9322 9503 9328 8747 9067 9051 9481 8915 9518 9442 9332 9871 9260 10012 9843 9267 8858 9631 9455 9221 9319 9586 9675 9357 9653 8900 9309 9754 9431 9324 9266 9512 8960 10046 9175 9770 9575 8909 9520 9452 9661 9093 9893 9095 9779 9898 9145 8980 9386 9242 9700 9470 9192 8859 9202 8758 8947 9229 9331 9152 9333 9188 9105 9441 9293 8411 8863 9647 9650 9800 9225 9397 9474 9448 9525 9072 9967 9487 9134 9648 9252 9321 9006 9478 9369 8988 9598 8727 9407 9174 8819 9038 9808 8986 9156 9310 9513
10247 10240 9928 10153 10005 10078 10540 9243 10243 9892 9766 11363 10132 9758 10499 9348 10507 9451 10558 10460 10375 9918 9811 10306 10720 10186 10475 10304 9796 9851 10376 10603 10271 10925 10524 9785 10449 10191 9896 10702 9571 9894 10240 10477 10420 9526 9080 9910 10231 9926 10250 9998 10590 9591 9903 10176 10498 9429 9535 10086 10424 9763 10186 10948 10253 10074 10108 9807 10172 10390 11108 9746 10324 10116 10441 9590 9706 10144 9632 10067 10067 9956 10091 9617 10442 9738 9831 10845 9942 9810 10039 9485 10060 10147 10044 9571 10358 10526 9989 10053 9539 9937 10040 10204 10051 9834 10956 10299 9899 10602 9524 10417 10463 10708 10075 9856 10283 9744 9897 10690 9459 10271 10150 10444 9532 9867 9864 10721 9936 10299 10102 9907 9834 9859 10843 10279 10172 10342 10121 10563 9905 9926 10893 9643 10399 9738 10701 10820 10093 9395 9851 11176 9484 10180 9760 10720 10284 9987 10497 10842 10343 10215 9682 10360 9769 9694 10634 10379 10827 9644 10309 10707 9821 9946 10746 9785 10281 10463 10532 10026 10982 10334 10295 10731 9856 10070 10436 11067 10740 10106 9815 9862 10215 10752 9702 9902 9387 9519 10252 9749 10383 9437 9783 10039 10727 10316 10413 9768 10154 10233 10529 10499 9505 10137 9990 9789 9658 10391 9925 10196 9962 10075 10272 9321 10798 9780 9710 10216 10099 10249 10137 9820 9926 10358 10719 9685 10293 10633 10451 9663 10685 10251 10349 10527 9709 9830 10448 10601 10079 10188 10008 10172 10095 10286 10057 10051 10069 9863 10367 10887 10095 9936 9848 8899 9780 10068 9897 10291 9946 10284 9177 10819 10568 10096 10503 10711 10459 9876 10128 10214 9713 10387 10160 10330 10448 9605 10385 10002 10308 10143 10164 9937 9583 10617 10417 10092 10081 9959 10101 10696 10340 10411 10295 10675 10181 9702 9597 9864 9794 10623 9826 10233 10217 10122 10721 10569 10573 10276 9869 9977 10736 10029 9987 10430 10423 10553 10589 10467 10573 10045 10608 9683 10048 10446 10235 9459 10743 10396 10059 10074 9938 9803 10358 10178 10723 10319 9416 10546 10802 10175 10141 10335 9560 10428 10062 9981 9956 10464 9564 9939 10694 10268 10147 9948 10116 10266 10354 9969 9500 10142 9930 10756 10912 10552 10054 9880 9934 10271 9821 10614 10130 10261 10587 9931 10366 10316 10138 9924 9649 10668 10077 10474 9952 10011 9805 10486 9642 10151 10369 10406
8858 9348 8995 9314 9358 9444 9665 8411 9343 9377 8963 10217 9265 8792 9738 8279 9417 8354 9524 9485 9242 8788 8691 9300 9820 9390 9209 8975 8881 9337 9470 9736 9061 9399 9372 9221 9499 9249 9570 9779 8994 9332 8938 8935 9421 8598 8666 9117 9326 8914 9911 9155 10064 8776 9060 9350 9390 8877 8919 9001 9073 8740 8990 9723 8864 9360 9068 8813 9562 9312 9725 8756 9243 9245 9493 8719 9434 9186 8724 9418 9053 8791 9892 9113 9361 9563 9026 9133 9547 9257 9319 8592 9366 8838 9519 8774 9300 9130 8937 9125 8827 9190 9145 9457 9718 8937 9497 9366 9136 9503 9025 9508 9500 9634 9022 8495 9306 9099 9064 9268 8725 9068 9210 9391 8845 8949 8678 9666 9105 9297 9293 8734 8730 8871 9793 9401 8999 9099 9377 9113 9057 9001 10005 8810 9351 8923 9685 9751 9166 9103 8814 9695 8929 9303 8910 9902 9477 9431 9408 10014 9139 9063 9065 9432 8683 9165 9309 9805 9900 9232 9549 9224 9117 9097 9593 8880 9309 9455 9350 9087 9935 9164 9395 9895 9219 9317 9137 9957 9586 9364 8843 9039 8891 9714 8766 9068 9099 8724 9093 8563 9520 8891 9135 9117 9106 9855 9092 8970 9240 9334 9582 9490 8881 8662 9043 9072 8657 9495 9152 8852 9501 9317 9244 8288 9600 9154 8666 8926 9079 8983 9066 8830 9160 9003 9805 9119 9430 9607 9757 8966 9653 9348 8950 9789 9034 9191 9554 9296 9018 9192 9005 9379 9268 9311 9328 9299 8719 8662 8997 9486 9038 8866 8761 8398 9236 9250 8490 9687 8965 9164 8780 9270 9551 9507 9459 9223 8961 9541 9136 9367 9040 9478 9311 9486 9673 8849 9305 9039 9397 8807 9080 9279 8924 9992 9542 9289 9320 9092 9160 9350 9277 9333 9535 9492 8953 8677 9020 9165 8987 9623 9111 9150 9304 8972 9223 9434 9885 9753 9178 8470 9517 9434 9193 9360 9500 9362 9050 9330 9434 9089 9304 9093 9678 9596 9526 8814 9592 9160 9204 9216 8645 9260 9407 9008 9667 9705 8725 9519 9835 9064 8843 9223 8811 9361 9516 9172 8971 9099 8702 9008 9203 9131 9369 9572 9692 9325 9657 8698 9140 9163 9384 9383 10093 9110 9281 9279 9352 9017 9193 9579 9203 9052 9342 8780 9454 9059 9429 9258 9047 9708 8794 9629 8990 9166 8524 9588 8765 9277 9533 9802
9647 9551 9356 9797 9614 9510 10272 9001 9887 9244 9349 10691 9738 9085 9424 9207 9682 9063 9996 9856 9947 9274 8980 10128 10199 9638 9772 9477 9763 9609 9997 10043 9470 10258 9684 9725 10414 9524 9517 9893 9778 9706 10218 9690 9876 9338 9582 9465 9793 9204 10336 9703 10041 9082 9602 9746 9773 9320 9132 9314 9654 9317 9680 10514 9459 9390 9679 9602 9899 9617 10435 9354 9894 9415 9646 9558 9961 9418 8996 10132 9562 9570 10096 9535 10021 9570 9353 9694 9736 9280 9309 9135 9990 9336 9876 9348 10273 9541 9105 9437 9635 9772 9691 10256 9557 9539 10200 10101 9857 10180 9506 9449 9997 10207 9352 9326 9681 9252 9748 9616 9178 9500 9884 9976 9277 9388 9196 10458 9761 9921 9609 9252 9458 9430 10317 9529 10051 10043 9792 9662 9432 9325 10490 9229 10020 9341 10045 10348 9902 9526 9426 10379 9180 9692 9552 10406 9824 9449 9584 10428 9698 9657 8870 9785 9474 9473 9597 9837 10102 9444 9543 9807 9673 9778 10281 9286 9331 10055 9911 9350 10455 9533 9703 10734 9249 9529 10018 10506 10505 9511 9175 9895 9973 10211 9329 9824 9352 9213 9842 8828 9942 9386 9452 9753 9931 10116 9788 9967 9429 9686 9984 10057 9398 9691 9400 9200 9611 9972 9403 9510 9938 9713 9579 9336 10391 9332 9729 9422 9806 9501 9317 9448 9727 10043 10103 9739 9887 10372 10217 9433 10094 9240 9666 10243 9238 9587 9998 9606 9737 9548 9500 9647 9703 9989 9707 9876 9502 9182 9390 10482 9518 9285 9387 9295 9544 9802 9116 9883 9646 9732 9181 10210 9672 9935 10096 10131 9623 10189 9777 10012 9103 9485 9842 9798 9968 9156 9883 9612 9670 9613 9845 9538 8734 10252 9964 9736 9561 9439 9883 10160 9708 9832 9665 10089 9784 9490 9125 9821 9288 10193 9138 9640 9577 9520 9978 9397 10393 9893 9607 9010 9959 9463 9834 9846 9682 9996 9282 10032 9674 9709 9998 9421 9872 9756 9699 9399 10058 9927 9451 9609 9394 10100 10221 9481 9751 10305 8795 9911 10340 9438 9231 9899 9309 9921 9910 9858 9907 9715 9154 9678 9899 9880 9298 9935 9933 9483 9934 9243 8993 9558 9755 10053 9894 9676 9784 9799 9838 9719 9364 10076 10010 9232 9938 9147 9964 9398 9549 9581 9495 10170 9483 9945 9500 9609 9525 10411 8984 9690 9818 9797
9536 10220 9867 10262 9728 9910 10387 9516 10360 9702 9823 10749 9772 9453 10354 9437 10497 9061 10100 10636 10337 8907 9715 10254 10414 10025 10051 10039 10207 10068 10348 10095 9919 10513 9647 9886 10657 9603 10042 10326 9620 9767 10224 9997 10439 9577 8977 9915 9895 9594 10569 10028 10257 9556 9726 10052 10185 9453 9396 9765 9901 9555 9723 10664 9715 9600 9738 9704 9867 10396 10682 9564 10021 9630 10203 9936 9902 9771 9606 10387 10244 9868 10119 10053 10200 9807 9686 10262 9751 9866 9770 9394 9863 9620 10253 9807 10226 10116 9707 9747 9825 9834 9460 10552 9887 9561 10618 10455 9680 10441 9229 10013 10073 10044 9563 10031 10093 9834 9649 9784 9579 10148 9936 10429 9863 9794 9841 10176 9617 9900 9943 9776 9981 9596 10429 10191 9999 10049 9885 9731 10061 9579 10845 9356 10070 10028 10276 10703 9889 9807 9715 10725 9342 9784 9703 10953 9888 9893 9761 10855 9721 10076 9707 10437 9594 9554 9698 10147 10158 9445 10443 10070 9989 9914 10779 9640 9716 10092 9793 9956 10337 10113 9924 10727 9546 9659 10607 10376 10556 10266 9748 9977 9882 10674 9486 9688 9781 9224 9835 9283 10242 9401 10012 9646 10253 10617 10003 9820 9679 10173 10341 10427 9360 9672 9294 9421 9565 9817 9545 9796 9924 10183 10445 9077 10596 9815 9437 9941 9631 9641 9426 9257 9870 10019 10420 10057 10028 10493 9913 9532 10447 9515 9807 10644 9406 10011 9746 10157 9939 10110 9519 9723 9865 10018 10092 9890 9629 9581 9531 10222 9672 9864 9586 9724 9556 10359 9801 10270 9876 10010 9676 10399 10070 10119 10707 10164 10303 9913 9637 10505 9304 9739 9893 9990 10650 9561 10021 9840 9906 9547 9682 10038 9478 10423 10540 10345 9827 9926 10234 10495 9590 10182 10225 10900 9960 9633 9624 9801 9718 9974 9657 10050 10038 9952 10352 10078 10809 10095 9669 9656 10233 9749 9870 10425 10018 9740 9637 10310 10096 10118 10434 9610 10358 9974 10014 10101 10254 9735 9882 9896 9337 9968 10123 10112 10214 10581 9473 10264 10455 9105 9837 10262 9480 10505 10305 9969 9769 10026 9599 10070 10036 9989 9872 9833 10059 9919 9978 9870 9196 9609 10095 10363 10044 10067 9871 9399 10368 10296 9649 10651 9904 9938 10494 9535 10230 9509 10185 9823 9601 10829 9498 10276 10266 9638 9509 10217 9793 9727 10081 10263
10235 10650 10382 10750 10695 10542 10876 9748 10449 10133 10064 11581 10659 10155 10649 9515 10668 9758 10916 10985 10612 9655 10009 10724 10809 10188 10268 10512 10105 10409 11037 10835 10490 11014 10461 10670 10921 10251 10904 10706 10157 10296 10410 10192 10825 9458 9601 10245 10674 10320 10929 10351 10581 10069 10121 10528 10499 10181 9982 10208 10177 9980 10353 11216 10567 10385 10388 10168 10543 10785 10789 10251 10639 10243 10446 9880 10515 10324 9932 10538 10111 10414 11203 10647 10728 10453 9971 10489 10838 10423 10151 9937 10624 10376 10435 10197 11110 10544 9785 10560 10299 10511 10078 10845 10277 10436 10793 10714 10581 11135 9976 10528 11217 10814 10137 10220 10434 10306 10151 10540 9834 10166 10746 11201 10315 9679 9831 10857 10196 10611 10218 9647 10206 10295 11079 10554 10464 10232 10306 10600 10634 10012 11623 10201 10466 9972 10667 11261 10702 9990 9459 11336 9677 10372 10543 11376 10726 10319 10639 11229 10257 10429 10120 11232 10350 10365 10625 11033 10898 10267 10612 11040 10184 10357 11254 10411 10361 10886 10773 10150 11529 10558 10592 11419 10551 10510 10392 11182 10856 9985 10290 10269 11081 10822 9771 10410 10232 10278 10642 9958 10707 9823 10050 10349 10649 10961 10525 10576 10468 10730 11014 10543 10165 10265 9751 10062 10255 10887 10427 10511 10219 10749 10560 9701 11046 10342 10243 10324 10609 10223 10548 10559 10546 10853 11070 10466 11121 11045 11196 9868 10698 10245 10769 11260 10031 10534 10755 10503 10679 10148 10388 10392 10335 10503 10349 10440 10047 10485 10387 11139 10755 10422 10038 9531 10105 11052 9965 10822 10459 10153 9503 11126 10819 10716 10989 10981 10905 10384 10423 10287 10156 10061 10402 11013 11154 10050 10766 10359 10681 10471 10341 10510 9805 10669 10658 10579 10389 10486 10513 11094 10355 10144 10575 11352 10121 9952 10620 10520 9887 10770 10283 10207 10465 10491 10660 10619 11362 10564 10186 9828 10610 10334 10850 10200 10662 11092 10168 10891 10391 10961 10719 10192 10750 10751 10201 10168 11043 10668 10118 10341 9708 10833 10730 10406 10797 10532 10029 10831 11013 10379 10338 10853 10299 11189 10500 10750 10066 10585 9873 10513 10970 11016 10469 10749 10223 10048 10363 10269 9799 10539 10434 10532 10567 10331 10648 10626 10459 10716 10209 10767 10478 10133 11155 10110 10815 10557 10371 10335 10169 10821 10299 10858 10281 10140 10102 10869 10012 10777 10740 10597
9767 10277 10144 10088 9966 10042 10730 9841 10266 9906 9544 11249 10318 9978 10192 9388 10392 9199 10379 10846 10576 9862 9898 9958 10911 10068 10330 10548 9824 10512 10664 10830 10298 10597 10059 10188 10330 9666 10334 10547 9740 10303 10608 10327 10296 9890 9806 10113 10396 9769 10382 10266 10039 9382 9986 10156 10389 10114 9958 9982 10064 9781 9849 10912 10169 9544 10581 9465 10163 10392 10816 9927 10147 9989 10109 9746 10367 10146 9649 10509 10310 9840 10515 9941 10564 10413 9981 10344 10148 10246 9866 9556 9913 9874 10033 9794 10542 10275 9898 10134 10165 10537 9476 10476 10297 9927 10477 10578 10194 10586 9676 9981 10198 10226 10027 9828 10314 9910 9860 10564 9454 10535 10122 10562 9885 10097 9668 10525 9972 10023 10099 9709 10059 10422 10717 10638 10443 10207 10450 10456 9977 9956 10974 9726 10418 9890 10354 10719 10384 10085 10156 11084 9722 10471 10110 11098 10329 10005 10452 10857 10403 10015 10090 10664 9889 10128 9988 10727 10406 10160 10175 10414 10319 10010 10488 9414 10124 10388 10504 9922 10879 9955 10322 10967 9847 10014 10328 10656 11080 10182 9758 10331 10266 10850 9824 10229 9931 9632 10350 9632 10892 9752 9967 10209 11040 10834 10083 10324 10135 10345 10780 10411 9623 10396 9846 9419 9776 10322 9726 10022 10105 10548 10238 9547 10246 10298 9812 9718 10506 10065 10366 9684 10138 10303 10408 10145 10721 10353 10217 10189 10220 9523 10524 10794 10341 10199 9957 10050 9754 10160 10475 10106 10178 10259 10167 9794 10108 9848 9831 11199 10069 10090 9978 9640 10289 10411 9588 10308 10298 10504 9272 10740 9979 10470 10605 10940 10187 10354 10256 10234 9879 10072 10579 10431 10425 9525 10233 9891 9901 10032 10094 10103 9569 10557 9988 10338 9979 9590 10511 10597 10143 10338 10459 10444 9824 10179 9786 10328 10099 10790 9701 10044 10138 10018 10613 10323 10680 10438 10159 9619 10503 9831 9944 10607 9875 10697 10049 10324 10405 10223 10083 9739 10530 10400 10537 9842 11054 10189 9872 10222 9822 9980 10416 10223 10267 10677 9614 10289 10801 10383 9982 10416 9859 10301 10108 10403 9600 10095 9740 9815 10593 10170 9855 10510 10239 10182 10537 10047 9569 9604 10442 10655 10507 10213 10238 10179 10263 10461 10137 10713 10518 10038 10535 9790 10576 9960 10373 10417 10097 10214 10278 10239 9960 9694 9753 10168 9775 10074 10119 10319
9422 9672 9550 9350 9727 9518 9688 9083 9338 9197 9206 10619 9525 9210 9809 8978 9588 8537 9834 9899 9455 9264 9467 9499 9794 9249 9794 9390 9464 9178 9995 10324 9904 10211 9349 9266 10017 9371 9298 9630 9571 9551 9984 9426 9997 8973 8753 9376 9700 9342 9573 9532 9685 8742 9063 9768 9845 8961 8878 9174 9258 9068 10055 10569 9301 9261 9477 9403 9336 9739 10095 9714 9817 9092 9523 8925 9687 9153 9256 9608 9811 9256 9734 9519 9875 9192 8926 9416 9531 9527 9077 8819 9170 9071 9449 8929 9676 9466 9462 9255 9293 9574 9293 9736 9427 9335 9886 9444 9601 9932 9399 9498 9873 10144 9080 9630 9418 9385 9696 9674 8984 9270 9793 10338 9332 8961 9082 9730 8693 9518 9030 8949 9381 9527 10703 9734 9443 9813 9367 9472 9245 9196 9808 9310 9435 9319 9874 9971 9838 9069 9350 10161 8910 9484 9521 10102 9436 8873 9900 9773 10125 9774 9276 9663 9338 9135 10135 10166 10152 9176 9599 9682 9265 9484 10252 8868 9801 9909 9978 9561 10124 9732 9337 10304 9176 9349 9728 10042 9815 9208 9411 9566 9237 10156 9135 9157 9060 8831 9399 8729 9764 8792 9498 9235 9984 9587 9727 9625 9532 9367 10070 10047 9120 9317 9438 9046 9028 9808 9337 9178 9294 9768 9346 9273 9560 9241 9305 9267 9770 9680 9461 9047 9135 9660 9853 9486 9894 9710 9617 9550 9698 9251 9166 10239 8988 9940 9605 9375 9230 9582 9055 9484 9615 9208 9461 9573 9318 9118 9418 10110 9297 9315 9674 8705 9444 9336 9021 9735 9402 9317 8690 9807 9687 9545 9662 10176 9384 9520 9073 9371 8896 9299 9424 9825 9589 9136 9845 9017 9414 9738 9679 9275 8467 9968 9878 9526 9640 9146 9693 9766 9663 9842 9770 10139 9416 9033 8958 9339 9397 9741 9213 9478 9312 9118 9685 9327 10327 9921 9226 9327 9689 9750 9685 9659 9346 10133 9478 9784 9589 9712 9649 9202 9460 9605 9809 9203 9888 9145 9165 9365 9405 9565 10012 9566 9617 9851 9022 10037 10286 9194 9546 9994 9420 9932 9572 9306 9125 9393 8974 9231 9337 9984 9191 9552 9474 9680 9470 9185 9227 9837 9589 9747 9892 9677 9659 9613 9179 9862 9467 9689 9750 9119 9990 9324 9333 9581 9384 9887 9268 9590 9309 9928 9259 8967 9075 9561 9407 9792 9786 10010
9737 9792 9418 9707 9364 9833 9668 8966 9519 9600 9013 10479 9729 9272 9839 8482 9875 8764 9876 9775 9892 9241 9318 9910 9803 9351 9369 9365 9114 9663 9617 9976 9393 10143 9721 9472 10016 9001 9498 9811 9104 9409 9421 9409 9791 9492 9068 9679 9697 9263 10061 9800 9781 8988 9550 9565 10203 9508 9288 9485 9704 9051 9556 10337 9460 9330 9490 9536 9192 9785 9982 9219 9636 9177 9590 8945 9438 9849 8948 9798 9664 9293 9922 9772 9874 9301 9345 9542 10034 9651 9694 8986 9369 9585 9169 9685 9918 9633 9346 9392 9383 9775 9584 9595 9902 9472 9847 9915 9607 9817 9454 9752 10145 10127 9273 9081 9873 9345 9208 9666 9026 9622 9484 10185 9007 9582 8820 10161 9094 9896 9341 8985 8920 9340 10390 9747 9500 9309 9645 9420 9455 9458 10140 8925 9702 9591 9991 9654 9858 9335 9259 10204 8851 9419 9053 10007 9714 9696 9489 10208 9469 9834 9435 9781 9185 9325 9781 9600 9982 9126 9920 9826 9662 9393 9922 9058 9523 10014 10031 9545 10541 9645 9880 10424 9288 8866 9399 10449 10256 9557 9258 9578 9524 9917 9259 9431 9428 8890 9571 8935 9871 8938 9354 9435 9964 10466 9606 9419 9544 9346 9903 9849 9261 9589 9607 8943 9159 10327 9183 9431 9820 9793 9965 8952 9761 9167 9516 9398 9597 9006 9500 9298 9355 10037 10073 9548 10028 10120 9958 9017 9860 9131 9491 10302 9105 9609 9781 9149 9236 9427 9163 9552 9768 9736 9551 9571 8948 9320 9456 10370 9462 9565 9688 8610 9107 9625 8815 9652 9571 9465 8641 9952 9570 9763 9935 9966 9760 9370 9272 10169 8987 9635 9247 9571 10024 8979 9527 9184 9625 9620 9305 9584 8667 10283 9843 9575 9412 9893 9595 10256 9480 9572 9659 10086 9517 9207 8936 9731 9618 9653 9294 9548 9594 9229 9745 9543 10006 9832 9323 9163 9874 9420 9498 9826 9537 9846 9607 9952 9511 9441 9853 9271 9851 9755 9404 9267 10422 9558 9322 9482 8657 9679 9481 9811 10001 9901 8584 9920 10224 9674 9285 10146 8743 10023 9669 9579 9409 9463 9147 9295 9778 9915 9445 9834 9785 9249 9924 9218 8947 9539 9671 9712 10414 9315 9759 9816 9322 9902 9674 10168 9695 9321 10284 9343 10149 9492 9674 9642 9590 9708 9414 9668 9433 9387 9029 9924 9523 9684 9784 9856
10173 10560 10087 10394 10294 10722 10804 10005 10740 10251 10231 11139 10455 10318 10710 9859 10908 9607 10863 11303 10895 9932 10433 10628 11040 10191 10363 10430 10436 10246 11039 11128 10345 10879 10391 10400 10908 9982 10018 10802 10092 10279 10513 10735 11342 9994 10164 10318 10211 9956 10840 10384 10449 9885 10156 10675 10567 10103 9684 10473 10278 10239 10574 11068 10557 9766 10322 10471 10169 10858 11016 10124 10615 10291 10279 10427 10163 10152 9713 10670 10592 10316 10724 10382 10749 10224 10214 10581 10974 10526 10428 9778 10273 10365 10610 9888 10537 10454 10028 10439 10383 10305 9902 10563 10434 9868 10861 10756 10287 10976 10265 10509 10884 11134 10057 10654 10419 10033 10156 10322 10044 10560 10700 11017 10053 10082 10088 10773 10146 10565 10129 10278 9843 10248 11274 10451 10702 10993 10573 10710 10547 10334 11431 9816 10435 10262 10802 11485 10635 10325 10259 11187 9791 10463 10181 11198 10398 9999 10648 10626 10746 10508 9920 10686 10061 10369 10366 10713 10850 10329 10521 10589 10198 10194 10613 9918 10304 10577 11144 10848 11286 10690 10464 11136 9819 10168 10973 11171 10868 10047 9929 10459 10199 11003 9661 9901 10321 10274 10396 10015 11098 10120 10461 10346 10962 11073 10859 10171 10205 10328 10947 10849 9756 10073 10382 10068 9881 10571 9974 10347 10635 10487 10839 9667 11007 10341 10247 10406 9727 10477 10452 9803 10793 10703 10958 10734 10794 10885 11059 10462 10595 10134 10513 11047 9867 10791 10555 9993 10621 10729 10319 10349 10240 10464 10497 10361 10100 10166 10537 11356 10382 10420 10063 9355 10083 10344 9992 10690 10197 10207 9360 10737 10722 10525 11202 10662 10368 10781 9782 10774 9874 10793 10215 10857 10574 9593 10580 10215 10631 10643 10352 10564 9634 11386 10739 10786 10397 10212 10459 11026 10367 10460 10743 11191 10314 9939 10627 10428 10215 10762 9985 9933 10516 10072 10418 10489 11010 10565 10774 10257 10682 10097 10124 10594 10315 10930 10410 10969 10450 10404 10789 10219 10570 10591 10640 10302 10801 10030 10125 10207 9777 10340 10719 10173 10924 10858 9510 11125 11090 10208 9919 10965 10116 10885 10506 10483 10406 10769 9873 10435 10399 10480 10350 10759 10544 10303 10594 10493 9863 10313 10404 10656 10792 10703 10330 10309 10634 10521 10113 10765 10768 9867 11158 10172 11078 11041 10755 10907 10045 10778 10610 10640 10109 9965 9920 10712 10105 10353 10808 10747
9652 10106 9753 9682 9522 9650 10355 9311 9856 9814 9034 11125 10085 9379 9787 9233 10180 8808 10237 10148 9845 9099 9762 10067 10080 9831 9189 9596 9561 9971 9869 10278 9769 10428 9637 9756 10462 9681 9441 10420 9507 9559 9991 9963 10364 9247 8861 9302 9747 9336 10308 9408 9813 9129 9374 9573 9853 9717 9359 9457 9884 9199 9796 10472 9875 9049 9386 9248 9815 9911 10602 9724 9892 9416 9650 9167 9632 9314 9255 10145 9516 9627 10082 9931 10098 9245 9326 9784 9846 9421 9405 8969 9772 9605 9663 9258 10349 10110 9136 9947 9354 9523 9707 9994 9636 9081 10762 9866 9532 10212 9387 9998 9961 10082 9632 9310 9821 9556 9668 9608 9481 9783 9743 10080 9693 9079 9352 10346 9599 9659 9529 9235 9562 9652 10658 9624 9748 9799 9683 9751 9652 9369 10940 9010 10156 9669 10261 10654 9782 9319 9400 10863 9231 9879 9762 10178 10106 9340 9785 10306 10126 9655 9217 10174 9591 9668 9986 9937 10206 9192 9632 10113 9232 9839 10249 9343 9779 9943 9792 9571 10566 9619 9969 10412 9465 9529 10224 10463 10503 9881 9262 9721 9894 10404 9176 9657 9119 8944 9681 9343 10065 9273 9597 9625 10072 9990 10073 9529 9544 10077 9973 10075 9632 9560 9401 9285 9385 10086 9439 9611 9541 9750 9792 9356 10227 9275 9660 9771 9755 9653 9581 9972 9701 10308 10269 9699 10269 10290 9984 9322 9806 9016 9784 10477 9437 9672 9945 9526 9366 9852 9731 9639 9539 9523 9816 9626 9335 9478 9637 10160 9650 9473 9292 8981 9223 9851 9340 10197 9573 9704 8876 9965 9754 9943 10115 10187 9831 9422 9315 9874 9436 9361 9036 10117 9790 8999 10009 9811 9619 9295 9726 9740 9222 10226 9568 9807 9036 9736 9858 10116 9115 9894 9724 10337 9354 9097 9489 10033 9476 9754 9164 9793 10393 9741 9987 9777 10308 9841 9967 9460 10069 9705 9628 9813 9936 9808 9621 10019 10253 9580 9769 9820 9815 10013 9660 9245 9751 9574 9239 9438 9536 9590 10177 9674 9989 10243 9224 10271 9983 9465 9495 9972 9058 10376 9709 9754 9569 10106 9514 9488 10077 9875 9435 10026 9733 9688 9653 9448 9327 9485 10385 10062 9893 9778 9664 9962 9524 9944 9732 10052 9924 9427 10505 9661 9999 10002 9730 9980 9791 10137 9567 9949 9460 9250 9577 10161 9437 9794 10088 10204
9365 9494 9464 9470 9461 9460 10006 9075 10072 9554 9225 10259 9593 9424 9840 9020 9857 8326 9809 10019 9452 8807 9328 9253 10026 9250 9434 9877 9325 9729 10191 10225 9924 10079 9685 9840 10162 9318 9293 9917 8867 9812 9881 9443 9901 9135 9095 9294 9938 8861 9820 9447 9673 8854 9865 9833 9732 9219 9644 9190 9004 9492 9452 10205 9646 9618 9323 9128 9822 9737 10092 9215 9851 9579 9494 9543 9776 9038 9428 10045 9433 9674 9888 9348 10076 9330 9206 9467 9662 9667 9440 8871 9686 9038 9715 9213 9864 9705 9266 9698 9090 9838 9510 9842 9923 9253 9964 10040 9359 9698 9273 9826 9837 9958 9245 9199 9928 9507 9814 9749 9472 9598 10100 9976 9578 9327 9208 10092 9291 9445 9575 9264 9431 9530 9841 9725 9943 9933 9623 9682 9618 9500 10375 9232 9730 9374 10196 10005 9635 9110 9320 10384 9092 9600 9700 10406 9835 9588 9482 9793 9685 9588 9226 9617 9766 9250 9329 9792 9812 9403 9346 9696 9528 9744 10159 9265 9696 9638 9956 9752 10008 9467 9959 10107 9042 9241 9531 10028 10022 9424 9296 9573 9826 10300 8895 9490 9357 9363 9513 9044 9966 9050 9183 9054 10014 9993 9928 9746 9244 9369 10195 9908 9220 9493 9381 9093 9351 9447 9389 9476 9228 9620 9765 9061 10168 9350 9554 9431 9765 9607 9672 9235 9704 9909 9675 9226 9569 9865 9871 9502 9738 9297 9642 10175 9305 9567 10056 9098 9375 9375 9366 9602 9117 9531 9742 9615 9309 9346 9777 9995 9130 9246 9651 9047 9449 9537 9175 9710 9647 9665 8977 9880 9464 9657 10067 9964 9517 9526 9293 9338 9206 9337 9542 9805 9778 9233 10043 9565 9502 9829 9253 9684 9106 9815 9780 9467 9543 9149 9891 10233 9558 9302 9452 10537 9694 9399 9326 10009 9639 9942 9398 9348 9736 9791 9643 9288 10377 10113 9861 9280 9665 9275 9196 9635 9321 9848 9726 10380 9428 9252 9884 9262 10007 9407 9408 9368 9897 9774 9488 9737 9603 9686 9768 9526 9819 10110 9162 9792 9961 9239 9244 9825 9139 9827 9856 9616 8983 9555 9275 9341 10008 9417 9543 9776 9573 9604 10018 9628 8958 9579 9609 9539 10174 9660 9609 9563 9817 10427 9114 9856 9748 9203 10077 9323 9623 9583 9494 9496 9220 9716 9645 9831 9601 9481 9202 9849 9542 9469 9561 9661
9641 9813 9816 9738 9748 9651 10157 9354 10003 9588 8839 11211 9733 9515 10072 8946 9905 8895 9799 10267 9662 9249 9275 9716 10155 9527 9358 9763 9483 9812 10157 10333 9630 10018 9692 9832 10027 9625 9903 10132 9094 9898 9757 9831 10068 9123 9722 9845 9436 9373 10321 9548 9948 9260 9429 9682 10037 9492 9711 9494 9875 9009 9739 10586 9832 9297 9800 9342 9747 9728 10445 9506 10036 9886 9854 9152 9946 9596 9472 10305 9510 9242 9667 10096 9869 9514 9502 9522 9833 9743 9535 8954 9646 9723 9735 9456 10342 9640 9198 9756 9328 9765 9440 9863 10378 9424 10395 10097 9731 9848 9343 10007 10092 9937 9542 9467 9761 9289 9687 9423 9171 9844 9555 10253 9841 9435 9308 9827 9893 9600 9663 9274 9724 9543 10225 9904 9621 9845 9458 9604 9436 9368 10070 8910 9657 9471 10098 9952 9880 9654 9649 10449 9478 9766 9535 10374 10148 9740 9938 10521 9888 9533 9575 10309 9309 9728 9914 9898 10207 9279 9789 10186 9665 9581 10383 9412 9708 9852 10057 9616 9926 9614 9662 10514 9719 9686 9744 10026 10313 9511 9360 9576 10134 10368 9558 9749 9882 9132 9963 9084 9668 9287 9339 9659 9937 10352 9666 9758 9897 9642 10371 9919 8992 9691 9567 9459 9386 9857 9008 9440 9677 9612 10077 9288 10101 9436 9460 9395 9684 9539 9405 9685 9959 10265 10016 10049 9723 10132 10261 9319 9874 9590 10002 10471 9648 9731 9652 9621 9881 9853 9558 9599 9802 10094 9981 9439 9569 9650 9684 10475 9170 9442 9584 9361 9487 9915 9177 9468 9398 9819 9065 10218 9912 10145 10095 10011 10094 10257 9478 9848 9301 9382 9456 9828 9876 9124 9695 9431 9329 9356 9791 9742 9151 10485 9676 9804 9276 9536 9813 10038 9768 9761 10145 10328 10002 9821 9430 9867 9458 10138 8966 9668 9835 10009 10024 9565 10367 9983 9552 8938 9666 9427 9362 9749 9962 10053 9715 10024 10001 9906 10094 9595 10108 10187 10326 9364 10379 9918 9709 10029 9095 9529 10085 10012 9917 10579 9245 10050 9934 9824 9731 10055 9146 9934 9984 9799 9573 9675 9087 9650 9979 9883 9554 9821 9405 9812 9980 9207 9450 9562 9948 9882 10237 9547 9868 9958 9727 9768 9428 9959 9852 9419 10265 9666 9599 9294 9818 9808 9535 10274 9296 10026 9951 9269 9496 10165 9601 9729 9783 9682
9544 10149 9939 10021 10229 10055 10129 9370 9508 9954 9738 11035 9977 9472 10207 9342 10010 8564 10075 10458 9920 9216 9659 10030 10541 10068 10081 9694 9617 9641 9972 10151 9773 10147 9616 9774 10560 10301 9549 10246 9343 9943 10228 9800 9916 9384 9497 9768 9918 9826 10513 9605 10372 9117 9921 9843 10395 9395 9748 9688 10163 9426 9705 10842 9934 9434 9707 9331 10040 10417 10042 9853 10140 9372 10165 9553 9873 9482 9049 10154 9696 9452 10015 10099 10240 9742 9805 9772 9880 9929 9862 9394 9729 9231 9644 9530 10505 10146 9435 9557 9444 9776 9616 10398 10129 9546 10201 10227 9807 10190 9643 10106 10657 10267 9693 9782 10335 9578 9957 9626 9473 9805 9904 10113 9884 9296 9070 10208 9476 9810 9720 9530 9262 9949 10661 9971 10102 9868 9775 9900 9623 9701 10647 9606 9854 9650 10408 10331 10209 9627 9532 10584 9894 9927 10008 10632 9812 9536 10151 10524 9945 9808 9631 10378 9760 9946 10378 9975 10234 9683 9803 10211 9614 9911 10419 9785 9972 9866 10129 9770 10699 9992 9647 10725 9436 9690 9863 10543 10253 9862 9717 9785 9733 10774 9433 9540 9874 9240 9544 9470 9967 9476 9468 9861 10353 10273 9797 9605 9807 9682 10603 10534 9590 9584 9454 9476 9546 10258 9522 9833 9685 9680 10016 9231 10184 10026 9751 9844 9544 9996 9916 9532 9901 10038 10431 10168 10135 10320 10811 9355 10092 9743 9969 10547 9171 10108 9927 10028 10111 10101 9903 9591 9665 9947 10290 9595 9412 9790 9914 10457 9536 9593 9650 9192 9301 10038 9496 9900 9830 9873 9153 10097 9708 10195 10138 10173 9805 9707 9642 9615 9159 9764 9555 9847 10074 9259 9928 9888 9817 9423 9397 9748 9335 10189 10214 9629 10031 9682 9679 10261 9871 9590 10358 10456 9935 9628 9444 10270 10005 10254 9477 9983 9936 9587 10372 10023 10281 10169 9606 9372 9883 10036 9854 9949 10032 9895 9777 9667 10088 9883 10318 10012 10192 10123 9707 9778 10144 9502 9885 10290 9511 9885 10207 9582 10031 10600 9008 10496 10487 9971 9790 9840 9569 10371 9918 10313 9382 9652 9388 9348 10128 9898 9933 10373 10112 9868 9453 9427 9379 9857 9862 10005 10289 9789 9926 9989 9800 10142 9589 9948 10038 9715 10512 9591 10259 9624 10232 10054 9688 10604 9541 10162 9753 9287 9780 10193 9849 9497 10123 10229
9260 9934 9735 9987 9890 9698 9921 9488 9867 9531 9579 10819 9374 9232 9909 9219 10308 8771 9828 10212 10119 9400 9825 10097 10316 9734 9838 9431 9552 9364 10053 10464 9736 10142 9874 9811 9823 9771 9936 10156 9291 9724 9850 9590 9561 9411 8995 9248 9544 8936 10284 9467 10194 9045 9449 9898 10207 9335 9838 9695 9698 9143 9850 10489 9356 8967 9740 9493 9309 9926 10354 9554 9965 9212 9724 9270 9867 9534 8925 9909 9773 9808 9935 9609 10305 9889 9537 9901 9976 9553 9250 9003 9732 9057 10187 9315 9695 9818 9490 9688 9224 9712 9681 9957 10174 9274 10008 9977 9711 10007 9512 9382 10332 10498 9366 9347 9600 9762 9708 9884 9391 9961 9991 10200 9146 9682 9349 9999 9546 9477 9644 9329 9743 9803 10588 10003 9824 9740 9395 10063 9583 9495 10279 9550 9968 9658 10176 9948 9708 9649 9436 10497 9394 9835 9968 10514 9841 9127 9820 10148 10154 9963 9321 10240 9408 9648 9623 10184 9926 8947 9939 10001 9903 9547 10216 9534 9877 10068 9765 10023 10376 9795 9587 10325 9224 9689 10257 10354 10578 9869 9492 9492 9947 10410 9389 9534 9349 9185 9779 9214 9610 9545 9367 9697 10082 10411 9888 9654 9452 9629 10184 10068 9114 9445 9694 9283 9462 10084 9190 9760 9631 10200 9813 9230 9885 9776 9263 9375 9916 9586 9874 9262 9573 10032 9983 9427 9898 10102 10244 9282 10109 9450 10307 10439 9312 10080 9552 9771 9367 9494 9751 9574 9759 9456 10172 9317 9542 9282 9696 10190 9635 9760 9584 9183 9333 9757 9236 9744 9867 9499 9084 10132 9743 9576 10141 10099 9961 10036 9484 10036 9155 9522 9838 10026 10066 9168 10058 9409 9832 9482 9516 9697 9331 10112 9737 10006 9520 9302 10276 9906 9489 9707 9841 10058 9424 9460 9198 9748 9420 10234 9453 9808 9599 9476 10130 9877 10527 10343 9434 9031 10122 9657 9802 9994 9658 9854 9457 9598 9978 9831 10005 9053 10153 9790 9705 9567 10112 9577 9688 9496 9181 9860 9755 9453 9808 9998 8834 9774 10200 9703 9486 10035 9325 10489 10166 9519 9531 9383 9403 9822 9688 9754 9921 9776 9655 9766 9720 9723 9471 9687 10038 9900 9944 9176 10061 9810 9523 10052 9851 9991 9626 9228 10535 9492 9917 9806 9940 9844 9137 10154 9609 9916 9740 9060 9015 10057 9526 9761 9977 9913
9061 9446 9359 9270 9202 9301 9827 8780 9486 9474 8951 9983 9548 8832 9813 8578 9426 8440 9748 9561 9396 8683 9360 9473 9411 9481 9207 9211 9105 9418 10197 9887 9239 10359 9211 9322 10245 9235 9387 9695 9023 9635 8983 9019 9454 8850 8791 9419 9244 8922 9507 9171 9508 9048 9207 9601 9729 9404 9202 9161 9298 8963 9634 9805 9264 9599 9245 9011 9078 9595 9776 9232 9155 9220 9297 9079 9504 9190 8763 9768 8914 9093 9522 9297 9558 9150 9380 9694 9739 9150 8961 8608 9283 8996 9154 9135 9869 9747 9211 9283 9322 9431 9245 9721 9363 9156 10322 9544 9466 9930 8694 9734 9926 9380 9312 9395 9637 9136 9232 9383 8708 9511 9158 9672 9144 8916 8716 9253 9169 9244 9086 8955 9170 9313 10092 9572 9709 9604 9185 9512 9211 8869 10411 8824 9359 9291 9715 9818 9197 8905 9347 10135 9042 9137 9281 9942 9662 9352 9498 9901 9159 9415 8951 9696 9093 9010 9636 9588 9544 9472 9228 9951 9261 9438 9868 8860 9488 9437 9691 9141 9711 9917 9505 10393 9288 9007 9535 9771 9891 9234 9306 9647 9705 9838 9054 9433 9063 8770 9222 8671 9703 8720 9384 9431 9550 9983 9388 9212 9294 9494 9214 9764 9252 9076 9086 9363 9286 9615 9338 9621 9409 9537 9472 8764 9844 9403 9178 9018 8905 9097 9380 9062 9435 9741 9842 9139 9563 9413 9655 9087 9515 9219 9219 9870 8838 9428 9593 9412 9138 9524 9641 9561 9334 9422 9386 9363 9149 9344 9509 10028 8730 9466 8764 8745 9312 9877 9088 9536 9228 9265 8637 9894 9486 9733 9597 9823 9438 9317 8994 9874 8758 9235 9456 9979 10248 8748 10068 9122 9331 9244 8557 9730 8541 10166 9816 9066 9149 9012 9396 9655 9492 9127 9410 9810 9549 8806 9147 9764 8972 9405 8926 9499 9478 9272 9918 9560 9972 9682 9508 9295 9830 9381 9069 9466 9389 9559 9528 9703 9121 9454 9679 9010 9669 9330 9181 9069 9670 9428 9240 9562 9224 9447 9645 9713 9447 9807 8593 9765 10013 9440 9214 9837 9040 9585 9687 9288 9224 9639 8822 9314 9677 9403 8936 9408 9610 9123 9645 9236 8999 9436 9596 9766 9983 9567 9502 9407 9293 9723 8954 9665 9653 9175 9774 9098 9632 9475 9331 9517 9423 9768 9040 10157 9526 8910 9209 9853 9315 9540 9507 9960
10037 9994 9863 10177 9976 9859 10126 9377 9925 9453 9797 10854 10110 9614 10157 9321 10734 8925 10012 10521 9971 9365 9772 9735 10158 10029 9895 9710 9725 9827 10283 10770 9977 10484 9732 10195 10282 9710 9633 10069 9429 10148 9978 9998 10080 9421 9215 9428 10035 9881 9935 9569 10116 9621 9903 10086 10007 9525 9109 9676 10239 9289 9789 10618 9622 9524 9873 9489 9908 10122 10695 9887 10123 9352 10037 9842 10095 9567 8988 10346 10241 9809 10224 10237 9849 9592 10083 10031 10045 9442 9508 9535 9688 9870 9924 9848 10053 9770 9387 9916 9759 10036 9521 10054 9723 9329 10215 9988 10180 10527 9735 10342 10189 10470 9329 9603 10041 9802 9942 10044 9316 10019 10400 10743 9241 8995 9212 9792 9779 10022 9977 9805 9866 9741 10947 9892 10287 10184 9602 10222 9864 9330 10824 9340 10002 9621 10344 10889 9894 10020 9907 10867 9561 9886 9813 10431 9894 9626 10347 10597 10016 9710 9436 10010 9958 9941 10467 10025 10116 9537 9920 10263 9829 9815 10460 9690 9961 10448 10127 10165 11028 10144 10107 10813 9376 9445 10043 10547 10302 10173 9675 9978 9950 10571 9484 10039 9620 9423 9818 9431 10098 9260 9911 9602 10230 10558 9908 10082 9960 9733 10226 10250 9459 10051 9182 9808 9824 9920 9908 9750 10091 9994 9799 9237 10067 9384 9503 9704 9984 9456 9976 9937 10124 10183 10412 9986 10321 10249 10591 9732 10405 9464 9919 10256 9351 10071 10237 10075 9947 10085 9517 10135 9558 10007 9969 9308 9475 9444 9844 10794 10034 9902 9503 8986 9688 9769 9532 10112 9930 9810 9448 10489 10122 10117 10187 10383 9397 9749 9668 10291 9445 9807 9768 10502 10580 9097 10039 9531 10077 9987 9925 9818 9338 10405 10158 9876 9910 10062 10294 10450 9911 10072 9966 10015 10150 9596 9565 9996 9719 10149 9502 10331 9998 9739 10075 9955 10128 10135 10054 9746 10105 9708 9973 10181 9888 10350 9603 10283 10241 9966 9942 9447 10011 10086 10089 9536 10473 9808 9645 10247 9619 10328 9965 9610 10337 10302 8992 10053 10611 9898 9670 10180 9302 10487 10144 9766 9800 10185 9385 9760 10176 10025 9997 10090 10071 10259 10094 10164 9113 9794 9943 10481 10378 9906 9571 9965 10171 9808 9867 10578 10470 9569 10610 9595 9982 10062 9988 10237 9750 10841 9381 10136 9845 9484 9603 10149 9745 9911 10294 10518
9688 9963 9374 9671 9605 9894 10077 9026 10031 9670 9359 10874 9591 9298 9965 9398 10094 8808 10547 10746 10080 9151 9295 9630 10313 9813 10025 9695 9570 9752 10301 10215 9956 10277 9899 9663 10091 9755 9518 10175 9568 9782 9777 9651 9944 9394 9282 9510 9679 9387 10112 9630 10032 9325 9738 9582 10026 9005 9157 9736 9635 9609 9851 10564 9767 9552 9771 9524 10121 10206 9919 9469 10008 9580 9985 9393 9971 9918 9232 10069 9550 9546 9742 9688 9993 9616 9524 9773 9733 9845 9594 9268 9474 9509 9962 9615 9838 9952 8959 9599 9557 9918 9305 10064 10085 9562 10004 10095 9758 9685 9413 9987 9985 10469 9820 9686 9899 9756 9345 10378 9024 9904 10233 10542 9754 9619 9218 10209 9737 9915 9371 9602 9283 9616 10227 9704 10167 9934 9914 10050 9830 9571 10539 9138 10253 9634 10416 10225 9693 9445 9188 10503 9564 9405 9417 10371 9744 9388 10107 10431 9715 10159 9410 9928 9551 9591 9823 10077 10298 9414 9920 9823 9415 9467 10165 9527 9965 9803 9929 10065 10789 9412 9768 10469 9121 9681 10089 10361 10687 9646 9511 9677 9690 10362 9133 9953 9746 9170 9777 9257 10413 8896 10040 9948 10088 10200 9646 9728 9379 9671 9984 10228 9056 9769 9670 9060 9347 9837 9594 9773 9838 9974 10176 8940 10346 9496 9449 9756 9434 9957 10019 9362 10134 10118 10295 9991 9760 10398 10156 9651 10077 9962 9701 10598 9312 9793 10005 9777 10165 9662 9294 9957 9435 9939 9895 9632 9292 9391 9587 10373 9653 9635 9539 9608 9372 9645 9522 10216 9717 9629 8965 10046 9930 9470 9926 10290 9305 9955 9656 9800 9337 10060 9715 9980 10113 9158 9977 9529 9849 9528 9379 9977 9258 10255 10290 9809 9635 9556 9739 10298 9616 9795 9742 10346 9681 9101 9333 10163 9700 10121 8998 9826 10078 9519 9929 9810 10540 10028 9522 9726 10000 9643 9728 9808 10171 10012 9736 9796 10166 9988 10120 9883 9794 10275 9880 9669 10414 9729 9794 9802 9375 9875 9677 9718 10028 10342 9050 10084 10634 9628 9629 10436 9555 10013 10015 9754 9770 9933 9475 9377 9857 9900 9630 9919 9813 9498 9564 9804 9192 9764 9629 10064 10302 9942 9973 9797 10163 10258 9552 10460 9770 9638 10524 9455 9894 9725 9813 9722 8944 10373 9637 9688 9675 9404 9571 10248 9559 9792 9989 10078
9335 10080 9535 9902 9451 9925 9961 8927 10065 9549 9194 10373 9771 9310 9795 8867 10008 8396 9805 9961 9934 9596 9307 9949 9947 9532 9761 9269 9533 9545 10121 10008 9288 9932 9676 9323 9552 9510 10000 9970 9454 9571 9571 9448 9721 9546 9160 9468 9694 9406 9795 9214 9863 8884 9748 9371 10037 9428 9161 9301 10026 9194 9286 10186 9252 9269 9540 9568 9196 9604 10103 9410 9767 9516 9929 9182 9661 9411 9123 10006 9561 9567 9881 9713 9891 9733 9290 10133 9563 9264 9368 8992 9530 9412 9627 9351 9895 9952 9351 9712 9266 9669 9513 9888 9772 9314 10076 10059 9656 9767 9175 9787 9899 10234 9583 9322 9953 9330 9431 9935 9153 9418 9631 10275 9143 9210 9111 10053 9600 9403 9718 9139 9359 9812 10449 10034 9691 9504 9517 9576 9462 9184 9888 9366 9845 9504 10093 9929 9838 9163 9259 10040 9026 9837 9338 10409 9508 9629 10214 10210 9835 9684 9413 9716 9781 8985 9601 9883 10274 9238 9651 10005 9374 9513 10424 9293 9663 9933 9826 9498 10392 9560 9411 10589 9854 9572 9845 10275 9979 9492 9861 9740 9646 9883 9151 9260 9774 9163 9443 9066 9934 9522 9217 9606 9546 10243 9354 9393 9652 9998 10195 9756 9095 9461 9407 9162 9167 9857 9317 9529 9693 9832 9576 8903 9521 9069 9334 9086 9219 9521 9734 9725 9520 10165 10016 9877 10056 10092 9848 9555 9655 9270 9515 10395 9368 9608 9445 9579 9790 9894 9364 9674 9566 10009 9792 9263 9357 9526 9753 10115 9248 9716 9531 9035 9477 9930 8879 9732 9286 9304 8586 10078 9587 9955 10036 10227 9779 9495 9288 9327 8951 9570 9959 9473 10340 8999 9981 9194 9606 9466 9555 9347 9092 9475 10040 9984 9726 9557 9919 10172 9690 9541 9876 10264 9634 9067 9245 9458 9827 10048 8810 9874 9736 9774 10037 9531 10192 9766 9470 9162 9687 9252 9259 9714 9660 10092 9768 9793 9784 9953 10141 9262 10046 9671 9694 9683 9898 9659 9524 9510 9653 9359 9893 9320 10010 9931 8973 9542 10325 9491 9490 9924 8861 10279 10118 9436 9028 9573 9128 9408 9785 9969 9509 9650 9559 9716 9907 9546 9126 9484 10020 9969 10026 9422 9615 9759 9508 9845 9576 10065 9749 9069 10471 9286 9566 9401 9506 9756 9439 10110 9764 9597 9604 9425 9200 9412 9694 9558 9741 10072
10119 10324 9836 10230 10182 10009 10588 9557 9965 9751 9523 11447 10305 9941 10620 9683 10282 8939 10657 10895 10596 9876 10238 10238 10214 10351 10113 10281 10230 9941 11113 10617 9759 10897 10179 10387 11044 9992 10379 10310 10063 10059 10349 10165 10345 9946 9949 10186 10266 9873 10429 10022 10210 9805 10020 10392 10600 10075 9781 10102 10506 9744 10664 11021 9957 10012 10361 10220 10089 10745 11173 9851 10405 10023 9873 9750 10012 9925 9917 10211 10481 10257 10478 10416 10625 9785 9991 10472 10115 10239 10299 9457 10111 10086 10436 9659 10288 10328 9675 10383 10426 10464 9758 10198 10563 9904 10583 10480 10164 10530 9645 10469 10871 10368 9798 10143 10685 9751 10276 10398 9852 10284 9764 10630 9848 9590 9856 11090 10055 9925 10055 9619 9834 10105 11014 10600 9957 10433 10120 10157 10039 9758 10652 9926 10337 9898 10502 10633 10402 10191 9785 10968 9784 9758 10142 11447 10281 10037 10163 10623 10357 10380 10141 10069 9817 10110 10396 10818 10824 10192 10298 10557 10212 9808 10786 9511 9974 10824 10441 10131 11250 10184 10415 10999 9606 9885 10570 10799 11039 10056 10190 10326 10256 10648 9933 9738 10361 9136 10410 9605 10669 9888 10362 9813 10859 10660 10091 10187 9871 10406 10619 10812 9223 9981 9804 9801 10044 10750 9785 10216 10315 10537 10027 9353 10388 9595 9767 9924 10138 10070 10174 10026 10341 10481 10614 10217 10465 10620 10989 9986 10396 10043 10414 11406 9728 10341 10508 10405 9934 10326 10350 10007 10495 10327 10529 10149 10152 9947 9959 11104 10229 9992 9894 9082 10098 10697 9699 10541 9948 10184 9304 10183 10363 10387 10310 10748 10151 10210 9904 10223 9443 9898 10313 10542 10321 9296 10600 9943 10107 10156 10075 10206 9416 10813 10965 10294 10373 10380 10283 10513 9751 9669 10377 10727 9807 10142 10028 10287 10141 10730 9794 10364 10190 9805 10407 10256 10780 10264 10413 9579 10544 10314 10410 10225 9920 10247 10211 10805 10121 10290 10548 9872 10616 10689 10227 9751 10651 9952 9988 10236 10024 10540 10730 10283 10020 10743 10019 10498 10929 10034 9988 10275 9740 10775 10191 10210 10142 10438 10041 10196 10160 10333 9816 10328 10441 10547 10335 10162 9639 10197 10106 10628 10633 10436 10331 10494 10140 10249 9678 10983 10238 10368 10726 10160 10690 10612 10360 10536 9967 10662 10100 10523 10490 9673 9719 10651 10028 10156 10737 10355
9937 10051 10071 10260 10060 10062 10819 9687 10069 9702 9487 11166 9531 9662 9938 9385 10353 9217 10491 10680 10027 9630 9885 9932 10560 10017 9860 10028 9771 10186 10440 10821 10018 10827 9813 9923 10362 10268 10003 10648 9881 10082 9634 10043 10641 9501 9520 9684 10424 9602 10625 10051 10312 9773 10150 10168 10656 10078 9977 9944 10223 9561 10292 10423 10085 9640 10169 10217 9854 10193 10788 10018 10422 10210 10318 9692 10270 10022 9594 10170 9792 9913 10194 9917 10742 9880 10022 10289 10320 10504 10272 9172 9703 9813 10233 9759 10519 10162 9383 9980 9927 9609 9704 10057 10189 9917 10706 10190 9859 10407 9662 9935 10441 10399 9880 9916 10283 10176 10044 10109 9649 10600 10526 10703 9689 9482 9541 10535 9633 10270 10012 9994 9813 9855 10722 10410 10040 10219 10048 10249 9852 9962 10770 9754 10856 9875 10723 10501 9969 9757 9995 10698 9637 10196 9612 11338 9764 10232 10411 10554 10199 10444 9837 10220 9829 9914 10371 10539 10418 9423 10008 10771 9599 10012 10169 10170 10173 10638 10678 9871 10597 10043 9934 10977 9574 9779 10306 10517 10470 10091 10033 10258 10457 10698 9467 9868 9758 9227 10042 9473 10377 9717 10238 9996 10526 10584 10215 9995 9827 10439 10602 10570 9272 9869 9603 9993 9847 10093 9954 9634 9867 10273 10124 9282 10536 9803 9805 9896 9827 10090 10255 9988 9945 9945 10758 10064 10093 10666 10319 9646 10609 10001 10310 10809 9538 10339 10338 10216 10429 9580 9621 9851 10328 9982 10235 9884 10050 9691 9915 10515 10308 9685 9786 9441 9844 10388 9646 10129 10088 9966 9150 10636 10190 10092 10472 10578 10103 10091 9771 10407 9523 9682 10171 10536 10262 9418 10325 10046 10207 9664 9744 9920 10054 10706 10457 10153 9905 9994 10060 10707 9838 10062 9854 10748 10323 9705 9981 10103 9855 10491 9732 9656 9803 9777 10317 10150 10836 10475 9755 9478 10156 9786 10028 10345 10130 10054 9874 10188 10190 10507 10765 9852 10278 10369 10186 9980 10238 10082 9840 10064 9740 9946 10208 9851 10300 10767 9159 10310 10887 9898 9533 10520 9596 10528 10255 10440 9691 10218 9665 9893 10429 9940 10030 10294 10039 10117 9692 9650 9329 9943 10492 10465 10196 10398 9985 10153 10324 10403 9654 10560 10345 9605 11017 9774 10503 10370 9903 10466 10053 10289 9994 10549 9991 9517 9589 10100 10069 9737 10443 10458
9727 9996 9831 10082 9946 10249 10120 9625 10116 9486 10007 10546 9926 9799 9843 9295 10021 9108 9962 10299 10230 9192 10142 9736 10287 9999 9513 9958 9942 10051 10371 10592 10307 10508 9930 10167 10215 9884 10297 10183 9758 9804 9932 9639 9914 9448 9214 9857 9883 9295 10398 9672 10293 9031 9914 9908 10254 9710 9872 9731 10225 9323 10118 10556 9564 9652 9688 9664 9999 10253 10211 9540 9916 9606 9730 9571 9768 9682 9260 10344 9713 9528 10343 9537 10080 9831 9672 10152 10391 10383 9507 9051 9977 9700 10115 9664 10544 9824 9639 9942 9713 9587 9360 10601 10033 9570 10297 10337 10078 10244 9845 10292 10362 10143 9551 9734 9974 9424 10037 9814 9325 10193 10086 10582 9325 9391 9452 10468 9519 10105 9613 9476 9470 9867 10396 10287 10119 9980 9892 9874 10321 9629 10914 9438 10138 10046 9930 10382 9962 9801 9447 10899 8945 10216 9638 10776 10580 9661 10117 10762 10359 10238 9347 10199 9418 9973 9875 10369 10329 9445 10078 10569 10221 9689 10681 9606 9698 10183 10056 10151 11033 9989 10051 10645 9825 10002 10405 10521 10848 9771 9846 10216 9909 10482 9456 9964 9596 9589 9704 9524 10072 9741 9818 9814 10157 10595 9797 9818 9806 10074 10507 10304 9419 9721 9565 9662 9585 10036 9712 9855 9953 10200 10130 9626 10356 9877 9518 10017 10235 10097 9962 9785 9823 10117 10505 9877 9950 10432 10410 9599 10561 10045 10016 10986 9648 10234 10408 9788 9978 10037 9524 9979 10064 10035 10326 9822 9464 9692 9594 10126 9818 9562 9939 9641 9968 10315 9347 10066 9953 9658 9406 10375 10132 10046 10166 10516 10035 10000 9942 10127 9824 10023 9889 10193 10065 9286 10102 9643 9806 10065 9608 10113 9592 10758 10228 9600 9656 9753 10162 10127 10151 9846 10001 10549 9977 9762 9834 9680 9592 10116 9426 9736 10080 9395 10374 10034 10944 10119 9820 9396 10247 9739 10032 10379 9887 10521 9838 10271 9750 10255 10064 9830 10250 10180 9989 9627 10247 9572 9738 9962 9778 10311 10254 9735 10081 10412 9339 10112 10184 9677 9300 10416 9347 10461 9849 10127 9609 9968 9784 9707 9904 9851 9624 10107 9671 10004 10454 9755 9448 9689 10178 10840 10116 10029 9979 9692 10169 10459 9540 10296 9973 9446 10626 9588 10214 9679 9980 10151 9681 10626 10024 9911 10004 9269 9598 10400 9559 10006 10342 10071
9351 9270 9164 9556 9041 9596 9648 8732 9317 9059 8604 10896 9077 9369 9514 9021 9638 8314 9678 9801 9739 9151 9311 9351 9841 9100 9095 9725 9190 9111 9577 10107 9243 9905 9693 9177 9774 9420 9484 9887 8955 9310 9655 9496 9353 9022 8880 9115 9777 8850 9365 8853 9648 8688 9079 9292 9679 9240 9051 9093 9451 8849 9160 10386 9692 9354 9513 9332 9134 9321 10296 9026 9903 9728 9679 8732 9665 9015 8992 9603 9267 9116 9636 9440 9880 9653 9392 9820 9636 9264 8788 8825 9686 9151 9701 9313 9531 9211 9070 9440 9116 9518 8888 9585 9725 9425 10143 9440 9400 9624 9231 9533 9728 9825 9220 9252 9364 9316 9355 9522 8934 9302 9232 9787 8980 9095 9035 9977 9391 9665 9151 9217 9143 9481 10229 9519 9612 9727 9517 9493 9422 9423 9987 9209 9405 9473 9825 9886 9367 9114 9317 9903 9090 9650 9123 10079 9637 9296 9700 10277 9566 9590 9138 9730 8897 9199 9828 9634 10162 8740 9227 9826 9157 9378 10269 8786 9568 9833 10085 9422 10139 9610 9901 10042 9147 9364 9698 10040 9817 9344 8973 9484 9529 9589 8913 8829 9444 8664 9436 8867 9648 8834 9156 9296 9534 9704 9329 9256 9177 9736 9597 9869 8933 9757 9061 9283 9119 9724 9353 9680 9257 9359 8944 8818 9824 9035 9078 8886 9390 9334 9301 9240 9183 9738 9892 9512 9885 9802 9579 9347 9444 9384 9892 9917 9047 9511 9503 9558 9238 9314 9784 9522 9324 9786 9740 9435 9398 8961 9505 10132 9000 9295 9538 8448 9215 9619 9167 9591 9656 9426 8813 9695 9521 9680 9717 9863 9425 9360 8899 9476 8947 9558 9387 9796 9779 8623 9409 9282 9115 9070 9341 9235 8929 9829 9579 9440 9574 9540 9434 9717 9341 9354 9769 9771 9479 9175 8632 9287 9125 10226 8948 9402 9461 9490 9737 9673 10004 9711 9240 8986 9923 9218 8872 9540 9422 9838 9536 9705 9625 9498 9879 9266 9127 9564 9660 9158 9935 9417 9531 9377 9127 9309 9627 9642 9605 9709 8906 9591 10107 9197 9083 9731 8856 9891 9429 9591 9264 9445 8989 9340 9724 9392 9164 9591 9678 9571 9675 9116 8776 9590 9810 9988 9773 9687 9102 9428 9090 9517 9406 9723 9182 9268 9971 9448 9612 9446 9228 9432 9245 9707 9168 9462 9095 9176 9625 9175 9030 8928 9552 9614
10031 10093 10325 10290 10345 10274 10731 9686 10073 10076 9769 11409 10054 10044 10492 9291 10783 9333 10621 10779 10706 9835 10094 10133 10769 10390 10064 10250 9966 10485 10737 10862 10146 10734 10001 10562 10795 10299 10230 10441 9715 10174 10083 10321 10143 9941 9873 10052 10491 9891 10627 10157 10366 9687 9994 10594 10634 9837 10011 9669 10232 9751 10236 11101 10269 9918 10390 9596 10115 10171 10937 9861 10275 9859 10265 10140 10512 10569 10163 10363 9745 10207 10896 10663 10551 10419 9879 10763 10353 10242 10393 9901 10173 9826 10163 9731 10615 10082 9741 10299 9858 10235 9996 10343 10428 10269 10939 10490 10036 10588 9929 9892 10646 10708 9925 10099 10495 10070 10070 10099 9742 10417 10146 10627 10000 10058 9662 10611 10231 10768 9812 9855 9741 10160 11074 10316 10201 9683 10521 10229 10756 10126 10843 9828 10330 9567 10477 10604 10035 10113 10151 10715 9608 10243 10385 10862 10104 9717 10358 11207 10517 10285 10100 10505 10160 9852 10658 10968 10873 9779 10348 10699 10184 10046 10708 9961 10660 10351 10472 10103 10879 10013 10428 10956 9541 10108 10370 10480 11107 9932 9907 10306 10237 10677 9854 10139 10371 9594 10376 9740 10412 9630 10303 9872 10732 11022 10684 10194 10363 10208 10349 10717 9815 10217 10101 10022 10663 10270 9961 10678 10160 10501 10418 9483 10619 10270 9972 9850 10257 9847 9927 9590 9973 10640 10938 10009 10123 10695 11285 9797 10605 9973 10786 10785 9868 10197 10614 10079 9963 9644 10041 10248 10062 10187 10523 10256 9856 9976 10350 11309 10323 10337 10163 9574 10027 10534 9845 10323 10440 10179 9370 10469 10110 10532 10812 11087 10211 10264 9964 10618 10064 10459 10380 10516 10387 9972 10525 10049 10163 10430 9910 10495 9550 10614 10704 10167 10212 9640 10102 10699 9742 10165 10418 10613 10332 10096 9499 10479 10286 10735 10050 9893 10162 10340 10502 10396 11136 10894 10345 9888 10565 10101 10015 9912 10434 10735 10118 10577 10503 10546 10402 9614 10807 10634 9765 10106 10419 10384 10285 10295 9835 10172 10390 10601 10707 10924 9760 10297 10751 10408 10098 10922 9762 10851 10062 10450 9589 10448 10261 10370 10500 10039 10150 10431 10298 9767 9977 10068 9794 10120 10441 10615 10687 10066 10081 10401 9923 10640 10291 10793 10329 9806 10844 10201 10989 10212 10219 10225 9954 10937 9941 10395 10151 9491 10188 10359 9678 10215 10403 10095
10137 10021 10350 10132 10251 10160 10825 9973 10369 10238 9953 11404 10607 9932 9939 9442 10428 9486 10415 10696 10123 10048 9801 10368 10768 10368 9896 10178 10570 10223 10654 10448 10243 10867 10595 10340 10899 10358 10203 10523 9811 10174 10327 10315 10705 10270 9784 10569 10459 10065 11070 10257 10608 9845 10082 10447 10542 10164 10265 9777 10279 9476 10478 10960 10251 10295 10313 10188 10420 10569 11010 9982 10669 10261 10227 9939 10134 9975 9716 10483 10220 9840 10610 10287 10876 9742 10135 10334 10602 9928 10423 9591 10128 9816 10617 9980 10935 10079 9924 10172 9983 10093 10019 10655 10333 10023 11044 10453 9901 10790 9917 10536 10871 10677 10116 9913 10176 9506 10189 10437 10063 10495 9791 10520 9639 10157 9652 10671 10321 10762 9986 9952 10128 10274 11248 10173 10494 10432 9963 10038 10378 9885 11388 9616 10237 10253 10109 10977 10624 9698 10184 11182 9637 10354 10616 11131 10317 10077 10300 11034 10771 10485 9557 10713 9925 9949 10157 10492 10648 9978 9786 10613 10227 10129 11053 9397 10429 10930 10452 9914 10998 10193 10284 11265 10062 9976 10798 10716 10891 10266 10145 10462 10235 10794 9808 9955 10223 10030 10134 9639 10441 10138 9930 10021 10777 10778 10354 10170 10420 10096 10882 10473 9915 10178 10322 10243 9890 10566 9852 10227 10501 10400 10566 10147 10299 9940 10266 9922 10305 10175 10113 10236 10464 10774 10631 10457 10472 10377 10960 10012 10500 10194 10379 11088 9786 10392 10578 10271 10207 10636 10227 9809 10475 10378 10636 9847 10120 10231 9929 10963 9932 10256 10548 9483 10153 10350 9551 10185 10215 10035 9804 10455 10522 10805 10941 10503 10535 9766 10012 10827 9510 10582 10084 10430 10886 9510 10333 10047 10093 10445 10418 10113 9570 10893 10248 10169 9990 10353 10726 10904 10157 10338 10533 10755 10294 10309 10036 10100 10163 10494 9796 10477 10527 10240 10804 10347 10771 10569 10122 9804 10678 10142 10493 10656 10019 10784 9988 10646 10310 10046 10462 9817 10795 10376 10287 10011 10866 10155 10310 10256 10020 10347 10726 10052 10493 10821 9480 10859 10573 10020 9774 10199 9532 10869 10546 10489 9737 10523 10005 10388 10486 10342 10350 10196 10357 10297 10613 9810 9769 10126 10385 10607 10781 10164 10506 10600 10301 10419 10086 11063 10519 10051 10911 9933 10872 10254 10432 10283 10309 11099 10023 10293 9865 9884 10382 10862 10097 10073 10326 10698
9486 9664 9557 9806 10089 9720 9838 9300 9940 9626 9477 10811 10351 9394 9671 9001 10007 8931 9922 10166 9654 9238 9951 9650 10532 9679 9823 9965 9854 9748 10362 10396 9909 9991 10004 9906 10192 9766 9835 10038 9590 9795 9819 9582 10340 9511 9159 9558 9754 9492 10263 9681 10012 9342 10013 10100 9923 9416 9712 9366 10006 9361 9937 10685 9733 9776 9582 9574 10004 10172 10550 9646 9965 9823 9870 9109 9764 9668 9363 10055 9538 9785 10196 9874 10007 9483 9439 10065 9898 9936 9774 9489 9504 9355 10067 9510 9950 9740 9324 9925 9806 10042 9560 9773 9942 9657 10122 9841 10027 9828 9655 10246 10246 10670 9740 9660 9852 9876 10270 9929 9609 9772 10200 10210 9701 9266 9382 10188 9150 9833 9498 9304 9395 10051 10860 9871 9909 9817 9885 9951 9863 9563 10225 9705 9917 9720 10177 10443 10240 9249 9425 10766 9388 9549 9663 10490 9657 9584 10235 10312 9960 10060 9457 10013 9790 9590 9997 10030 10355 9401 10047 10342 9645 9060 10827 9282 9780 10327 10399 10022 10540 9810 9671 10629 9722 9708 10031 10133 10380 9616 9788 9816 9891 10384 9560 9806 9886 9311 9759 9148 10012 9492 9757 9273 9973 10239 9979 9509 9641 9888 10317 10040 9174 9876 9937 9680 9558 9960 9469 9756 9717 9894 9845 9499 9937 9352 9313 9724 10037 10206 9371 9514 9646 10012 10250 9728 10039 10106 10522 9435 10230 9422 10025 10144 9439 9795 10086 9527 9896 9378 9817 9833 9359 9647 10267 9567 9515 9204 9734 10438 9626 9414 9408 9219 9381 9711 9159 9512 9909 9784 9311 10010 10346 9876 10048 10014 9499 9823 9715 9798 9261 9566 10184 10190 10078 9349 10019 9629 9801 9959 9745 9771 9175 10063 10061 9972 9598 9722 10182 10427 9923 9733 10149 10632 9689 9751 9364 9683 9682 10115 9188 9790 9573 9559 10150 9802 10457 10030 9948 9698 10001 9462 10189 9680 9381 10267 9576 10328 9924 9687 10112 9447 10097 9921 9720 9531 10125 9509 9197 9548 9672 9532 10150 9974 10022 10142 9349 10103 10462 9734 9562 9782 9059 10478 9696 9956 9238 9718 9205 9857 9870 9719 9936 9989 9871 10203 9825 9426 9428 10158 10031 10157 10062 9851 9813 9887 9654 10224 9294 10297 10027 9667 10703 9322 9962 9996 9856 9870 9579 10405 9523 9952 9086 9412 9402 10274 9442 9544 9694 10330
9452 9281 9476 9589 9715 9626 9651 9244 9913 9238 9138 10422 9834 8955 9573 9094 9950 8841 9776 10470 9829 9112 9754 9439 10004 9679 9566 9561 9200 9598 9935 9782 9710 10179 9550 9608 10021 9685 9498 9775 9139 9476 10202 9535 9781 8931 9124 9269 9514 8992 10056 9245 9581 8832 9596 9393 9991 9277 9158 9175 9475 9001 9795 10208 9890 8965 9476 9363 9128 9877 9913 9271 9220 9189 9699 9254 9934 9131 9246 9604 9254 9828 9668 9663 9921 9367 9314 9830 9532 9571 9315 9020 9321 9140 9912 9227 10108 9831 9079 9600 9498 9224 9276 9568 9157 9320 10001 9863 9654 10131 9312 9724 10189 9791 9656 9503 9810 9636 9444 9666 9093 9478 9759 10206 9660 9369 9157 10298 9368 9465 9632 9283 9426 9525 10298 9581 9786 9822 9536 9581 9745 9204 10170 9189 9559 9238 10075 10060 9315 9324 9084 10432 8973 9349 9418 10526 10068 9208 9626 10191 9661 9686 9516 10140 9274 9011 9825 9814 9768 9228 9723 10156 9486 9397 10208 9010 9991 9827 9829 9671 10120 9510 9779 10422 9230 9243 9616 10382 10195 9256 9432 9891 9723 10347 9306 8848 9688 9083 9574 8480 10060 8741 9386 9605 9928 9865 10010 9496 9264 9616 10263 9842 8628 9405 8961 9107 9385 9793 9520 9322 9120 9660 9576 8719 10133 9150 9319 9161 9891 9530 9470 9472 9538 10071 10117 9584 9759 9862 9559 9043 9516 9358 9787 10135 9358 9343 9681 9403 9321 9497 9473 8994 9105 9615 9799 9445 9315 9304 9781 10292 9023 9102 9211 9057 9330 9582 9168 9924 9539 9210 8822 10086 9380 9672 10112 10329 9609 9543 9407 9724 9247 9484 9351 9674 9854 9052 9674 9620 9342 9707 9567 9959 8876 10025 9772 9854 9065 9176 9526 10167 9545 9461 10026 10265 9881 9225 8974 9982 9155 9621 8979 9478 9318 9418 9845 9778 10239 9504 9435 9455 9682 9039 9610 9664 9648 9573 9624 9733 9755 9483 9991 9177 9407 10003 9426 9166 10017 9630 9644 9516 9636 9727 10036 9494 9680 10239 9125 10075 9787 9191 9566 9983 8961 9895 10003 9547 9465 9388 9215 9878 9845 9835 9385 9728 9237 9488 9620 9460 9271 9292 9598 9959 10289 9344 9943 9466 9458 9853 9233 9975 9337 9359 10191 9384 9698 9361 9560 9777 9219 9974 9119 9749 9318 9435 9379 9820 9422 9292 9975 9958
9283 9758 9508 9701 9525 9694 9914 9081 9980 9467 9176 10410 9735 9187 9692 9208 10062 8754 9854 10306 9303 8721 9668 9567 10240 9845 9383 9745 9412 9903 9661 10687 9309 10162 9226 9892 10105 9334 9708 9640 9347 9776 9734 9153 9757 9170 9125 9412 9515 8719 9667 9380 9712 9041 9494 10158 9953 9449 9493 9289 9362 9291 9535 10513 9727 9213 9854 9281 9811 9848 9977 9516 9629 9130 9695 9406 9811 9525 9289 9892 9698 9357 10037 9470 9749 9426 9184 9900 9876 9417 9369 8818 9763 9436 9825 8911 9729 9981 9087 9667 9553 9791 9467 9832 9751 9305 10072 9773 9785 9781 9165 10273 10096 10164 9612 9358 9619 9593 9480 9780 9140 9750 10036 9864 9133 9047 8956 9917 9019 9206 9282 9242 9141 9665 10184 9623 9531 9806 9576 9876 9444 9023 10248 9354 10029 9260 9934 10287 9507 9464 9344 10460 8899 9378 9788 10622 10091 9241 9753 10064 9873 9625 9190 9642 9510 9657 9709 9897 9890 9470 9788 10030 9510 9334 9920 9295 9643 10092 9676 9833 10251 9583 9566 10469 9106 9322 10235 10253 10046 9316 9338 9786 9656 9874 8891 9488 9524 9686 9552 9003 9903 8889 9928 9955 9670 10159 9849 9190 9266 9697 9734 9907 9187 9367 9145 9278 9228 9847 9480 9550 9646 9927 9778 9052 10028 9461 9233 9156 9475 9609 9398 9111 9829 9747 9791 9672 9991 10321 10167 9713 10013 9778 9870 10179 9005 9724 9862 9421 9557 9625 9389 9703 9420 9496 9655 9538 9129 9418 9604 10332 9203 9295 9541 9141 9814 9776 9023 9681 9843 9312 8891 10247 9931 9742 9844 9967 9306 9905 9216 9846 9245 9519 9492 9814 10140 9013 10081 9043 9486 9456 9464 9837 8913 10320 9785 9920 9434 9440 9512 10383 9577 9383 9935 10039 9615 9480 9384 9722 9555 10342 8965 9742 9870 9488 9518 9797 10141 9745 9747 9392 9834 9241 9894 9584 9761 9781 9440 10168 9619 9701 9984 9123 9986 9813 9667 9263 10234 9460 9192 9692 9519 9776 9594 9635 9254 10143 9001 10080 10221 9408 9394 10052 9080 10313 9432 9738 9311 9626 9388 9290 10133 9744 9445 10153 9893 9306 9631 9874 9355 9411 9295 9728 9707 9546 10068 9847 9745 9923 9511 9921 9964 9063 9920 9058 10079 10106 9693 9523 9219 9928 9472 9815 9421 9136 9264 10321 9282 9518 9996 9807
9264 9801 9744 9670 9576 9006 9812 9117 9693 9639 9081 10931 9609 9276 10190 8810 10160 9022 9826 10307 9808 9054 9581 9388 10141 9503 9430 9742 9643 9693 10271 10246 9539 10306 9578 10005 10011 9625 9897 10077 9363 9877 9691 10009 10141 9388 8918 9732 9605 9190 10138 9851 9816 9280 9616 9332 10124 9488 9692 9319 9680 9037 9694 10520 9756 9130 9678 9329 10024 10011 10226 9108 10092 9883 9912 9278 9685 9428 9363 10041 9685 9490 9781 9890 9920 9782 9528 10105 9567 9554 9461 9060 9564 9644 9933 9498 10131 9894 8883 9940 9406 9769 9327 10026 9897 9759 9906 10351 9584 9686 9206 9944 10220 9891 9619 9601 9857 9456 9476 9529 9324 9769 9942 10084 9395 9219 9134 9900 9750 9564 9385 9518 9064 10041 10344 9725 9532 10131 9944 9637 9427 9515 10318 9495 10013 9813 10064 9906 9880 9414 9715 10685 8898 9834 9494 10552 9812 9337 9584 10282 9934 9500 9594 9761 9575 9747 9458 9700 9937 9252 9745 10139 9645 9672 10081 9057 9669 9727 9962 10065 10209 9599 9658 10643 9319 9680 10035 10028 10468 9862 9582 9995 9711 10213 9367 9585 9826 8726 9675 8934 10307 9748 9716 9560 10403 10361 9995 9884 9758 9819 10241 10057 9163 9874 9610 9122 9640 9958 9472 9303 9626 10078 9737 8893 10228 9279 9580 9507 9546 9989 9521 9236 9541 10141 10074 9598 9911 9949 10153 9123 9623 9522 9735 10368 9527 9936 9164 10018 9881 9649 9958 9736 9672 9473 9923 9402 9761 9336 9406 10632 9343 9513 9659 9152 9758 9758 9342 9971 9636 9495 8772 10358 10118 10021 9917 10274 9738 9516 9220 10072 9053 9601 9697 9827 9934 8680 10195 9613 9271 9375 9362 9706 9156 9897 9880 10168 9390 9456 9572 10331 9727 9397 10009 10339 9830 9276 9120 9971 9692 10019 8828 9561 10086 9738 9434 9580 10429 9717 9928 9461 9648 9203 9734 9711 9468 9738 9784 10074 10220 9773 10168 9558 9913 9890 9459 9506 10255 9769 9545 9783 9795 9381 9795 9601 9860 10350 9369 9930 10601 9542 9555 9931 9427 10057 9768 9825 9136 9813 9382 9404 9971 9666 9750 9686 9665 9983 9831 9579 9189 9653 9945 9997 10039 9887 9995 9903 9769 10343 9601 9870 10189 9541 10583 9689 9703 9567 9960 10108 9752 10195 9460 9777 9509 9462 9295 9868 9334 9337 9906 9824
10036 10396 10026 10331 10210 10425 11174 9722 10442 9993 10037 11602 10559 10306 10445 9687 10665 9534 10593 10774 10462 10193 9923 10487 10444 10368 10004 10285 10385 10192 10971 11141 10288 10944 10534 10391 11087 10247 10551 10842 10216 10450 10756 10665 10863 9783 9663 10256 10521 9614 10681 10606 11107 9488 10206 10566 10847 10255 9613 10220 10508 9823 10362 11132 10020 10238 10575 9861 10553 10659 11439 9847 10643 10153 10474 10067 10310 10146 9792 10651 10069 9909 10683 10330 10896 10154 10581 10869 10409 10375 10062 9631 10405 9639 10441 10140 10981 10591 9853 10222 10037 10806 10440 10876 10446 10157 11149 10623 9972 10667 10127 10743 10699 10701 10265 10283 10739 10107 10195 10159 9906 10738 10504 10566 10055 9699 9469 10933 10072 10237 10283 9830 10265 10472 11206 10467 10460 10995 10719 10754 10172 9954 11365 10106 11000 10499 10727 10783 10342 9881 9999 11133 10254 10489 10433 11281 10738 10342 10747 11108 10574 10153 9875 10875 9762 10330 10412 10942 10897 10031 10528 10865 10322 10196 10732 9810 10600 10366 10705 9839 11058 10364 10487 10955 9925 10119 10678 10971 11407 10329 10034 10417 10596 10993 10359 10224 10306 9783 10639 9785 10802 9817 10329 10552 10616 10769 9996 10646 10204 10813 11078 11150 9947 10691 10144 10020 10236 10570 10444 10550 10336 10342 10418 9716 10787 9976 10250 9923 10369 10323 10072 9730 10604 10501 10820 10220 10619 10917 10548 10100 10952 10141 10674 11060 9847 10535 10827 10630 10213 10609 10438 10489 10456 10464 10602 10359 10036 9708 10158 10954 10031 10017 10204 9246 10265 10458 9894 10661 10628 10228 9431 10961 10496 10450 10895 10593 10236 10179 9954 10700 9943 9766 10635 10428 10686 9543 10482 10204 10369 10138 10259 10597 9942 10814 10868 10361 10702 9952 10099 10840 10261 10409 10463 10990 10282 9782 10046 10222 10064 11141 9992 10514 10248 10546 10761 10136 10731 11065 10025 9659 10681 9975 10532 10650 10320 10868 10556 10473 10482 10579 10482 9966 10601 10556 10631 10144 11004 10480 10319 10211 10218 10757 10606 10458 10356 11112 9843 10661 11339 10012 9898 10790 10069 10662 10861 10483 10269 10436 9981 10414 10761 10876 10261 10584 10715 10652 10697 9711 9882 10599 10588 10628 10844 10541 10598 10386 10511 10410 9889 10785 10581 9929 10624 10205 10403 10653 10468 10581 9907 10619 10167 10890 10298 9677 10104 10814 10175 10547 10738 10907
9488 9712 9817 9568 9549 9605 9996 9044 9720 9593 9467 10803 9833 8801 10103 9442 9959 8684 10402 9744 9673 9153 9483 9579 9691 9579 9844 9728 9394 9660 9950 10314 9877 10525 9524 9546 10065 9951 9678 10289 9650 9654 9647 9943 10076 9091 8968 9525 9729 9054 10093 9565 9458 9074 9471 9440 9972 9645 9070 9061 9943 9111 9586 10270 9584 9886 9565 9134 9899 10032 10269 9236 9867 9636 9357 9721 9860 9338 9486 9521 9796 9096 9488 9872 10109 9583 9381 9986 9925 9936 9273 8819 9913 9602 9976 9477 10339 9512 9304 9909 8768 9754 9119 9960 9782 9443 10228 9691 9640 9811 9104 9524 10151 10285 9756 9840 9802 9069 9512 9710 9273 9755 9640 10096 9365 9749 9089 9946 9837 9531 9396 9363 9307 9843 10239 9563 9844 9941 9479 9540 9519 9176 10366 9108 9556 9709 9904 10101 9724 9732 9632 10606 9225 9516 9324 10409 9723 9487 9660 10290 9714 9901 9458 10015 9297 9591 9384 9828 10354 9013 9764 9905 9325 9658 10167 9222 9573 9842 9565 9540 10190 9537 9652 10133 9173 9309 9930 10153 10380 9441 9529 9540 9902 10599 9143 9660 9363 9380 9700 9015 10251 9249 9532 9384 10324 10482 9685 9726 9563 9673 10064 10507 8803 9331 9133 9422 9499 9543 9250 9396 9515 9791 9494 9219 10270 9253 9524 9248 9821 9749 9726 9466 9761 9769 10109 9590 9809 9744 10204 9117 9892 9636 10101 10635 9225 9786 10094 9764 9614 9699 9310 9338 9660 9597 9929 9735 9505 9039 9450 10401 9662 9341 9454 9226 9462 9649 9066 10101 9236 9470 9243 9949 9803 9661 10031 9846 9680 9568 9422 9950 9160 9544 9058 9913 9735 9119 9698 9659 9196 9552 9484 9825 9023 10132 10123 9510 9334 9314 9531 9829 9365 9429 9786 10220 9483 9499 9329 9576 9484 10352 9247 9480 9750 9092 10103 9438 10185 10085 9844 9219 9774 9772 9811 9951 9747 9825 9791 9862 9832 9727 9951 9311 9760 10125 9449 9010 10145 9701 9531 9686 9049 9637 9731 9861 9985 10452 9078 10039 10138 9219 9707 10338 8825 10310 9741 9217 9420 9877 9636 9648 9616 9807 9529 9923 9709 9613 9641 9588 9217 9508 9423 9984 9742 9813 9774 9304 9657 10222 9437 9962 10033 9197 10143 9563 9730 9511 9711 9942 9308 10006 9573 9919 9873 9308 9541 9890 9275 9580 9470 9607
9931 10049 9724 10334 9801 9896 9928 9129 9717 9842 9621 10881 10010 9402 10055 8968 10305 9249 10407 10319 9896 9225 9384 9776 10377 9642 9688 9816 9473 9879 10183 10573 9712 10418 9959 9668 9919 9203 9941 10287 9848 9660 9979 9549 10243 9183 9655 9727 9803 9665 10262 9767 9780 9286 9463 10197 10102 9505 9509 9777 9694 9689 10061 10597 9454 9855 10194 9661 9806 10075 10621 9513 9884 9766 9954 9488 9665 9956 9290 10502 9783 9900 9958 9857 9951 9714 9601 9901 9958 9643 9563 9203 9711 9506 10310 9639 9797 10200 9598 9660 9552 9849 9461 9854 9908 9530 10135 10203 9720 9994 9352 10047 10391 10089 9742 9856 9927 9421 9741 10228 9018 10196 10089 10445 9124 9589 9680 10229 9882 9677 9707 9662 9415 9849 10480 9861 9823 10008 9750 9889 9607 9613 10612 9386 9938 9346 10098 10404 10206 9509 9698 10428 9272 10066 9702 10496 9970 9462 10346 10417 10267 10180 9733 9859 9513 9754 10224 10347 10518 9230 9910 10333 9760 9351 10237 9460 10545 10381 10047 10164 10436 9859 9666 10519 9649 9493 10018 10472 10269 9785 9361 9697 9757 10318 9409 9921 9498 9459 9866 9050 10268 9081 9888 9783 9960 10518 9758 9725 9823 9922 10283 10191 9173 9905 9661 9306 9709 10033 9572 9750 9928 9926 10108 9344 10170 9660 9565 9682 9705 9760 9852 9524 10069 10289 10473 9899 9957 10291 10392 9542 10078 9933 10016 10488 9102 9799 10043 9508 9652 10142 9635 9313 9927 10081 9927 9661 9585 9528 9599 10559 9497 9716 9401 9336 10060 9593 9424 9857 9653 9686 9262 10383 9878 10005 10246 10422 9890 10029 9481 10192 9104 9879 10004 9977 10236 8989 10211 9433 9717 9675 9819 9778 9240 10712 10228 10117 10015 9978 10001 10081 9685 10046 10234 10648 9865 9461 9532 9792 9730 10228 9249 9929 9531 9955 10202 9629 10449 10351 10197 9573 10163 9566 9675 9842 9637 9899 9550 10382 9972 10129 10154 9928 10259 10229 9962 9501 10296 9836 9481 10321 9741 9964 10256 9884 10071 10118 9369 10219 10545 9661 9825 10086 9155 10076 10226 9777 9530 9856 9659 9960 9938 10003 9624 10050 9884 9457 9894 9884 9161 9626 9797 9905 10284 9951 10051 10090 9688 10031 9480 10304 10044 9382 10372 9615 9871 9822 10022 9868 9472 10091 9828 10060 9537 9259 9365 10162 9516 9601 10562 9934
9363 9847 9652 9544 9516 9683 10252 8934 9806 9361 9377 10515 9685 9413 9400 8979 9640 8715 9884 10257 9426 8966 9632 9929 10027 9651 9475 9626 9078 10132 10057 10002 9915 10314 9838 9795 9582 9632 9586 10217 9612 9291 9909 9840 10004 9257 9152 9666 9637 9373 10036 9142 9997 8875 9158 9778 10421 9183 8850 9513 9892 9089 9693 10146 9640 9121 9774 9928 9650 9927 10116 9250 9788 9440 9951 8970 9931 9638 9199 9678 9420 9020 9910 9722 9999 9093 9630 9668 10077 10012 9175 9046 9452 9506 9665 9520 9651 9757 8994 9692 9052 9531 9476 9735 9793 9399 10202 9717 9365 9895 9547 9954 9839 10191 9356 9401 9665 9437 9395 9695 9243 9585 9864 10259 9587 9147 9021 9813 9683 9654 9448 9526 9324 9290 10346 9617 9396 9939 9678 9710 9531 9301 10271 8997 10127 9344 9712 9991 9664 9070 9258 10516 9005 9619 9404 10632 9973 9695 9875 9936 9436 9589 9110 9866 9509 9699 10120 9466 10260 9314 9681 9842 9612 9718 10345 9578 9822 9727 9690 9614 10392 9762 9787 10409 9377 9592 10224 10135 10118 9655 9355 9639 9976 10050 9556 9771 9648 9178 9533 9059 9737 8952 9675 9657 9954 10402 9458 9366 9499 9619 10348 9991 9131 9287 9390 9284 9398 9923 9670 9582 9662 9750 9712 9076 10015 9127 9669 9134 9518 9192 9345 9113 9709 9388 10047 9630 9966 10185 10301 9337 9456 9876 9829 10222 9070 9311 9783 9832 9565 9875 9234 9775 9458 9455 9380 9334 9641 9422 9708 10627 9596 9602 9439 8987 9629 9884 9021 9928 9364 9568 9010 10142 10070 9752 10235 10235 9856 9536 9443 9492 9257 9734 9634 9674 9954 8994 9907 9486 9803 9521 9571 9361 9001 9861 10207 10041 9719 9253 9262 10069 9592 9524 9770 10295 9366 9618 9065 9662 9706 10266 9145 9629 9995 9645 10028 9644 10456 10041 9463 9113 10241 9496 9671 9563 10050 10109 9539 9472 9976 9316 10094 9604 9857 10041 9393 9135 10004 9535 9119 9148 9574 9568 9766 9367 10082 9935 9032 9982 10193 9015 9231 10129 9088 10304 9836 9395 9402 10050 9656 9479 10059 9976 9723 9611 9563 9246 9865 9196 9252 9608 9868 9804 10108 9587 9829 9761 9725 9812 9212 9846 9664 9262 10256 9431 9608 9647 9601 9420 9439 9912 9623 9757 9645 9518 9598 10014 9348 9728 10268 10113
10436 10050 9794 10109 10035 9582 10434 9575 10277 9499 9605 10913 10037 9580 10158 9487 10208 9057 10285 10733 10142 9278 9787 10202 10254 9369 10189 9865 9604 10169 10520 10738 10093 10808 10333 9742 10482 9822 9780 10472 9486 10233 10169 9708 10029 9380 9502 9893 10148 9830 10444 10044 10142 9503 9879 9967 10256 9588 9542 9671 10069 9638 10215 10732 9494 10047 9963 9643 10033 10475 10786 9639 10361 10144 10073 9822 10256 10094 9587 10365 9824 9868 10216 10344 10141 10122 9761 10239 9775 10139 9794 9049 10016 9585 10154 9676 10543 10244 9452 10164 9703 10159 9740 10262 10261 10030 10608 9979 10220 10326 9434 10545 10668 10775 10093 10057 10046 9605 9916 10464 9603 9769 10035 10745 9764 9442 9674 10593 9672 10173 10061 9723 9753 9958 10641 10034 10255 9862 10084 10093 9623 10143 10643 9693 10317 9968 10588 10339 10053 9121 9985 10846 9836 9933 9945 10631 10407 9725 10739 10486 10050 9996 9633 10188 9976 9737 10343 10836 10619 9833 9887 10719 9837 9909 10637 9620 10163 10062 10299 9992 10694 9952 9907 10820 9636 9985 10157 10727 10457 10075 9636 10048 9999 10401 9534 9540 9721 9419 10057 9398 10691 9391 9402 10030 10448 10372 9954 10086 10008 9852 10561 10764 9546 10391 9583 9497 10016 10295 9811 9842 10108 10097 10100 9051 10424 10174 9678 9886 10067 10163 10250 9811 10158 10349 10363 9967 10330 10494 10171 9799 10239 9902 10469 10621 9695 10081 10034 10057 9795 9772 9760 10201 9854 10017 10118 10038 9874 9412 10241 11208 9761 10155 10322 9194 9940 10562 9283 10235 10141 9742 9309 10122 10052 10117 10249 10911 10193 10068 9794 10379 9681 9913 9974 10487 10235 9480 10807 9625 10152 10099 9728 10117 9331 10634 10046 9823 10215 9647 10055 10618 10294 9815 10227 10899 9932 9589 9414 10289 10134 10243 9702 9742 9845 10063 10318 10069 10801 9974 9650 9376 10365 9631 9952 9982 10088 10449 10237 10714 10010 10046 10642 9557 10301 10299 10007 9588 10408 10237 9672 9946 9671 9665 10372 9985 10276 10355 9378 10363 10584 9704 9787 10736 9521 10615 9649 9939 9848 10318 9597 9572 10009 10352 9965 10041 10150 9858 10392 10099 9377 10264 10088 10218 10325 10060 10300 9858 10023 10100 9915 10331 10119 9760 10712 9650 9980 10010 9965 10070 9999 10169 10083 10351 9896 9782 9798 10141 9436 10239 10434 10108
10285 10407 10268 10086 10020 10373 10816 9800 10509 10164 9697 11686 10547 10173 10278 9503 10721 9786 10951 11023 10321 10123 10159 10554 10628 10314 10371 10501 10296 10617 10922 11051 10333 11062 10391 10224 10784 10149 9868 10791 10349 10548 9948 10460 10186 9978 10094 10276 10222 9655 10610 10096 10838 9839 9992 10492 10990 9853 10059 10003 10437 9604 10574 11196 10163 9949 10457 10250 10278 10364 10819 10123 10513 10309 10186 10317 10635 10077 9527 10456 9926 9913 10642 10544 10633 9903 10226 10946 10467 10563 9997 9601 10295 10145 10608 10047 10626 10497 9628 10352 10552 10310 9924 10564 10630 10140 10825 10460 10289 10686 10003 10695 10897 10410 10235 10042 10535 10022 10134 10416 9327 10308 10722 10704 9899 9921 9864 10705 9825 9929 10397 10026 10414 10074 11192 10469 10755 10610 10209 10405 10383 9875 10939 9831 10197 10257 11009 10986 10531 10185 10182 10982 10239 10583 9875 10918 10465 10241 10811 11383 10558 10451 9968 10533 9898 10074 10505 10491 11020 10099 9929 10761 10208 10088 10847 9894 10786 10720 10496 9810 11008 10433 10200 10757 9921 10171 10733 10829 10933 10163 9806 10417 10407 10450 9848 10249 10580 9795 10282 9436 10473 9398 10380 10124 10501 10550 10251 10301 9869 10463 10339 11034 9811 10290 9935 10038 10074 10637 10193 10374 10552 10521 10418 9628 10759 10060 9771 9990 10262 10153 10478 9596 10651 10642 10523 10412 10405 10864 10721 10097 10839 9759 10194 10926 9723 10146 10728 10150 10181 10391 9908 10459 10118 10648 10839 10088 9947 9555 10170 11103 10010 10109 10051 9445 9681 10450 9994 10255 10026 10653 9639 10704 10837 10572 11101 10986 10292 10253 10024 10475 9621 10563 10519 10458 10585 9553 10667 10104 10132 10086 10222 10169 10136 10622 10692 10040 10163 10289 10406 10690 10502 10515 10679 11163 10105 9798 9855 10366 10036 10908 9908 10356 10310 10573 10713 10295 10866 10334 10248 9778 10433 10134 10200 10297 10229 10862 10089 10575 10329 10379 10923 9554 10470 10456 10213 9980 11106 10285 10176 10399 10210 10177 10994 10409 10492 10675 9850 10724 10980 10188 9928 10610 9641 10464 10731 10019 10082 10447 10080 10140 10537 10591 9997 10510 10434 10297 10311 9846 9529 10409 10543 10842 10527 10282 10454 10533 10599 10716 10084 10387 10397 10080 11040 10034 10412 10058 10338 10503 10016 11120 10235 10521 10085 9915 10351 10344 9865 10274 10757 10801
9746 10367 10158 10038 10125 10261 10690 9784 10355 10044 9778 11015 10015 10012 10359 9426 10289 9225 10534 10476 10485 9410 10019 10227 10713 9953 10286 10003 9852 9983 10680 10873 10084 10751 10082 10342 10543 10189 10013 10537 9590 10293 10458 10222 10175 10032 9489 9571 10565 9715 10164 10339 10390 9791 10018 10416 10390 9996 9785 10008 9595 9854 9785 10768 9969 10271 10354 10038 10320 10271 10990 9935 10474 9751 10095 9697 10206 9669 9668 10403 10107 10263 10253 9926 10309 10024 10226 9940 10473 10191 10236 9602 10050 9629 10295 10089 10426 10319 9603 10354 9717 10391 9937 10332 10354 9826 10611 10133 10321 10818 9671 10391 10510 10517 9834 10169 10362 10061 9893 10125 9627 10152 9993 10673 9837 9625 9691 10731 9894 9815 9762 9741 9693 10162 11007 9863 10449 10047 9913 10054 9753 9882 10432 9800 9843 9820 10360 10416 10254 9622 9857 11006 9488 9675 10252 10788 10257 9880 10047 10654 10298 10281 9742 10517 10031 9839 10398 10555 10941 10060 9988 10350 10085 9548 10558 9820 9927 10378 10570 10139 11008 10267 10046 10946 9449 9976 10492 10206 10928 10275 10040 10040 10246 10665 9806 10260 10072 9538 10215 9536 10529 9467 9948 9918 10424 10717 10284 10223 9884 10232 10612 10569 9396 10155 9410 9663 10090 10149 9782 10575 10205 10030 10144 9865 10319 9772 9899 9568 9997 10014 10202 9565 10306 10393 10355 10151 10278 10584 10910 9800 10332 9923 10310 10785 9801 10456 10427 10070 9642 10449 10229 10035 9675 10243 10763 9800 10048 10022 10032 10986 10090 10075 9959 9521 9850 10168 9462 10300 10175 9501 9192 10628 10127 10315 10423 10743 10127 9907 9829 9946 9811 9801 10294 10112 10571 9566 10316 9634 10450 9919 9923 9905 9377 10777 10589 9987 10297 10197 10073 10424 10133 9739 10157 10352 10001 9880 9648 9951 10303 10575 9501 10117 10083 10117 10488 10029 10731 9993 10032 9602 10567 9603 9731 10503 10014 10484 10217 10342 10426 10307 10081 9966 10695 10192 10027 9678 10846 9593 9863 10067 9524 10555 10337 10208 10094 10663 9645 10449 10671 9821 10039 10633 9890 10909 10294 9709 10321 10148 9880 10179 10494 10119 9675 10263 10099 10177 10407 9808 9405 10129 10320 10133 10210 10136 9887 10437 9652 10639 10051 10776 10362 9852 10217 9831 10430 9907 10337 10328 9791 10735 9769 10137 9959 9713 10015 10373 9715 9892 10218 10522
9626 9746 9423 9594 9648 9409 9773 9038 9406 9451 9503 10234 9533 9437 9923 9010 9731 8818 9798 10102 9688 8626 9481 9441 9961 9141 9242 9329 9384 9410 10168 9780 9432 9934 9352 9590 9801 9478 9452 9961 9229 9245 9758 9617 9706 9350 9044 9304 9287 9136 9874 9054 9746 8962 9200 9987 9715 9145 8934 8992 9479 8944 9453 10300 9610 9218 9711 9294 9212 9875 10104 9269 9468 9184 9550 9381 9722 8733 8783 9636 9327 9513 9534 9534 9795 9277 9463 8975 9615 9535 9290 8901 9478 9087 9594 8961 9937 9383 9024 9405 9106 9841 9227 9859 9903 9403 10024 9683 9209 9702 9414 9824 10226 10058 9521 9411 9756 9154 9434 9614 9007 9788 9575 10037 9055 9169 8655 10008 9159 9155 9499 9105 9299 9499 10590 9687 9472 9804 9478 9964 9630 9233 10012 9344 9497 9219 9924 10036 9547 9140 9249 10072 8663 9458 9513 10258 9755 9276 9830 10183 9643 9396 9369 10104 9275 9111 9815 10104 9807 9184 9525 9628 9571 9746 9887 8897 9801 9837 9685 9505 10133 9554 9461 9975 9377 9149 9366 10201 9987 9466 9408 9580 9669 10312 9289 9233 9562 9326 9651 8297 9918 9039 9094 9417 9813 10159 9996 9217 9687 9209 9699 9874 9028 9174 9129 9117 9221 9259 8930 9113 9580 9503 9380 8959 9986 9186 9196 9453 9239 9433 9543 9376 9761 9542 9963 9657 9666 9999 9764 8806 9412 9531 9974 10086 8964 9558 9598 9468 9648 9759 9320 9371 9494 9353 9863 9222 9498 9326 9646 10437 9365 9386 9617 8938 9280 9601 8886 9862 9280 8964 8419 9868 9518 9441 10132 10225 9411 9474 9017 9902 9021 9732 9591 9679 10151 8808 9950 9511 9144 9496 9186 9338 9160 10235 9965 9504 9436 9393 10004 9789 9716 9470 9692 10070 9521 9279 9066 9571 9483 9690 8761 9481 9706 9712 9614 9749 10478 10125 9626 9179 9748 9447 9217 9740 9414 9623 9433 9671 9791 9882 9846 8970 9726 9575 9321 9159 9892 9402 9440 9469 9043 9495 9513 9386 9665 9715 8837 9961 9831 9144 9709 9985 9205 10215 10009 9712 8905 9574 9117 9167 9767 9877 9675 9826 9498 9772 9310 9630 8967 9490 9842 9547 9824 9240 9384 9400 9430 9476 9289 10034 9772 9254 10078 9207 9475 9495 9116 9743 9185 9860 9331 9407 9438 8758 9141 9608 9457 9438 9839 9380
9988 9945 9587 9987 9598 9717 10214 9307 9955 9574 9710 10810 9560 9549 9814 9335 10512 8871 10294 10823 10257 9244 9522 9749 10150 9356 9245 9849 10247 9822 10183 10024 9822 10379 9929 9626 10438 9662 9941 10405 9610 10047 10018 9823 10070 9352 9219 10064 9773 9288 9958 9693 9814 9281 9906 10037 9846 9355 9444 9325 10200 9634 9772 10486 9662 9751 9508 9367 10092 9789 10331 9452 9658 9605 10059 9759 9981 9435 9493 10017 9578 9669 10085 9986 9958 10031 9412 10375 9942 10021 9654 9508 10136 9822 9917 9692 10052 10421 9466 9808 9572 9974 9689 10227 9731 9779 10298 9936 9932 10190 9572 9877 10285 10001 9758 9852 9714 9748 9864 9897 9502 10204 10000 10456 9396 9103 9559 10173 9626 10069 9562 9602 9503 10019 10369 9448 9980 9763 9927 9994 9814 9355 10330 9457 10212 9665 10294 10499 9976 9799 9661 10565 9610 9754 9797 10081 9853 9351 9954 10352 9856 9949 9721 10245 9393 9739 9889 10108 10206 9524 9690 10091 9647 9697 10397 9453 9840 10327 10198 9484 10374 9929 9719 10432 9028 9833 10431 10469 10261 10050 9803 10273 9921 10226 9586 9530 9715 9468 9934 9160 10300 9355 9801 9741 10016 10403 9868 9860 9305 10019 9946 10056 9533 9827 9462 9460 9921 9813 9527 9808 9790 10222 10053 9081 10385 9714 9373 9607 9661 9722 9941 9634 9569 9479 10635 9927 9834 9860 10234 9405 10217 9966 10289 10396 9596 9974 10103 9724 10019 10020 9380 9624 9557 9979 10233 10032 9230 9446 9762 10488 9380 9395 10083 9296 9794 9889 9173 9811 10140 9306 8901 9701 10203 9832 9889 10321 9963 9713 9777 10066 9523 9797 9983 9844 10074 9406 10332 9491 9624 9828 9276 9944 9598 10251 10491 10031 10094 9603 10136 10129 10095 9634 10047 10326 9611 9606 9557 9682 9789 10236 9356 9381 9682 9690 9820 9480 10490 10406 9821 9636 9897 9805 9650 10161 9397 10257 9882 10436 9827 10162 9931 9645 10378 9872 9974 9778 10416 9949 9745 9827 10001 9949 10152 9952 9934 10443 9537 10007 10806 9527 10042 9801 9448 10226 9623 9582 9388 9692 9363 9440 10046 9741 9688 10210 10091 10007 9892 9932 9490 9635 9859 10361 10416 9876 9864 10055 9627 10632 9540 10140 9823 9416 10248 9408 9655 9838 9505 9880 9551 9956 9655 10196 9682 9425 9734 9981 9354 9830 9911 9949
9550 10186 9619 9633 9457 10026 9929 9588 9985 9678 9113 10820 9973 9168 9835 8886 9723 9094 10366 10287 9661 9079 9601 9810 10275 9639 10170 9788 9456 10208 10450 10352 9632 10293 10036 9902 10288 9673 9494 10258 9534 10030 9867 9762 10011 9430 9245 9524 9893 9338 10097 9597 9874 9216 9880 10283 10129 9343 9606 9741 9531 9095 9862 10704 9929 9653 10185 9646 9919 9979 10487 9299 9830 9595 9852 9672 10012 9784 9409 9862 9599 9510 10200 10160 10458 9468 9381 10200 10039 9591 9673 9206 9605 9203 10052 9519 9925 10029 9084 10112 9574 9659 9589 9992 9668 9414 10306 10024 9748 10594 8941 10033 10106 10157 9733 9851 9905 9559 9489 9608 9654 9664 10105 10444 9480 9380 9429 10399 9425 10244 9490 9509 9773 9623 10494 10128 9829 9768 9644 10132 9352 9958 10219 9313 10159 9263 10229 10414 9827 9711 9395 10650 9238 9751 9947 10629 9973 9603 10026 10433 10166 9893 9444 9911 9430 9573 9551 10186 9965 9854 9599 10019 9792 9670 10618 9490 9586 10280 10221 9695 10360 9997 9633 10965 9213 9559 10684 9992 10369 9734 9686 10420 10069 10118 9259 9958 9420 9291 9752 9047 10199 9293 9961 9831 9925 10119 9935 9987 9659 10049 9938 9986 9035 9515 9381 9408 9591 9638 9598 10061 9940 10496 9418 9355 10026 9770 9694 9518 9727 9636 9635 9470 9794 10165 10588 9547 9793 10318 10462 9552 10199 9423 10077 10728 9590 9963 10203 9487 9805 9880 9958 9838 9796 9440 9860 9788 9602 9743 9353 10339 9648 9426 8924 9185 9733 9878 9126 9957 9903 9753 9225 10068 10030 9881 10114 10457 9545 9804 9373 9681 9401 9420 9625 10098 10559 8848 9967 9448 9616 9956 9873 9741 9385 10557 10004 10072 9824 9459 10090 10236 9973 9404 10283 10544 9839 9815 9276 9902 9671 10003 9245 9911 9991 9933 10032 9321 10443 10228 9507 9359 10244 9487 9880 9712 9975 9957 9699 10036 9440 9808 10135 9196 10157 9856 10037 9612 10138 9537 9842 9734 9354 10220 10011 9832 10150 10368 9289 9991 10329 9778 9728 10083 9082 10594 10184 9840 9687 9469 9404 9953 10467 9742 9804 10254 9985 9500 9844 9742 9319 9426 9842 10466 9930 10166 9909 9943 9946 9969 9578 10274 10201 9489 10592 9780 10048 10083 9915 9773 9506 10025 9411 9875 9878 9523 9432 10131 9672 9619 10128 10301
9845 10179 9735 10088 10082 10249 10531 9532 10147 10093 9765 10848 10265 9833 10340 8971 10484 9068 9984 10484 9983 9253 10035 9969 10623 10047 9902 9837 10027 10219 10390 11199 9691 10936 9753 10037 10798 10190 10137 10301 9948 10105 10059 10157 10442 9955 9858 9933 9960 9184 10301 10149 9862 9074 10040 10698 10317 10159 9751 9469 10015 9526 9965 10925 9838 9805 10088 10210 10017 10372 10799 9943 10523 9878 9851 9776 10118 9749 9899 10431 9792 9620 10217 10038 10212 9993 9858 10186 10382 9749 9832 9485 10125 9757 10296 9692 10412 10273 9675 9432 10042 10251 10384 10101 10359 9979 10800 10056 9733 10367 9989 10511 10303 10419 10105 9989 10032 9995 10009 10131 9696 10392 10330 10158 9876 9564 9422 10482 9657 10266 9790 9724 9483 10137 10832 10204 10038 10156 10179 10378 10446 10117 11143 10156 10172 10353 10464 10262 9882 9706 9998 10828 9687 10457 10284 10790 10234 9998 10186 10971 10245 10367 9718 10660 9796 10089 10350 10522 10877 9895 10057 10458 9851 10031 10695 9372 10239 10692 10469 10097 10892 10214 10364 10993 9963 9861 10142 10498 10751 10226 9927 10309 10598 10910 9524 10351 9989 9675 10160 9307 10697 9649 10228 9783 10077 10982 10504 9990 9743 9939 10537 10577 9859 10185 9712 9701 9875 10166 9681 9982 10124 10175 10287 9584 10692 10078 9618 10127 9738 9736 9870 9565 9911 10357 10715 10355 10538 10405 10277 9599 10315 10045 9998 11063 9364 10406 10045 10437 10047 9806 10283 10275 10272 10332 10093 9792 10023 9997 10110 10924 9646 9905 10063 9407 10467 10789 9560 10331 9863 9786 9160 10702 10289 10291 10776 10420 10362 10154 9915 10503 9588 9946 10399 10360 10284 9379 10381 10023 9928 9778 9960 10321 9704 10708 10134 10255 10163 10058 10389 10513 10338 9950 10659 10665 10063 9636 9528 9900 10193 10658 9331 9944 10353 10052 10693 9728 10591 10661 9993 9924 10543 9938 9938 10476 9814 10468 9893 10119 10379 10301 10119 9660 10306 10532 10025 10216 10790 10026 9503 9925 9347 9785 10622 10290 10601 10844 9913 10710 10821 10007 10099 10331 9230 10317 9906 10194 9685 9959 9515 9704 10243 10286 10067 10325 10070 9891 10513 10069 9366 9931 10596 10612 10148 9903 10171 10261 10368 10185 9808 10581 10756 9649 10699 9808 10451 10381 10049 10183 9726 10209 10203 10720 10072 9583 9777 10441 9834 10185 10498 10346
9855 10017 9971 10152 10344 10065 10539 9571 10232 9574 9850 11291 10088 9821 10290 9479 10295 9225 10509 10223 10087 9971 10059 10308 10702 10324 10044 10252 9816 10061 10449 10937 10074 10701 10329 10409 10363 10165 10525 10702 9976 10235 10379 10254 10426 9505 9689 10013 10150 9774 10338 9918 10250 9513 9931 10086 10224 9814 9595 9904 10206 9843 10194 11243 9830 10185 10065 9974 9806 10151 10902 9692 10170 10376 10105 9991 9870 9766 9289 10385 10317 10270 10458 10298 10468 9903 9745 10643 10408 9766 10219 9136 10425 10198 10280 9727 10634 10496 9852 10039 10051 10442 9661 10768 10081 10280 10721 10726 10319 10754 9825 10527 10781 10572 10001 10030 10277 9839 10178 10226 9496 10302 10161 10429 9519 9756 9961 10641 9986 10120 10113 9920 10254 9921 10947 10408 10283 10371 10232 10250 9724 9501 10924 9692 10275 9847 10561 10669 10760 9981 9626 10921 9626 10378 10111 11023 10091 9989 10265 10727 10380 9914 9921 10458 9975 9971 10131 10011 10810 9921 10240 10607 10013 10099 10645 9952 10468 10872 10194 9944 10821 10359 9979 10970 9488 10146 10632 10879 10505 10346 9906 10006 10223 10811 9811 10060 10037 9544 10239 9476 10318 9939 9970 10259 10417 10842 10276 10250 9935 10407 10509 10677 9825 10251 9952 9696 9685 10603 9758 9968 10080 10329 10288 9727 10671 9779 9908 9831 10230 10072 10170 10007 10376 10459 10787 9852 10561 10961 10834 10089 10571 10591 10139 10827 9602 10140 10586 10411 10042 10235 10326 10190 10399 10624 10478 10221 10198 9768 10143 10967 10081 9852 9949 9874 10052 10480 9587 10420 9989 10289 9319 10792 10645 10449 10830 10634 10249 10470 9856 10616 9636 10214 10399 10298 10591 9479 10683 10024 10204 10345 10282 10420 9416 10679 10519 10267 10301 10105 10425 10920 10292 10197 10391 10810 10192 10080 9695 10568 9661 10647 9541 10103 10378 10068 10428 10376 10789 10489 10438 9654 10545 9758 10301 10505 10119 10526 10020 10416 10084 10154 10500 9766 10612 10311 10486 9850 10841 10067 9973 10156 9908 10332 10685 10448 10184 10910 9415 10305 10992 10058 9837 10144 9664 10675 10212 10126 9972 10368 10121 10224 10483 10475 9896 10560 10785 10187 10221 9960 9434 10237 10137 10330 10472 10241 10415 10244 10384 10572 9782 10255 10043 9587 10633 10163 10142 10400 9951 10042 9795 10762 10033 10479 9734 10167 9736 10763 9885 10257 10610 10484
9712 10162 9798 9809 9639 9859 10715 9694 10093 9753 9466 11260 9939 9959 10152 9174 10179 8954 10283 10234 10261 9775 9530 9977 10518 9587 9906 10142 9959 10047 10272 10754 10209 10477 9721 9691 10762 9982 10093 10190 9697 9937 10236 9835 10305 9808 9691 9787 10396 9727 10256 10195 9831 9106 10087 9811 10295 10133 9794 10022 10140 9590 10116 10413 10009 9613 10009 9719 9584 10213 10575 10048 10165 9580 10087 9422 9998 9866 9425 10177 10064 9506 9944 9982 9926 9985 9791 10084 10348 9935 9829 9329 10093 9959 9714 9699 10790 10263 9635 9842 9726 10437 10133 10099 9817 9700 10750 9827 10179 10241 10171 10133 10588 9993 9935 9724 10066 9808 9898 9978 9106 9825 10164 10382 9543 9825 9723 10802 10016 9809 9240 9567 9762 10310 10580 9993 10044 9895 9842 9985 9538 9763 10704 9626 10267 10148 10099 10616 9959 9867 10108 10830 9456 9897 9744 10872 9960 9880 10509 10366 10395 10453 9639 10523 9621 9836 10042 10567 10592 9941 9837 10248 9791 9904 10925 9276 9805 10440 10483 9830 10582 9678 10136 10860 9386 9420 10635 10824 10293 9997 10016 10147 9844 10938 9883 9919 9871 9117 9832 9437 10351 9411 9719 9724 10495 10380 9993 9843 9869 10308 10372 10411 9706 9715 9266 9566 9732 10240 10075 9892 9913 9649 10193 9240 10350 9945 9490 9549 9930 10141 9845 9948 9945 10383 10500 10129 10193 10282 10451 9996 9904 9421 9895 10734 9602 10362 9582 10220 9703 10135 9855 9727 9908 10167 10153 10068 9761 10233 9808 10574 9590 9639 9877 9632 9944 10309 9311 10344 9595 9853 8963 10126 9801 10114 10521 10318 9906 10225 9582 10228 9059 9721 10009 10286 10780 9476 10225 9586 10147 9786 10039 10146 9159 10658 10058 9984 9689 10252 9658 10726 9738 10056 10012 10302 10078 10347 9474 10153 9757 10418 9268 10303 10109 9540 10710 10142 10596 10163 9983 9376 10361 9792 10158 10117 9594 10200 9930 10137 9794 9585 10517 10176 9975 10537 10183 10054 10098 9674 9612 9842 9614 9808 10524 10249 10297 10596 9053 10685 10622 9864 9776 10021 9320 10800 10115 9958 9866 10076 9590 9883 10273 9886 9862 10263 10080 9800 10306 9876 9677 9606 10446 10340 10350 10247 9858 10202 9904 10078 9742 10592 10231 9683 10342 9593 10356 9831 9926 10153 9813 10520 9764 10206 9543 9939 9959 10505 9542 10041 10404 10145
9823 10304 10016 10622 9832 9816 10362 9278 10221 9606 9399 10588 9939 9990 10089 9389 10590 9090 10325 10476 10230 9517 9779 9951 10516 9988 10097 9661 10003 10012 10616 10708 9765 10417 10093 9778 10041 9915 10387 10717 9319 10021 9859 9643 9952 9515 9421 9694 9552 9192 10339 9979 10418 9474 9906 9817 10479 9745 9632 9851 9857 9349 9998 10377 10036 9793 9763 10163 10089 9792 10494 9613 10163 9890 10491 10046 9724 9517 9545 10316 9989 9523 10005 9585 10415 9632 10016 10320 10218 9738 9586 9163 10037 9791 10120 9846 9900 9895 9333 9817 9419 10043 9660 9816 10100 9531 10668 10295 9671 10093 9910 10545 10537 10515 9262 9572 10379 9263 9965 10384 9353 10286 10147 10743 9623 9525 9699 10265 10187 9836 9869 9740 9765 9758 10706 9876 10017 10516 10188 10163 10073 9600 10294 9762 9691 10012 10659 10495 9889 9722 10023 10696 9511 10164 9588 10737 10158 9820 10674 10877 10031 10032 9438 10413 9830 9722 10362 10468 10545 9418 9752 10316 10001 9545 10230 9600 9747 10188 10298 10132 10459 10394 9768 10576 9534 9843 10179 10499 10486 9905 9398 9906 9892 10614 9368 9893 9692 9487 9876 9186 10367 9528 9998 10035 10191 10530 10125 10210 9632 9869 10202 10703 9693 9994 9890 9612 9762 9830 9634 9879 9965 10188 10204 9329 10687 9572 9652 9683 9702 9325 10183 9387 10266 9973 10495 9798 10140 10383 10377 9683 10230 10031 10107 10456 9300 10138 10143 10014 10081 10439 9603 9952 9755 10260 10142 10168 9694 9567 10115 10615 9524 9979 9612 9168 10017 9898 9471 10072 10165 9810 9475 10325 10392 9862 10705 10486 10044 10123 9501 10352 9697 10159 10241 10557 10301 9336 10449 9952 9870 9904 9808 9930 9493 10311 10392 10256 9777 9818 10087 10305 10094 9774 10380 10808 9949 9445 9874 10048 10031 10400 9650 10345 9991 9802 9970 10096 10784 10564 9951 9528 10103 9780 9299 9690 9866 10175 9992 10414 10039 10207 10382 9447 9944 9989 10198 9505 10387 10028 10002 10094 10087 9919 9943 10037 10473 10424 9211 10180 10292 10066 9639 10470 9334 10428 10216 9576 9813 10064 9610 9550 10155 9857 9915 9990 9834 10260 9970 9748 9097 9975 10373 10349 10638 9979 9960 10041 10163 10115 9394 10432 10548 9643 10701 9946 9988 10065 9861 10006 9606 10244 10042 10439 10197 9308 9701 10231 9844 9987 10229 10257
9824 10086 9676 9939 9946 9830 10384 9138 9528 9749 9646 10859 9821 9478 9939 9344 9924 8848 10003 10817 10251 9636 9697 9464 10142 9871 9847 9680 10197 9749 10335 10354 9952 10236 9857 9926 10256 9978 9930 9980 9802 10059 10039 9696 10262 9395 9329 9923 9800 9067 10233 9765 10024 9251 9704 10116 10337 9314 9258 9535 10302 9038 9859 10529 9981 9150 10056 9787 9938 10583 10512 9660 10118 9396 9968 9776 10039 9598 9523 10179 9555 9179 10123 9789 10437 9998 9572 10133 9829 9800 9751 9077 9660 9333 9785 9370 10070 9607 9234 9923 9223 10014 9633 10082 10027 9190 10128 10209 9997 10048 9592 10054 10153 10249 9727 9600 10025 9373 9951 9817 9286 10195 9568 10626 9752 9403 9147 10577 10013 10016 9911 9594 9613 9821 10830 10066 9759 9983 9987 10102 9890 9110 10420 9431 9953 9667 10114 10344 9958 9352 9588 10870 9709 9703 9583 10751 10000 9526 10004 10606 9565 9934 9319 10413 9392 9747 9856 10558 10193 9554 9813 9616 9734 9584 10459 9422 9775 10093 10162 9920 10868 9809 9722 10026 9560 9343 10281 10589 10789 9751 9578 10285 9865 10314 9020 9662 10165 9361 10146 9437 10294 9440 9839 9852 10311 10107 9943 9800 10101 9513 10275 10359 9224 9767 9616 9498 9859 9882 9468 9638 10050 10261 10060 9587 10610 9762 9749 10091 9511 9913 9509 9322 10116 9867 10355 9746 10185 10121 10103 9842 10291 9498 10239 10164 9674 9756 10321 10481 9791 9987 9775 9711 9593 9941 10349 9691 9263 9492 9504 10229 9641 9592 9562 9069 9826 9811 9150 9814 9429 9823 9645 10048 9742 9728 10371 10078 9653 10181 9742 10017 9265 10176 10130 9999 10252 9077 9806 9732 9763 9949 9686 9862 9420 10447 9999 10287 10055 9689 10142 10571 9810 10043 10328 10321 9718 9867 9799 10060 9435 10325 9894 10069 10087 9640 9975 9652 10736 10313 9784 9816 10127 9912 10046 9772 9932 10383 9409 10045 10295 9725 10022 9710 9910 9666 9771 9795 10222 10006 9604 9583 9624 10449 9876 9842 10218 10247 9454 10350 10415 9604 9530 10221 9232 9814 9909 10229 9543 10133 9662 9636 9565 9582 9881 10037 10107 10089 10070 9692 9473 9679 9690 10383 10177 10166 10060 9901 9898 9910 9562 10233 10310 9780 10526 9307 9890 9651 9802 10017 9248 10534 9854 9770 9831 9419 9605 10456 9425 9630 10066 10419
10287 10695 10450 10580 10476 10603 10646 9580 10387 10234 10327 11334 10570 9900 10708 9898 10937 9307 10414 10961 10861 9794 10118 10421 10735 10504 10499 10305 10420 10298 10988 11070 10507 11012 10440 10563 10721 10275 10274 10518 10260 10341 10638 10560 10542 10073 9910 10013 10636 10082 10695 10448 10454 10193 10705 10711 10786 10008 10207 10162 10462 9691 10537 11312 10557 10461 10428 10142 10275 10749 10892 10002 10699 10381 10504 10413 10397 10253 9952 11180 10565 10072 10875 10695 10519 10435 10253 10511 10790 10706 10298 9945 10819 10143 10790 10195 10938 10419 10152 10622 10225 10566 10087 10596 10635 10034 10992 10523 10613 10899 9965 11038 10986 11263 10257 10175 10582 9795 10173 10704 9648 10628 10468 11383 10150 10130 9881 10837 10552 10746 10526 9878 10223 10659 10927 10508 10962 10605 10002 10565 10530 10269 11348 10188 10405 10062 10868 11228 10636 10256 10378 11549 9506 10254 10528 10937 10632 10504 10533 11556 10440 10208 10090 10612 10202 9966 10815 10677 11006 10404 10609 11057 10672 10417 11191 10051 10505 11023 10841 10467 11142 10360 10426 11358 10079 10411 10571 10932 10995 10573 10550 10922 10591 11217 9636 10439 10147 9680 10158 9763 10738 9688 10136 10394 10853 10996 10434 10886 10227 10317 10686 10968 10021 10260 10184 10224 10318 10548 10070 10514 10313 10749 10620 10018 10863 10398 10206 9972 10593 10105 10518 10019 10322 11190 11178 10525 10637 10947 10813 9946 10919 10388 10680 11225 10254 10519 10628 10606 10634 10478 10172 10426 10347 10669 10418 10416 9824 10216 10543 11253 10469 10224 10504 9951 10332 10778 9714 10649 10509 9854 9669 11034 10589 10754 10895 10815 10269 10479 10071 10723 9893 10753 10633 10686 10817 9864 10949 9804 10160 10545 10308 10839 10019 11045 10895 10615 10662 10443 10371 10773 10558 10253 10818 10933 10444 10138 10413 10497 10101 10695 9928 10080 10411 10729 10721 10395 11251 10592 10510 9986 10862 10473 10768 10237 10281 10708 10248 10635 10437 10317 10723 10337 10864 10427 10406 10247 10845 10631 10217 10232 10132 10683 10944 10625 10703 10760 9969 10801 11163 10408 10176 11322 10015 10924 10518 10420 10312 10571 10287 10519 10651 10793 10342 10482 10366 10476 11089 10571 9722 10244 10760 10730 10471 10728 10650 10452 10663 10697 10429 10948 10579 10271 10928 9965 11155 10376 10565 10448 10452 10677 10043 10758 10358 10033 10241 10851 10244 10624 10723 10804
10136 10392 10231 10173 10008 9894 10797 9455 10347 10043 9555 11623 10433 10190 10376 9420 10615 9290 10119 10668 10423 9047 9926 10527 10256 9986 9780 9917 10341 10273 10759 10405 9965 10350 10401 10103 10273 10343 10484 10603 9513 9907 10124 9726 10025 9796 9710 10045 10059 9875 10426 9743 10279 9730 9699 10189 10655 9739 9570 9846 10209 9603 10621 10900 9772 9926 10161 10066 10309 10378 11052 9809 10525 10008 10472 9776 10330 9966 9752 10126 10079 10112 10263 9807 10729 9775 9927 10288 10045 10061 9882 9497 10074 9915 10488 9704 10314 10275 9904 10009 9910 9937 9836 10175 10526 9839 10915 10269 9797 10499 9577 10464 11013 10405 9846 9914 10257 9884 10209 10129 9291 10184 10280 10910 9622 9859 9727 10715 9902 9708 9982 9793 10177 9899 10534 10083 10329 10575 9972 10443 9842 9874 10844 9404 9979 9977 10562 10589 10490 9574 10163 11046 9771 10023 10108 10862 10521 9959 10408 10640 10203 10206 9989 10543 9912 9750 10385 10826 10814 9329 10389 10761 10199 10022 10830 9707 10064 10403 10291 10281 10756 10521 9684 11137 10003 10063 10494 10786 10818 10144 10110 9888 10129 10687 9520 9917 10005 9823 9841 9154 10224 9907 9970 9860 10394 10598 10483 10201 9964 10192 10192 10341 9854 10476 9826 10063 9976 10011 9505 9605 10441 10387 10135 9533 10306 10344 9631 10320 9848 9875 10321 9925 10189 10195 10586 9836 10371 10168 10324 9794 10403 9964 10023 10569 10083 10173 10274 10145 10099 10418 9855 9988 9969 10291 10700 9858 9789 9839 10352 11312 9648 10098 10304 9560 9856 10031 9688 10094 10278 9920 9512 10262 10298 10519 10466 10587 10190 10110 9715 10546 9644 10167 10204 10398 10743 9502 10517 10415 9834 10126 9676 10305 9672 10889 10389 10237 9993 10280 10483 10819 10122 10044 10514 11167 9566 9985 9864 10443 10173 10848 10215 10540 10451 10285 10533 10428 11003 10402 9927 9654 10510 9809 9718 10141 9746 10256 9881 10840 10333 10637 10895 9826 10685 9762 10106 9727 10550 10228 10082 10013 9874 10334 10325 10177 10056 10466 9334 10813 10860 9692 9840 10432 9737 11119 10258 9888 10136 9863 9975 9605 10167 10219 10403 10146 10225 9975 10352 9752 9324 9892 10325 10593 10325 9897 10025 10396 10300 10388 10040 10817 10231 9642 10560 9966 10205 10398 10203 10190 9685 10847 9769 10403 10270 9880 10107 10014 9688 9996 10233 10335
10429 10752 10515 11008 10333 10765 11055 10142 10934 10642 9990 11976 10752 10168 10530 9398 10842 9562 11244 11028 10644 10048 10205 10567 11320 10402 10139 10676 10758 10850 11302 10939 10548 11462 10428 10828 11196 10170 10780 10257 10219 10751 10832 10568 10897 10445 9912 10381 10693 10251 10797 10491 10625 10028 10612 10909 10739 10268 10303 10613 10968 10058 10880 11075 10522 10449 10541 10577 10753 10572 11425 10031 10841 10400 10605 10292 10367 10544 9781 10960 10142 10878 10530 10506 10626 10141 10394 10856 11015 10470 10020 10015 10745 10180 10878 10243 11066 10478 10171 10924 10654 11121 10039 10949 10679 10504 11081 10708 10759 10874 10409 11026 11123 10945 10372 10305 10699 10546 10258 10871 10199 10437 10802 11300 10004 9953 10171 10964 10659 10297 10346 10322 10108 10642 11247 10767 10755 10979 10424 10928 10627 10426 11649 10226 11040 10326 10840 10821 10807 10499 10570 11286 10057 10555 10397 11483 10859 10325 10678 11273 10576 10534 10119 10487 10243 10372 10836 11055 10766 10491 10323 10649 10370 10461 11217 10192 10532 11144 11045 10235 11753 10597 10860 11767 10595 10268 10931 11241 11399 10385 10478 10414 10707 10939 10096 10657 10400 9924 10895 10217 11123 10104 10688 10839 10987 11587 10679 10919 10609 10853 10568 10973 10368 10437 10399 10401 10454 10854 10721 10801 10469 10871 10528 10236 10815 10615 10332 10582 10646 10545 10728 10402 10614 10816 10650 10640 11027 10941 10913 10194 10581 10310 10759 11208 10211 10620 10554 10953 10834 10497 10850 10830 10640 10701 10786 10518 10532 10506 10776 11791 10068 10368 10139 10178 10573 10758 10216 11152 10576 10339 10084 10658 11049 10549 11001 10983 10499 10250 10623 10607 9787 10919 10653 11079 10724 10046 10892 10256 10580 10607 10014 10350 10010 11157 10603 10551 10781 10716 10849 10826 10634 10680 11177 11106 10549 9908 9960 10629 10289 11075 9854 10493 10680 10640 11224 10633 11498 10670 10379 10265 10860 10212 10569 10712 10564 11187 10413 11032 10512 10587 11038 10350 11012 11058 11007 10299 11230 10686 10098 10320 10886 10855 11037 10337 10849 11236 10033 10771 11107 10504 10576 10671 10171 11155 10954 10679 9995 10391 10264 10698 10866 10670 10476 10598 10607 10091 10888 10572 10061 10551 10718 11041 11247 10665 11029 10711 10323 10741 10446 10721 10881 10398 11028 10317 11014 10754 10799 10484 10390 10845 10464 10656 10621 10329 10569 10888 10310 10338 11077 10751
10774 10930 10916 10560 10462 10443 11562 9779 11006 10931 10177 12223 10928 10597 11108 9985 11402 9848 11075 11511 10746 10280 10552 10894 11496 10954 10714 10996 10837 10781 11311 11263 10782 10883 10918 11171 11000 10692 10619 10950 10311 10246 10970 10622 10875 10375 10279 10517 11164 9749 11303 10646 11060 10378 10229 10759 11056 10317 10397 10464 10976 9912 10741 11793 10849 10466 11019 10263 10793 10695 11746 10693 10880 10648 11005 10279 10575 10729 10006 11214 10777 10553 10823 10633 11135 10339 10586 11215 10940 10772 10560 10412 10913 10410 10881 10405 10909 10679 10397 10843 10565 10704 10775 10870 10822 10208 11301 11250 10270 11293 10390 11186 11174 11078 10373 10570 11173 10416 10339 10925 10187 10969 10864 11344 10538 10503 10045 11100 10519 10851 10703 10310 10581 10934 11970 11202 10715 10894 10902 10915 11060 9958 11517 10168 11054 11050 11090 11435 10856 9994 10231 11461 10253 10832 10957 11291 10714 10628 11167 11469 11353 10973 10359 11324 10354 10649 11003 11442 11444 10378 10814 11126 10636 10338 11615 9942 10300 11097 10941 10826 11755 10915 10730 11225 10134 10691 10607 11190 11368 10450 10371 10761 10966 11220 10264 10753 10968 10235 10816 10125 11017 10236 11010 10651 11272 11247 11100 10575 10472 10519 11238 11203 10294 10616 10798 10540 10821 10873 10768 10406 10485 10752 11054 10086 11239 10418 10602 10486 10536 10588 10938 10718 10961 10914 11132 10674 11243 11288 11111 10303 10839 10634 11287 11034 10194 10796 10804 10413 10572 11043 10213 10668 10785 11081 10755 10687 10698 10268 10759 11506 10586 10639 10588 9901 10561 10692 10695 10935 10915 10639 9458 11214 10609 10805 10791 11366 10674 10405 10531 11024 10246 10773 10968 11188 10843 10172 11339 10554 10952 10592 10374 10623 10068 11064 11308 11133 10704 10488 10923 11117 10776 11316 10882 11594 10730 10309 10439 10968 10710 11315 10453 10726 11185 10532 11653 10724 11189 11059 10857 10415 10938 11161 10614 10992 10609 10975 10552 11348 10844 10930 11109 10230 11011 11093 10769 10340 11162 10764 10700 10797 10775 11226 10825 11217 10939 11038 9973 11057 11172 10815 10560 10990 9491 11000 10767 10887 10566 10971 10416 10443 10948 10733 10864 11030 10914 11196 10958 10232 10311 10492 10954 10955 11067 10534 10745 10882 10474 11091 10422 11072 11000 10507 11243 10284 11087 10817 10575 11016 10127 11184 10648 11064 10361 10077 10485 10905 10373 10518 10978 10826
10010 10221 9778 10441 10320 10047 10668 9345 10277 9918 9529 11050 9969 9994 10357 9427 10101 9161 10352 10662 10153 9754 10134 10146 10417 9975 9994 9637 10004 9787 10919 10611 10087 10668 9830 9981 10673 10114 10183 10259 9899 10258 10251 10015 10176 10032 9575 10113 10212 9507 10161 9541 10138 9377 9817 10564 10307 9909 9584 9763 10420 9357 10453 10729 9973 9726 9688 9986 10039 10204 10566 10150 10198 9796 10073 9332 10111 9823 9513 10377 9666 10110 10518 9946 10356 9609 9757 10200 10298 10130 9889 9330 9849 9785 10106 9897 10447 10253 9475 9946 10166 9958 9889 9919 10518 9748 10716 10670 9895 9897 9825 10128 10435 9825 9779 9988 10214 9986 9783 10149 9539 10463 10128 10583 9656 9447 9838 10585 9750 10159 9761 9691 9549 9781 11106 10077 10276 10004 10212 10206 9909 10197 10573 9895 10015 9820 10123 10524 10194 9693 9551 10701 9793 10306 9848 10573 9921 9810 10178 10654 9996 10397 9756 10292 9500 10054 10133 10842 10485 9699 9809 10299 9783 10042 10735 9597 10267 10556 10634 10132 11133 10197 9906 10980 9456 9828 10211 10852 10781 10027 9670 10156 10443 10444 9353 9919 9949 9599 10068 9638 10361 9250 10299 10056 10151 10550 10158 10275 9570 10138 10428 10142 9498 10059 9712 9616 10137 10163 10006 10162 10259 10288 10013 9139 10435 9862 9947 9718 9852 9918 10101 9606 10510 10271 10913 10357 10284 10469 10274 9680 10268 9624 10201 10908 9588 9905 10408 10146 10122 10247 9899 10181 9777 10114 10509 9936 9439 9749 10029 10365 9964 9588 9700 9334 9812 10154 9794 10379 9430 9758 9579 10468 10248 10088 10355 10782 10015 10294 9653 10114 9304 9804 9927 9985 10641 9223 10220 9720 9872 10199 9880 9895 9932 10874 10345 10269 10104 10247 10297 10484 9762 10084 10442 10740 10018 9741 9562 10320 9724 10363 9671 10197 10112 10096 10327 10065 10538 10395 9924 9765 10332 9970 9981 10263 10041 10770 10085 10494 9806 10057 10246 9931 9937 10287 9877 9548 10771 10187 10056 10354 9501 10136 10630 10031 10663 10513 9565 10205 10856 9960 9703 10639 9552 10359 9790 10225 9665 10143 9643 9956 10461 9988 10019 10299 10085 9862 10087 9585 9549 10197 10382 10031 10455 10462 10093 10248 9973 10260 9505 10121 10412 9722 10555 10120 10062 10239 10070 10288 9932 10371 9914 10175 9787 9421 10046 10063 9914 9971 10309 10373
9629 10170 9960 9853 10058 10163 10646 9641 10265 9866 9551 11469 10174 9707 10417 9524 10115 9578 10527 10633 10315 9793 9982 10357 10522 10244 10305 10217 10049 10232 10015 10493 9905 10519 9966 9953 10605 10096 10159 10583 9206 10006 10155 9916 10356 9747 9411 9610 10086 9781 10330 9775 10206 9522 10017 10211 10429 9618 9538 9777 10388 9722 10182 10881 10038 10094 10011 9686 9957 10497 10588 9881 10154 10181 9938 9660 10097 9576 9420 10263 9971 9888 10312 9960 10650 10124 9961 10241 10245 10073 10081 9344 9796 9802 10161 9777 10410 10295 9639 10073 9677 10050 9682 10361 10229 9866 10713 10556 10285 10324 9455 10081 10704 10420 9953 10011 10116 10071 9925 10320 9529 10158 10699 10675 9933 9837 10017 10628 10054 10049 9745 9580 10002 10100 10799 9966 10286 10361 10099 10220 9873 9818 10708 9786 10083 9898 10758 10800 10311 9899 9757 11073 9946 10308 10273 10839 10286 9862 10331 10692 10210 10186 9839 10806 9943 9968 10011 10382 10734 9666 10295 10583 9636 9983 10661 9818 10169 10376 10354 9952 10873 10157 10122 10679 9628 10034 10190 10808 10668 9852 9720 10084 10384 10693 9925 10143 10128 9845 10533 9341 10420 9716 9888 10222 10243 10623 10284 10291 9771 10510 10525 10214 9711 10179 9627 9633 9820 10273 9856 10379 10487 10059 10089 9880 10533 9566 10004 10033 9840 10163 9936 9961 10226 10286 10411 9864 10161 10391 10697 9596 10427 9823 9932 10576 9571 10237 10378 10006 10048 10126 10214 9754 10055 10144 10374 9900 9833 9691 9784 10453 9665 9779 9521 9668 10064 10349 10075 10419 10421 9816 9153 10373 10363 10054 10160 10910 9891 10100 10213 10529 9849 9585 10123 10263 10241 9447 10269 10045 10122 10036 10281 10220 9607 10613 10562 10076 10058 9931 10172 10515 10328 10217 10369 10701 10060 9728 9899 10273 10008 10369 9267 9939 10348 10101 10420 10107 10528 10026 10065 9985 9939 10213 9869 10149 10450 10413 9912 10412 9761 10151 10749 9817 10202 10203 10084 9714 10656 9825 10175 10263 9862 10214 10231 10231 10260 10658 9794 10641 10725 10123 9900 10266 9792 10655 10264 9970 10215 10083 9369 9538 10301 10152 9676 10214 9934 10031 10215 9956 9661 9560 10440 10351 10527 10004 10085 10163 10312 10544 9734 10794 10376 9776 10440 9794 10333 10222 10131 10419 9615 10652 9388 10348 10100 9608 9959 10317 9642 10269 10058 10117
9858 9364 9823 9958 10146 10007 10159 9590 9793 9495 9380 10866 10039 9867 10040 9298 10248 9337 9887 10482 10120 9497 10046 9853 10416 9754 10138 10023 9699 10210 10295 10484 9772 10598 10096 10081 10397 10183 10035 10088 9834 9937 10056 10032 10348 9844 9148 9781 10062 9260 10590 9867 10431 9429 9879 9833 10187 9324 9648 9645 10208 9801 9976 10727 9757 9622 9900 9598 10299 10322 10770 9653 10142 9546 10106 9725 10197 9676 9179 10402 9953 9718 10519 9896 10272 9857 9768 10347 10011 9962 9866 9142 9955 9518 10055 9743 10214 10234 9540 10034 10085 9693 9899 10085 10177 9660 10433 10244 9964 10132 9905 10019 10377 10420 9694 9676 10094 9458 9606 10076 9541 10397 9997 10343 9784 9353 9475 10046 9702 10117 9992 9905 9634 9669 11149 10230 10079 9832 10288 10020 10025 9669 10869 9825 10384 9871 10299 10588 10164 9788 9831 10733 9567 10164 9921 10764 9933 9973 10264 10749 10067 9866 9774 10377 9707 9902 9742 10100 10466 9882 9890 9982 9773 9911 10445 9917 9920 10176 10246 10181 10780 10129 10122 10905 9598 9741 10382 10539 10628 10078 9303 10042 10084 10639 9409 9992 9597 9251 9918 9364 10288 9382 9923 10033 10503 10512 9909 9653 9833 10257 10465 10498 9595 9858 9391 9724 10053 9875 9455 9874 9952 10084 9991 9200 10302 9720 9710 9898 9913 9997 9601 9278 10203 10169 10436 10051 9880 10234 10232 9725 9923 10003 10278 10345 9765 9601 10248 9963 9558 10284 10093 10150 9904 10234 9919 9979 9422 9983 9560 10725 9771 9838 9578 9283 10111 10379 9473 9891 9856 10099 9367 10476 10011 10246 10588 10470 10180 10027 9962 10167 10057 9710 9853 9644 10131 9401 10276 10050 9704 9946 9863 10394 9374 10553 10232 9859 9835 10102 10036 10445 10226 10043 10416 10616 10265 9559 9640 10089 9631 10667 9729 10190 9909 9724 10250 10128 10881 10335 9848 9379 10380 9960 10240 10430 9966 10514 9940 10282 10161 9737 9893 9799 9976 10469 9898 9328 10966 10001 9882 10143 10164 10341 10421 10016 10250 10410 9467 10086 10577 9811 9664 10297 9287 10570 10045 10147 9180 10071 9462 9731 10334 9914 9903 10281 9948 10004 9952 9808 9540 9878 10026 10859 10293 10274 10396 9647 9650 10105 9857 10564 10093 9769 10312 9788 10382 9564 10334 10328 9573 10284 9965 10196 9496 10033 9509 10364 9886 10090 9929 10456
9691 9868 9784 9915 10000 9734 10166 9344 9949 9663 9419 11203 9959 10037 10364 8700 10088 9026 10251 10277 10005 9462 9677 10042 10278 9494 10004 10076 9961 10124 10412 10387 9574 10121 10185 9547 10255 9752 10077 10291 9287 9978 9877 9897 10176 9292 9241 10081 9945 9480 10237 9970 9922 9293 9815 10304 10274 9468 9700 9596 9867 9481 10261 10143 9886 9562 9865 9371 9908 9792 10465 9554 10040 9758 9955 9712 9666 9877 9587 9844 9645 9401 10360 9766 10321 9757 9689 10294 10004 10328 9601 9309 9763 9568 10067 9287 10214 9996 9890 9914 9954 9820 9415 10353 10172 9965 10548 10329 9524 9872 9657 9779 10459 9977 9693 9725 10528 9140 9983 10015 9663 9852 9777 10481 9839 9510 9550 10699 9763 10074 9535 9073 9097 10187 10649 9857 9832 9759 9862 9601 9220 9822 10886 9737 10416 9633 10131 10402 10074 9707 9637 10868 9402 9729 9845 10708 9876 10192 10029 10893 9887 10117 9464 9869 9902 9693 9745 10306 10701 10079 9780 10146 10059 9466 10581 9607 9819 10189 10284 9763 10913 10044 10005 10491 9629 9700 10192 10137 10223 9603 9602 9410 9996 10344 9138 9477 9577 9297 9771 9170 10446 9720 9620 10127 10370 10327 10236 9780 9711 10332 10590 9989 9439 9854 9902 9195 9429 9828 9772 10030 9677 10207 9706 9030 10048 9719 9546 9786 10021 9587 10131 9425 10103 9651 10190 9684 10011 10686 10168 9615 9912 9994 10145 10471 9566 9970 9902 9607 9245 10097 9881 9644 9718 10290 10016 9583 9697 9460 9904 10671 9782 9642 9478 9301 9888 10021 9504 10220 9569 9590 9146 9936 10051 9926 10148 10322 10179 9801 9719 9573 9036 9621 9937 10036 10248 9135 10060 9717 9957 9848 10000 9861 9417 10186 10339 9787 9748 9867 9945 10434 9996 9641 10283 10571 9581 9750 9422 9908 9929 10260 9311 10035 10431 9647 10161 10009 11050 10155 9781 9052 10130 10038 9866 9830 9940 10187 9800 10606 9940 9866 10064 9795 10394 10059 10139 9762 10439 9563 9532 9684 9655 9775 10340 9959 10200 10299 9337 9787 10430 9600 9748 9990 9060 10501 9862 9677 9151 9682 9682 9345 10402 9826 9782 10100 10025 9691 10308 9387 9424 9618 9912 10156 10632 10118 10145 10058 9772 9910 9604 10561 9663 9649 10954 9894 10448 10078 10002 9845 9605 9809 9795 10294 9715 9611 9495 10152 9454 10144 10220 10380
10344 10345 10289 10097 10177 10345 10881 9641 10554 10218 9741 11804 10427 10269 10125 9263 10362 9721 10568 10850 10246 9969 10280 10365 10683 10485 10139 10489 10466 10094 10711 10663 10197 10731 10070 10380 10869 10284 9909 10915 10007 10286 10492 9964 10845 9769 9706 10143 10739 9870 10292 10269 10656 9935 9691 10200 10442 9951 9758 9744 10228 9569 10326 11300 10082 9858 10516 9967 10205 10408 10930 10341 10812 10139 10309 9920 10494 9991 9726 10732 10061 9680 10528 10375 10607 9661 9729 10510 10363 10296 10574 9503 10484 9963 10325 9787 10569 10610 9777 10259 9925 10083 10012 10551 10106 9999 11068 10579 9972 10511 9805 10334 10878 10626 9973 10390 10456 10004 10008 10367 9660 10508 10679 10664 10070 9969 9825 10939 10266 10300 9872 9880 10125 10021 11407 10729 10214 10744 10339 10088 9972 9950 11070 9884 10461 10305 10653 10855 10522 9813 10046 11070 10069 10418 10412 11275 10435 10280 10640 11048 10239 10423 9759 10860 10207 9720 10288 10350 10526 9983 10227 11077 10110 9975 10808 9898 10400 10676 10925 10201 11214 10092 10447 11136 9815 10186 10835 10656 11014 10272 10133 10354 10696 10722 9912 10142 10464 10180 10167 9603 10293 9360 10073 10297 10597 10423 10262 10281 10419 10550 10625 10157 9701 10736 10126 9791 10250 10468 10017 10058 10561 10506 10713 10005 10991 9984 9979 10237 10471 9993 10283 10102 10559 10219 10390 10263 10458 10713 10570 10067 10500 10053 10074 10515 10044 10712 10422 9970 10203 10353 9920 9988 10240 10105 10289 10201 10134 9798 10070 10849 10045 10261 10424 9548 9877 10233 9414 10186 10134 10304 9714 10808 10052 10433 11041 10855 10550 10277 9750 10354 9810 10262 10412 10290 10880 9609 10754 9912 10663 10161 10228 10007 9729 10789 11042 10735 10079 10148 10574 10732 10336 10554 10251 11368 10441 10342 10109 10207 9684 11046 10036 10137 10547 10384 10648 10188 10845 10361 9773 10214 10400 10143 10175 10234 10321 10504 10107 10668 10301 10503 10946 9999 10713 10179 10185 10140 10979 10316 10307 10018 9997 10341 10591 9855 10723 11006 9809 10774 11213 10211 9461 10534 9918 10326 10649 10513 10197 10508 9963 10106 10374 10364 10218 10495 10470 10314 10523 9911 10148 10539 10313 10647 10979 10280 10184 10549 10504 10695 9993 10807 10299 9513 11088 10628 10377 10368 9845 10467 10194 11039 10279 10508 9698 9944 10033 10717 10144 10436 10673 10548
9947 10324 10360 9870 10124 9940 10008 9532 10163 9883 9997 11200 9852 9716 9936 9320 10639 9000 10484 10745 10040 9510 10165 10143 10251 10093 10183 10111 9744 9766 10386 10853 10200 10588 10041 10073 10693 9991 10276 10614 9732 10242 10461 9953 10297 9778 9402 9796 10324 9714 10358 9991 10125 9309 9624 10162 10521 9828 9506 9476 10286 9388 10169 10997 10172 10110 10298 9935 10371 10277 10919 9767 10515 10293 10111 9934 10004 9806 9705 10160 10196 10324 10435 10216 10316 10102 9714 10300 10151 9851 9785 9734 9717 9633 10321 9827 10435 10403 9732 9865 10294 10048 9775 10239 10308 9956 10532 10146 10050 10395 9601 10399 10914 10365 9843 10288 10574 10052 9850 10092 9564 10307 10342 10781 9748 9635 9798 10605 9887 10538 10070 9971 9828 9793 11027 10090 10083 10150 9898 10293 10009 9392 10928 9939 9946 9889 10675 10841 10500 10016 9888 10952 9605 9598 9724 10978 10252 9960 10377 10477 9846 9892 9342 10832 9754 10107 10352 10426 10870 9917 10272 10448 9690 9894 10858 10091 10024 10630 10163 10224 10753 10051 10250 10645 9670 9621 10683 10936 10213 10349 9901 10484 10055 10851 9563 9824 9542 9501 10322 9690 10418 9712 10152 9477 10311 10688 10505 9994 10121 9875 10372 10673 9845 10142 9787 9516 10053 10175 9555 10331 10075 10105 10018 9139 10478 9766 10045 9891 9864 9865 10292 9949 10477 10644 10422 10567 10494 10539 10583 10042 10184 10195 9878 10953 9372 10210 10432 10226 10100 10479 9787 9941 10089 10496 10114 9709 9578 10501 10384 11054 10163 10044 10296 9437 10181 10573 9534 10405 9989 9516 9499 10486 10522 10421 10762 10500 10421 9860 9495 10453 9868 10480 10005 10101 10766 9445 10337 10100 10031 9923 10182 9854 9677 10967 10278 10369 9953 10287 10060 10243 10030 9881 9904 10992 10033 10034 9600 10425 9938 10687 9299 10194 10471 9758 10213 10364 10662 10245 10114 9199 10251 9729 10092 10320 9910 10802 10002 10554 10287 10124 10644 9741 10360 10208 9899 9582 10617 9654 9852 10344 9777 9888 10671 9764 9904 10628 9398 10450 10401 9883 10021 10684 9620 10545 10239 10216 9666 10120 9838 10364 10306 10335 10312 10144 10308 10056 10011 9901 9697 10180 10273 10080 10225 10536 10172 9989 9848 10516 9718 10328 10452 9755 10804 9828 10207 10362 10156 10127 10059 10754 10208 10320 9969 9761 9762 10635 9792 9894 10356 10078
9955 10591 10286 10612 10127 10168 10664 9574 10533 10350 9823 11302 10167 9800 10269 9477 10801 9208 10537 10876 10092 9562 10025 10183 10285 9930 10097 10432 9723 10314 10743 11019 10093 11016 10308 10246 10910 10188 9896 10900 9989 10514 10958 10255 10536 10147 9980 10231 10772 9528 10369 9952 10411 9583 10299 10340 10347 10148 9569 10258 10411 9968 10524 11019 9778 9991 10184 10263 10300 10726 10875 10132 10613 10208 10394 9934 10402 9830 9875 10382 10071 10283 10461 10538 10745 10004 9897 10463 10718 10082 10444 9589 10223 10155 10279 9738 10658 10352 9808 10037 10105 10591 10379 10470 9820 10097 11013 10366 9878 10471 9847 10489 10948 10778 10228 10442 10491 9866 10078 10331 9688 10323 10750 11053 10303 9584 10163 10611 10457 10711 10154 9735 9818 10441 11131 10066 10216 10661 10325 10626 9824 10122 11188 9923 10361 9907 10644 10719 10269 9820 9903 11075 10161 10426 10324 11166 10227 10281 10619 10783 10371 10193 9957 10304 10175 10313 10659 10175 10727 9737 10700 11003 10022 9973 10562 10116 10139 10578 10621 9892 11110 10411 10369 11023 10160 10241 10298 10965 11008 10016 10068 10262 10374 10952 9793 9581 9980 9763 10479 9728 10570 10063 9797 10287 10624 10608 10551 10383 10316 10552 10955 10754 9771 10644 9751 10041 9867 10231 10007 10379 10223 10358 10071 9694 10682 10100 10092 10198 10099 10452 10459 9831 10515 10594 10310 10393 10656 10618 10873 10031 10556 10101 10477 10447 9684 10345 10553 10322 10599 10288 10245 9970 10372 10332 10429 9650 10122 9866 10110 11287 9929 9851 10107 9583 10035 10448 9635 10324 9882 9904 9620 10502 10149 10355 10465 10809 10252 9995 10337 10296 9838 10020 10409 10617 10599 9424 10429 10367 10475 10382 9908 9934 9801 10812 10718 10521 10067 10025 10196 10886 9939 10254 10329 10979 10525 10070 10224 10125 9898 10535 9872 10034 10673 10199 10398 10316 10879 10603 10557 9984 10331 9932 10232 10498 10197 10632 10560 10929 10429 10439 10492 9917 10266 10452 10325 9805 10942 10404 9983 10575 10222 10166 10696 10297 10689 10541 9620 10699 11099 10151 10017 10699 9797 10727 10379 10214 9658 10232 9864 10215 10329 10473 10215 10211 10141 10257 10404 9754 9865 10362 10698 10288 10576 10096 10546 10254 10090 10686 9961 10485 10537 10048 10978 9976 10424 10454 10304 10331 10087 10925 10110 10536 10137 9902 9947 10466 9896 10183 10761 10558
9666 10070 9460 9702 9794 9760 9912 9007 9961 9567 9205 10698 9951 9143 10135 8681 9748 8729 10105 10298 9895 9428 9927 9727 10089 9452 9510 9856 9730 9699 10087 10090 9412 10199 10021 9746 10437 9865 9529 10212 9603 9549 10202 9618 9995 9155 9097 9554 9978 9583 10008 9920 10035 9042 9574 9906 10205 9281 9437 9295 9297 9166 9582 10426 10015 9630 9484 9303 9657 9931 10328 9426 10006 9919 9605 9566 9946 9579 9395 10165 9440 9459 10063 9587 9794 9768 9473 10053 9948 9672 9766 9099 9670 9374 10056 9128 10333 9601 9288 9419 9217 9771 9434 9786 9809 9541 10056 10097 9904 10087 9317 9606 10014 9791 9486 9576 9733 9523 9802 9690 9127 9807 9975 10541 9330 9389 9204 9939 9923 9860 9702 9583 9469 9670 10419 9679 9999 9781 9510 9900 9783 9061 10362 9416 9652 9308 10193 10517 9791 9289 9481 10133 9195 9854 9826 10119 9717 9675 9991 10434 9763 9757 9360 9923 9350 9372 9884 9833 10451 9381 9204 10175 9381 9476 10046 9593 9658 10007 10093 9769 10090 9628 10093 10718 9342 9527 9844 9909 9976 9664 9416 10018 9375 10490 9398 9339 9470 9416 9792 9191 10220 9270 9920 9731 9788 10603 10186 9905 9721 9710 9857 10082 9313 9633 9206 9172 9864 9672 9318 9750 9661 9626 9743 9238 10494 9485 9693 9673 9130 9833 10024 9674 9813 9908 10078 9628 9575 10459 9997 9855 10009 9935 9994 10631 9540 9736 9979 9501 9677 9930 9572 9772 9414 10003 9853 9668 9291 9527 9446 10107 9069 9541 9380 8969 9416 9743 9127 9829 9551 9657 8795 10489 9920 9890 10139 10007 9620 9673 9354 9928 9204 9838 9990 9579 10293 9180 9963 9031 9197 10348 9610 9735 9280 9945 10049 10043 9829 9890 9937 10362 9726 9580 9818 10263 10043 9303 9571 9918 9675 10211 9391 9578 10233 10071 10138 9448 10707 9921 9490 9508 9581 9510 9459 10056 9767 9995 9335 9973 9906 9955 10115 9241 9890 9369 9870 9574 9918 9653 9475 9419 9463 9563 10481 9996 9879 10403 9316 10011 9964 9628 9424 10261 9425 9997 9921 9767 9187 9802 9193 9468 10129 9943 9087 9726 9458 9980 10169 9720 9284 9491 9810 10245 10295 9739 10047 9656 9877 9654 9214 9936 9834 9577 10164 9112 9997 9732 9870 10105 9565 10038 9457 10098 9562 9415 9107 9626 9889 9709 10022 10168
9818 10190 9705 9869 9624 10199 10555 9509 10301 10000 9632 11298 10437 9513 10250 8941 10103 9304 9947 10609 10029 9369 9920 10069 10356 10061 9724 10177 9747 10181 10361 10287 9720 10603 10111 9911 10331 9672 9985 10531 9959 10186 10077 9859 10325 9633 9432 9664 10244 9664 10296 9954 10032 9674 10199 10108 10466 9692 9771 9465 9792 9330 9796 10558 10208 9577 10022 9847 9569 10157 10716 10044 10218 9703 9795 9629 10004 9747 9554 10578 10094 9663 9946 9932 9949 9834 10059 10051 10122 9571 9626 9420 9757 9513 10299 9401 10339 10127 9886 9671 9290 10236 9924 9949 10245 9816 10554 9926 9668 10198 9613 10312 9922 10521 10056 9664 9813 9399 9891 9910 9651 10057 10027 10643 9700 9519 9394 10289 10305 10211 10132 9690 9564 10101 10931 10397 10328 10265 9826 9780 9963 9833 10701 9044 10097 9597 9956 10646 10180 9445 9388 10695 9559 9896 9895 10761 10167 9847 9967 10530 10074 10012 9712 10265 9181 9913 10008 10594 10334 9590 9823 10378 9713 9657 10407 9284 10057 10115 10292 10128 10859 10035 10201 10845 9416 9736 10319 10352 10642 10213 9583 10034 9996 10470 9678 9702 9788 9386 10353 9579 10101 9628 9706 9658 10142 10244 9992 9837 9910 9808 10108 10164 9698 10017 9627 9514 9711 10217 9752 10075 10178 10169 10157 9453 10539 9901 9532 9737 9831 9933 10013 9713 9984 10230 10386 10091 10489 10556 10137 9821 9998 9764 10086 10260 9604 9758 10127 9878 9658 9924 9712 9730 9506 10150 9908 9700 9477 9630 10228 10382 9596 9477 9866 9255 9677 10346 9440 10092 9769 10051 9116 10182 9994 10173 10575 10633 9878 9918 9797 10450 9311 10139 10044 10079 10146 9330 10305 9779 9942 10004 10380 10387 9473 10722 9735 10096 9593 9525 10220 10085 9887 10274 10277 10442 9927 9732 9870 10026 9867 10264 9393 9737 10236 10523 10117 9615 10511 10317 10330 9770 10276 9794 9832 10089 9805 10210 10021 10177 9887 9922 10098 9662 10392 10194 9768 9567 10279 10120 9803 9845 9815 10494 10240 10071 10355 10089 9157 10392 10307 9662 9609 10205 9497 10612 10426 9819 10012 9948 10009 9925 9637 9848 9719 10141 10208 10008 9984 9533 9173 9880 10214 10169 10870 9914 10071 9994 9942 10139 9674 10663 9822 9347 10311 10127 10404 9943 10329 9855 9409 10303 9618 10139 10062 9250 9718 10629 10104 10015 10246 10167
9591 9878 9532 9920 9938 9813 10171 9184 10101 9681 9713 10955 9653 9507 10018 8798 10256 9022 9949 10204 9780 9057 9355 9594 10143 9795 9627 9576 9382 9764 10461 10455 9801 10306 9809 10002 10270 9773 9712 10361 9640 10226 9923 10079 9998 9339 9108 10008 9789 9062 9940 9780 10107 9645 9705 9683 9830 9332 9223 9728 9625 9318 9632 10476 9608 9846 9787 10156 10046 10236 10537 9823 9822 9553 9713 9391 10323 9233 9618 9953 9931 9419 10016 10006 10153 9291 9804 10027 9978 9820 9940 9232 9738 9181 9868 9340 9892 9813 9654 9970 9319 10210 9779 10017 9536 9702 10388 9606 9510 9947 9539 10238 10359 10195 9389 9647 9960 9992 9604 10205 9400 10008 10001 10236 9695 9676 9373 9814 9631 10128 9927 9352 9826 10098 10614 10212 9789 10148 9985 10043 9655 9351 10587 9476 10189 9632 10233 10448 10079 9427 9070 10479 9202 9808 9803 10580 9611 9351 9943 10562 9613 9764 9715 9862 9437 10006 9574 10289 10553 9599 9886 10318 9555 10125 10469 9193 9717 9853 9816 10242 10442 9824 10198 10263 9260 9441 10190 10280 10386 9964 10087 9860 9591 10226 9317 9933 9309 9463 9701 9364 9887 9467 9475 9707 10027 9880 9743 9575 9886 9538 10043 10306 9377 9549 9483 9743 9560 9795 9790 9953 9525 9705 9971 9202 10509 9878 9283 9456 10224 9901 9568 9753 10203 10474 9881 9858 10251 10284 10294 9593 10120 9503 9989 10197 9230 9822 10013 10187 9645 10315 9354 9542 9655 10000 9998 9524 9562 9437 9838 10640 9554 9612 9713 8912 9467 10036 9330 9858 9873 9311 9466 9905 9898 9469 10338 10142 9574 9540 9824 9758 9158 9654 9826 10256 10318 9275 10181 9773 9527 9823 9841 9918 9572 10755 9820 9849 9827 9986 9977 10363 9742 9738 10145 10522 9962 9363 9388 10172 9809 10066 9342 9921 9920 9790 10332 9680 10495 9847 9924 9216 10125 9778 10131 10132 9968 10136 9814 10155 9985 9924 10150 9287 9991 9946 9906 9429 9821 9827 9516 9775 9613 10247 10086 9883 10123 10221 9328 10012 9891 9583 9082 10060 9529 10267 9632 9823 9437 9622 9690 9634 9811 9823 9384 9628 9757 10022 10257 9276 9277 9823 10048 9874 10022 9779 9781 9911 9614 10039 9500 9751 10406 9405 10312 9314 10242 9963 9537 9755 9341 10542 9861 9931 9552 9244 9546 10382 9655 9824 9937 10185
9773 10339 10120 10269 9914 10233 10599 9578 10166 10022 9726 11457 10419 9348 10542 8969 10374 9436 10721 10201 10106 9642 10138 10017 10898 10277 10244 10073 9590 10127 10009 10788 10147 11005 10310 9923 10693 10133 10652 10773 9809 10132 10119 9705 10373 9642 9178 9859 10523 9993 10735 10134 10187 9786 9986 10024 10605 9784 9624 9896 10281 9451 9953 10765 10052 10295 10249 9811 10043 10298 11042 10087 10523 10137 10680 9808 10336 9746 9558 10911 10167 9940 10405 10274 10616 10190 10174 10146 10367 10002 9826 9501 9615 9636 10185 9966 10640 10202 9421 10402 9581 10332 10027 10475 10109 9915 10711 10438 10194 10356 9901 10300 10704 10756 10079 10078 10167 9829 9919 10533 9755 10415 10043 10842 9617 9608 9587 10893 10112 10541 9905 9648 9754 10292 10753 10578 10526 10130 10209 10049 10561 10034 11155 9910 10315 10001 10353 10640 10099 9926 10047 11060 9548 9882 10108 10964 10003 10056 10370 10745 10230 10191 9861 10341 9942 9929 10323 10467 10706 10287 10126 10554 9612 10054 10779 10029 10342 10364 10736 10472 11188 10215 10138 11266 10134 9460 10576 10457 10636 10352 10213 10044 10080 10775 9685 10063 10069 9844 9952 9590 10772 9645 10224 10351 10513 10728 10469 9827 10332 10229 10725 10609 9613 10199 10177 9871 9979 10795 9822 10179 10528 10268 10463 9881 10643 9699 10024 10079 9964 10091 9944 10151 10314 10496 10530 10253 10282 10631 10598 9612 10161 9980 10097 11296 9608 10527 10070 10080 10117 10294 10206 10017 10370 10112 10029 10256 9637 9995 10166 10989 10221 10121 9340 9560 10400 10284 9735 10186 10045 9881 9832 10341 10388 10516 10347 10465 10215 10116 9956 10496 9825 9854 10188 10326 10723 9354 10411 9975 10427 10098 9806 10186 9547 10736 10342 9854 10173 9852 9864 10589 10290 10328 10388 10715 10294 9870 9692 10342 10206 10446 9534 10317 10281 10161 10034 10265 11052 10270 10180 9551 10416 9969 10277 10392 10177 10262 10130 10456 10407 10269 10623 10043 10576 10266 10147 9578 10689 9854 10003 10174 9631 10075 10504 10055 10539 10714 9423 10715 11092 10165 9682 10358 9675 10709 10424 10340 10080 10399 10147 10058 10159 10197 10208 10449 10123 10314 10246 9932 9058 10057 10286 10423 10657 10186 10106 10351 10205 10475 10000 10706 10586 10000 11072 10042 10296 10235 10418 10439 9790 10867 9862 10588 10152 9630 9667 10490 10081 10186 10826 10672
10138 10290 10215 9839 9910 10158 10459 9155 9966 9894 10051 11137 9964 9952 10265 9103 10298 9158 10088 10344 9739 9460 10393 10369 10286 9902 10012 9749 9962 9913 10476 10764 9755 10592 10122 10242 10231 10073 10121 10216 9778 9938 10261 10361 10352 9637 9787 9756 10223 9558 10425 10170 10305 9653 9680 10015 10242 10067 9347 10066 9966 9375 10179 11027 10425 9783 9996 10113 10169 10214 10566 9894 10691 9963 10373 9547 10260 10121 9222 10388 10031 9980 10422 10042 10168 9861 10001 10385 10611 10325 9816 9316 9931 9395 10168 9693 10059 10546 9494 10185 10263 9969 9834 10409 10134 10034 10561 10312 9879 10319 9528 10183 10728 10467 9986 9915 10380 9687 9665 9812 9594 10231 10507 10290 9765 9729 9388 10450 9761 10147 9949 9885 9662 9917 10795 10120 10130 10348 10491 10329 10123 9687 10734 10251 10088 10078 10242 10547 10282 9949 9685 10366 9855 10003 10333 10716 10531 9662 10293 10946 10014 10001 9513 10483 9485 9856 10182 10514 10856 9976 10103 10242 9874 10231 10680 9660 10304 10328 10283 9998 10615 10165 10377 10978 9938 10164 10081 10647 10446 9524 9875 9992 9906 10393 9773 10082 10273 9805 10191 9532 10019 9630 10094 10340 10569 10459 10321 9797 9660 10084 10930 10508 9585 10278 9924 9779 9980 10654 9596 9936 9917 9945 10240 9245 10258 9947 9272 9563 9905 9805 9990 9696 10009 10088 10200 10194 10504 10350 10619 9843 10322 9956 10111 10742 9818 10106 10161 9708 10137 10481 10036 9929 10142 10393 10249 9628 9752 9835 10260 10780 9564 9849 9636 9167 9885 10577 9607 10306 9961 9903 8928 10652 9994 10421 10624 10745 10368 9700 9893 9938 9766 10075 9930 10134 10480 9414 10199 9898 9852 9845 9805 10398 9457 10847 10487 10221 9791 9999 10064 10450 10157 9924 10421 11016 9786 9810 9871 10262 10114 10548 9458 10039 10095 9854 10344 10203 10541 10293 10198 9764 10271 9624 10007 10173 9671 10694 9931 10073 10028 10154 10537 9833 10198 10274 10264 9698 10585 10020 10044 10271 9705 10510 10261 10558 10666 10698 9451 10056 10744 10003 9621 10203 9883 10373 10091 10032 9673 10337 9662 9938 10195 9925 10294 10547 10556 9793 10106 9665 9565 10133 10340 10361 10391 10575 10300 9918 10241 10196 10064 10484 10066 9513 10468 10117 10468 10232 10562 10129 9399 10732 9706 10459 9780 9199 9630 9879 9918 9802 10302 10238
10264 10714 10223 10986 10291 10517 10983 10216 10799 10124 10236 11695 10509 10176 10825 9896 10938 10058 10342 11398 10852 9619 10252 10919 10955 10754 10461 10291 10334 10603 11182 11122 10284 10915 10243 10449 10877 10424 10472 11112 10268 10389 10682 10655 10514 10205 10403 10465 10385 9977 11222 10497 10583 10216 10163 10567 10340 9867 10216 10311 10566 9798 10635 11208 10479 10110 10272 10115 11035 10823 11436 10632 10671 10440 10295 9898 10413 10251 9684 10920 10479 10363 10617 10026 10802 10174 10166 10863 10478 10599 10434 9529 10184 10259 10849 10181 10748 10445 10037 10455 10223 10303 10166 11041 10672 10099 11106 10791 10621 10806 10203 10830 10954 11121 10334 10615 10524 10287 10337 10836 10103 10400 10679 11385 9945 10014 9850 11551 10661 10711 10193 10376 9734 10152 11463 10661 10453 10692 10888 10489 10454 10212 10869 10292 10849 10328 10993 11082 10926 10069 10501 11558 9467 10384 10498 11247 10567 10119 10905 11044 10557 10433 10206 10511 10358 10333 10944 10634 11017 10026 10546 10975 10407 9946 10818 10132 10406 10842 10894 10748 11667 10513 11000 11175 10151 10114 11002 11407 11160 10279 10365 10412 10532 10972 10110 10249 10569 9708 10420 9581 10868 10155 10241 10383 10906 10843 10714 10195 10044 10934 11064 10957 9872 10365 10258 10006 9967 10645 10426 10522 11114 10707 10735 10134 11013 10473 10156 10693 10626 10591 10473 10125 11040 11210 10917 10358 10923 10991 10711 10116 10703 10279 10711 10997 10101 10624 10653 10527 10544 10532 10389 10412 10057 10566 10746 10579 10471 9986 10584 11127 10481 10436 10554 9856 10064 10377 10216 10345 10600 10348 9791 10696 10755 10298 11170 10871 10812 10600 10003 10603 10309 10640 10737 10753 10644 9767 10624 10285 10947 10161 10317 10145 9870 11203 10833 10871 10410 10478 10638 10477 10423 10586 10942 11164 10175 9873 10065 10538 10088 11004 9974 10787 10516 10527 10756 10494 11263 10604 10103 10038 10639 10499 10402 10667 10651 10438 10069 10632 10499 10729 11099 10221 10938 10857 10259 10145 10839 10437 10464 10387 10034 10289 10843 10318 10776 10931 9789 10873 10747 10274 10352 10856 9982 11162 10514 10364 10234 10583 10231 10258 10304 10429 10417 10299 10393 10532 10700 10226 9911 10547 10851 11269 10943 10522 10687 10381 10773 10591 10242 10726 10431 10267 11294 9936 10940 10635 10575 10585 10504 11090 10516 10538 10609 10178 10281 10861 10036 10436 10471 10725
9703 10180 10079 9544 9780 10086 10427 9566 10245 9859 9321 11333 10393 9619 10316 9184 10661 9492 10479 10550 10165 9283 9606 10212 10645 9954 9851 9645 9962 10203 10496 10699 9943 10582 9676 9941 10409 9697 9799 10368 10089 10023 10296 10401 10595 9674 9398 10225 9847 9927 10722 10035 10202 9539 9709 10164 10234 9850 9687 9810 9832 9479 10084 11086 9897 9495 10106 9615 10032 10478 10619 9717 10297 10004 9798 9598 10120 9498 9371 10208 9812 9602 10269 10066 10311 9538 9772 10131 10071 10494 9612 9474 9837 9737 10218 9390 10265 9989 9449 10176 9396 10183 9950 10419 10343 9658 10687 10070 9997 10284 9878 10136 10477 10555 10087 10143 9852 9336 9760 10265 9793 9778 10259 10466 10047 9911 9311 10383 9641 9675 9868 9846 9538 10230 10609 10154 10122 10211 10325 9936 9909 9711 10691 9577 9932 9596 10470 10725 10097 9640 9624 10651 9216 9564 9677 10606 10282 9969 9634 10679 9884 10371 9910 10073 9996 9726 9805 10298 10473 9548 9973 10390 10140 9661 10229 9579 10348 10292 10197 10162 10690 9793 10350 10719 9555 9762 10002 10348 10504 9808 9736 10347 10243 10879 9841 9796 9738 9605 9699 9352 10423 9925 9809 10069 10888 10573 10182 9889 9709 10050 10779 10653 9541 10014 9947 9697 9625 10292 9842 9720 9902 10291 10050 9695 10057 9503 9877 9790 10097 9798 10157 9704 10290 10145 10680 10025 10092 10731 10744 10000 10102 9765 10182 10497 9800 9867 10235 9582 10289 9879 9935 9781 10125 9867 10204 10143 9622 9870 9758 10390 9883 9975 10035 9055 9748 9845 9355 10185 9857 9594 9301 10245 10166 10205 10709 10935 10032 10125 9603 10432 9624 9935 10027 9789 10301 9501 10415 10004 9855 9900 9896 10050 9272 10550 10109 10039 9721 9767 10359 10374 9490 9984 10503 10465 9772 9749 9854 10510 9787 10092 9864 9952 10589 9976 10201 9994 10449 10215 9801 9903 10472 9960 10174 10278 10054 10595 10312 10814 10047 9892 10514 9546 10382 10132 10039 9401 10269 10092 9564 10351 9922 10219 10222 9995 10203 10494 9729 10683 10501 9952 9373 10281 9337 10350 9973 10257 9570 10161 9673 9737 10049 9876 9900 10269 10168 9929 9998 9758 9525 9652 10354 10348 10580 10170 10351 9896 10298 10248 9712 10314 10161 9760 10459 9723 10591 9975 10159 10188 9858 10542 9793 10197 10036 9894 9521 10296 9901 10234 10061 10078
9832 10339 10145 10785 9962 10584 10403 9671 10365 10081 9820 10881 10540 9880 10773 9621 10615 9098 10733 10571 10481 9651 10538 10652 10369 10439 10088 10075 10212 9638 11048 10873 10281 10698 10056 10202 10521 10074 10091 10536 9861 9988 10124 10035 10747 9481 9875 9989 10081 9505 10052 10145 10239 9457 9766 10126 10320 10190 9728 10374 10178 9598 10373 10982 10242 10163 10253 10153 10001 10650 11002 10167 10276 10054 10121 9722 10007 9843 9813 10635 10065 9965 10376 10051 10561 10035 9973 10534 10381 10403 9920 9523 9871 9748 10090 10160 10485 10236 9615 10263 9713 10402 10175 10482 10109 10101 10531 10277 10325 11157 9774 10445 10671 10875 9958 10298 9957 10263 10226 10420 9493 10280 10227 10889 10147 9720 9779 10410 10260 10232 9985 9718 9967 10376 10965 10412 10433 10418 10054 10742 10208 9971 10779 9732 10106 9970 10566 10773 10409 9536 9588 11073 9718 9821 10001 11067 10489 10049 10732 10520 10684 10495 9746 10137 10125 10227 10465 10404 10493 9989 10453 10449 10187 9941 10538 9776 10166 10025 10915 10455 11120 10435 10158 10985 9862 9972 10409 10918 10520 9694 9751 10180 10538 10749 9657 9634 10107 9415 10119 9594 10486 9702 9949 10291 10551 10474 10163 9513 9965 10255 10895 10444 9973 10010 9941 9748 10247 10740 9801 10030 10177 10264 10543 9783 10558 9711 9972 9989 10055 10166 10032 9785 10237 10347 10202 10023 10262 10300 10147 10325 10451 10033 10242 10924 9712 10322 10734 9737 10194 9979 9988 10322 9714 10141 10434 10135 10249 9825 10201 10790 9994 9933 9702 9371 9976 9815 9419 10590 10084 9661 9616 10494 9971 10581 10596 10766 10113 10072 9967 10490 10086 9982 10557 10893 10510 9483 10913 9727 9969 9902 9906 10006 9070 10658 10541 9991 10481 10383 10665 10446 10088 10323 10157 11111 10248 9454 10140 10110 9886 10719 9631 9962 10559 10112 10300 10165 10946 10366 10083 9648 10496 9691 10161 10608 10157 10539 10544 10631 10206 10195 10569 9825 10278 10470 9990 9930 10420 10417 10286 10156 10088 10432 10174 10314 10508 10798 9457 10573 10899 10015 9981 10333 9753 10111 10083 10027 10335 9966 9494 9806 9962 10316 9982 10211 10574 10237 10526 10246 9751 10153 10419 10752 10525 10015 10321 10157 10345 10394 9773 10536 10529 9980 10702 10010 10089 10293 9616 10807 10188 10358 10193 10431 10507 9630 9650 10668 9836 10246 10451 10954
9938 10301 10504 10490 10250 10332 10464 9544 10190 10198 10306 11192 10090 10138 10695 9541 10534 9555 10251 11129 10417 9639 10204 10513 10559 10240 10117 10256 10301 10155 10953 11175 10470 11009 10117 10665 10752 10301 10363 10664 10112 9930 10430 10310 11039 9929 9857 10577 10053 9781 10684 10064 10466 9903 10187 10494 10711 10032 10230 9849 10620 9607 10342 10844 10178 10037 10439 10117 10620 10641 10759 10322 10678 10002 10479 9727 9942 10252 9569 10502 10178 10425 10622 9999 10443 9807 9625 10716 10301 10259 10411 9663 10421 9988 10233 10300 10640 10263 9777 10088 9907 10384 10045 10115 10272 9923 10416 10614 10352 10810 9991 10634 10918 10833 10254 10118 10339 9844 9733 10366 9811 10712 10935 10680 10231 9760 9741 10900 10465 10307 10158 10065 9669 10146 11090 10495 10087 10602 10009 10457 9989 9901 11255 10016 10259 9934 10588 10762 10474 9791 10029 11144 9590 10266 10216 11620 10737 10267 10369 10802 10354 10012 10023 10913 10240 10337 10430 10732 10569 10057 10361 10700 9800 9962 10902 10125 10441 10253 10507 10077 11097 10356 10121 10772 10054 10181 10431 10909 10548 10356 10363 10344 10085 10892 9608 10035 9969 9956 10165 9559 10694 9878 10168 10088 10749 10722 10812 10074 10480 10359 11076 10562 9949 10474 9591 9732 10034 10569 10378 9640 9983 10163 10377 9592 10859 10194 10118 10499 10192 10507 10674 10045 10658 10344 10987 9903 10937 11122 10636 10070 10767 10232 10439 10910 9489 10441 10603 10158 10263 10361 9915 10367 10146 10302 10376 10281 9914 10020 10421 10862 10101 10297 10138 9645 10216 10527 9521 10641 10144 10067 9338 10726 10272 10748 11086 10523 10134 10102 9812 10337 10149 10082 10545 10693 10469 9883 10718 10235 10272 10295 9976 10268 9786 11033 10905 10721 10445 10422 10364 10532 10310 9944 10563 11215 10238 9782 9834 10167 9994 10408 9476 10197 10120 10127 10672 10201 10882 10286 9906 9996 10225 10145 10430 10658 10253 10845 10159 10634 10320 10035 10679 10057 10532 10532 10098 9990 10970 10403 10234 10463 10039 10707 10311 10579 10678 10468 9865 10602 10881 10164 10212 10528 9597 10391 10260 10450 9794 10509 9922 10113 10486 10794 10208 10628 10105 10351 9928 10346 9932 10084 10331 10355 10528 10291 10332 10074 10158 10879 9895 10623 10572 10233 10844 9901 10496 10710 10151 10470 9968 10601 10342 10291 10190 9476 10015 10745 10075 9930 10501 10607
9418 10367 9695 9808 9737 9854 10535 9298 9936 9896 9659 10831 10046 9222 9778 9210 9960 9060 10145 10149 9899 9402 9578 9697 10166 9902 9692 9731 9882 9625 10449 10179 9700 10533 10211 9851 10647 9594 9498 9834 9566 9624 9772 9684 9944 9429 9112 9607 9557 9091 9983 9662 9450 9194 9920 9641 9760 9384 9242 9514 10096 9374 10062 10554 9838 9744 9859 9364 9912 10068 10145 9588 9829 9581 10036 9673 9539 9589 9362 9829 9828 9902 9734 9615 10021 9548 9443 10132 9782 9930 9292 9282 9427 9402 9970 9433 9855 9716 9202 9845 9450 9853 9449 9911 9913 9759 10123 10006 9556 9931 9836 9916 9894 10091 9835 9407 9706 9245 9518 9993 9308 9870 9910 10508 9439 9179 9343 10382 9767 9755 9501 9103 9621 9563 10486 9979 9768 9845 10026 10179 9604 9579 10509 9763 9759 9368 10017 10811 9928 9502 9759 10784 9291 9776 9556 10651 10021 8995 9960 9994 10075 9963 9339 10063 9150 9409 9947 10432 10183 9362 10049 9980 9083 9306 10478 9550 9710 10130 10025 9769 10230 9524 9521 10788 9418 9623 10117 10489 10438 9546 9590 9668 9786 10060 9080 9464 9581 9417 9816 8888 10160 9287 9957 9748 9934 9983 10146 9733 9463 10132 10029 9841 9352 9540 9503 9420 9723 9941 9455 9783 9887 9924 9921 8870 10159 9619 9533 9586 9490 9942 9599 9378 9525 9472 10080 9673 9745 10161 9996 9489 9876 9351 9606 10583 9252 9583 9744 9728 9670 10032 9122 9660 9493 9896 9770 9965 9523 9284 9468 10271 9403 9303 9039 9260 9617 9865 9118 9954 9135 9958 9188 10097 9990 9881 10090 10332 9826 9824 9790 9875 9422 9393 9926 10097 10133 9195 10137 9643 9501 9769 9621 10112 9059 10311 10459 9786 9758 9411 9875 10509 9404 10129 9900 10574 9765 9398 9566 9919 9192 10090 9280 9640 9969 9787 10049 9790 10584 10082 9725 9787 9862 9477 9735 9844 9442 10124 9384 9892 10071 9745 9819 9656 9981 9951 10046 9266 10186 9668 9338 9679 9364 9884 10140 9948 9903 9985 9302 10299 10128 9406 9420 9996 9287 10337 10195 9781 9773 9880 9112 9468 10303 9886 9862 10196 9880 9561 9554 9491 9309 9465 10098 9858 9875 9882 9739 9863 10004 9932 9680 10044 10192 9388 10317 9472 9898 9823 9969 10218 9390 10055 9396 9908 9874 9288 9435 10142 9265 9776 9878 9815
9464 9583 9643 9695 9719 9519 9840 9350 9970 9461 9023 10590 9549 9199 9945 8912 10174 8368 9932 10112 9957 9228 9396 10122 9966 9552 9292 9743 9823 9788 10330 10433 9727 10010 9465 9878 10291 9188 9522 9945 9296 9254 9880 9759 9719 9485 8976 9657 9777 9538 10047 9724 9890 9176 9575 9893 10224 9490 9162 9130 9411 9131 9709 9914 9505 9707 10007 9449 9499 9820 10156 9489 9850 9420 9733 9380 9466 9346 9056 9584 9750 9104 9807 9786 9822 9251 9504 9966 9492 9917 9452 8871 9288 9097 9417 9354 10167 9753 9282 9767 9494 9611 9542 9867 9884 9334 9975 9383 9302 10065 9152 9991 10141 9822 9288 9817 9752 9160 9559 9803 9032 9595 9474 10411 8919 9168 9152 9920 9416 9381 9554 9239 9086 9293 10380 9697 9433 9846 9580 9675 9340 9057 10489 9576 9529 9373 9767 10315 9875 9365 9538 10367 8839 9140 9466 10203 9808 9518 9973 10230 9415 9857 9362 10025 9295 9450 9801 9799 10177 9298 9776 9957 9802 9445 9948 9019 9387 9886 9975 9347 10492 9452 10113 10028 9681 8884 9919 10138 10303 9412 9247 9673 10005 10104 9462 9220 9670 8849 9742 9414 9710 9212 9253 9526 10320 10082 9802 9547 9663 9712 9824 9823 9108 9466 9423 8954 9419 9655 9170 9891 9690 9798 9670 9157 10390 9876 9039 9269 9740 9441 9456 9309 9855 9940 9494 9897 9675 9862 9731 9326 9787 9078 9903 9762 9196 9707 9974 9531 9606 9912 9545 9426 9386 9250 9959 9292 9448 9610 9393 10472 9526 9496 9212 8882 9188 9921 8987 9864 9412 9276 9326 9835 9666 9480 10133 9750 9937 9284 9757 9860 8931 9754 9481 9965 10496 8887 9511 9331 9718 9570 9455 9550 8812 9944 9348 9302 9133 9909 9958 10141 9630 9519 9841 10402 9543 9439 9152 9750 9014 10243 8981 9724 9815 9527 9785 9881 10007 9530 9439 9100 9885 9129 9234 9502 9643 9898 9763 10061 9752 9549 9991 9402 9857 9815 9203 9292 10172 9419 9385 9950 9548 9737 10011 9582 9823 9921 8975 10048 9800 9571 9500 10174 8869 9997 9935 9605 9564 9532 9529 9455 9634 9619 9456 9218 9828 9530 10083 9461 8991 9629 9884 10225 10158 9943 9538 9599 9505 10009 9512 10069 10034 9081 10129 9375 9600 9457 9690 9826 9557 10456 9942 10185 9662 9310 8992 9804 9328 9454 9738 9696
9633 9935 9644 10344 9893 10089 10116 9558 10279 9804 9609 10991 10221 9808 10320 9860 10205 9224 10111 10244 10009 9739 10023 10198 10272 9966 10187 9921 9908 10022 10542 10691 9723 10697 10179 9996 10850 10212 10006 10437 9982 9711 10224 9886 10716 9433 9746 9513 10097 9548 10260 9856 10093 9574 9857 10153 10183 9871 9594 9827 10078 9676 10208 10696 9995 10441 10338 9888 9684 10073 10793 9816 10130 10272 10033 9591 10315 9841 9363 10508 10331 9810 10193 10032 10446 10038 9897 10260 10500 9982 9700 9307 9777 9771 9996 9789 10342 9898 9468 10143 9665 9746 9871 10185 9900 10142 10292 10328 9966 10682 9601 10405 10558 10756 9974 9704 10105 9647 9763 10163 9463 9927 10136 10649 9512 9325 9723 10381 9668 10209 10032 9763 9959 10042 11026 10087 10044 10405 10041 10320 10162 9683 10800 9564 10091 9933 10171 10889 10258 9884 9655 10672 9280 9915 10023 10885 10472 9737 10492 10604 10191 10202 9616 10283 9621 9783 10108 10157 10701 9813 10459 10438 9756 10284 10421 9457 10047 9978 10443 10210 10408 10276 9976 10796 9849 10145 10400 10711 10216 9792 9959 9881 10514 10712 9521 9680 10015 9705 10080 9676 10516 9496 9905 9694 10106 10381 10235 10162 10122 10084 10498 10773 9436 9884 9647 9832 10064 10141 9871 10033 9812 10221 9995 9495 10288 9336 9413 9836 9942 9834 9612 9753 9845 10187 10312 10278 10286 10109 10620 9649 10218 10022 10375 10578 9547 10029 9793 10085 9867 10315 9928 9899 9892 10134 10071 9971 9788 9887 9916 10855 10113 9998 9732 9182 10431 10512 9444 10297 9928 9501 9539 10473 10134 10358 10525 10644 10230 10166 9738 10495 9166 10370 10054 10272 10432 9207 10161 9858 9782 9925 10422 10354 9457 10877 10394 9627 10120 9968 9971 10769 10198 10031 10239 10645 10301 9725 9777 10260 9597 10370 9279 9980 10298 9552 10345 9930 10682 10294 10075 9424 10062 9828 9815 10432 9861 10603 9911 10576 9955 9850 10394 9515 9977 10389 9926 9393 9986 9680 9817 9984 9850 10129 10447 9827 10670 10216 9361 10468 10630 9602 9746 10466 9614 10410 10279 10070 9833 10470 9429 9933 9923 10096 10019 10284 9900 9927 10057 9966 9779 9989 10103 10646 10519 10082 10416 9999 9956 9979 9787 10573 10465 9798 10420 9987 10124 9936 10222 10537 9722 10657 9829 10334 9716 9418 9618 10227 9945 9984 10091 10590
9788 10223 10106 10147 9599 9977 10133 9381 9802 10106 9543 11051 9919 9758 9930 9309 10483 9180 10337 10795 10383 9697 10410 10175 10643 9842 9696 9956 10344 9947 10571 10458 9778 10387 9756 9985 10685 9685 9657 10369 9731 9866 10107 9766 10475 9808 9591 9522 9948 9598 10607 9750 10223 9539 10028 9666 10176 9707 9883 9612 10026 9649 9665 10885 10231 9824 10300 9762 9785 10626 10804 9674 10125 9476 9760 9791 10113 9702 9372 10407 9751 9751 10133 10188 10170 9837 9655 10040 9964 9882 9825 9456 10154 9493 10022 9760 10109 10289 9178 9736 9778 9879 9784 10365 9896 9724 10588 10235 9728 10475 9459 10222 10585 10465 9672 9951 10012 9645 9757 9886 9502 9967 9796 10259 10128 9538 9421 10252 9993 10036 9687 9866 10108 10082 10936 10203 10162 10123 10042 10205 9866 9808 11040 9463 10108 9945 10214 10808 10185 9536 9340 10778 9363 10374 9722 10719 10167 9915 10203 10853 9964 9856 9772 10255 9672 10056 10160 10159 10368 9664 9928 10151 9828 9954 10496 9641 10166 10340 10133 10187 10577 9695 10058 10967 9710 9973 10254 10286 10561 9613 9762 10225 10184 10718 9763 10203 10230 9099 9941 9463 10241 9453 10134 9722 10416 10655 10243 10017 10006 9740 10550 10153 9332 9755 9799 9988 10094 10181 9535 9799 10100 10256 10235 9352 10551 9594 9773 9722 10033 10172 9942 9673 9768 10114 10235 9755 10313 9839 10359 9905 9937 9886 10077 10382 9866 10103 9958 9816 10372 10047 9773 9719 10203 10017 10098 9888 9851 9786 9791 10788 9453 9893 9580 9676 9771 10222 9129 10079 9954 10021 9260 10390 10060 10100 10431 10515 9988 9944 9714 10311 9572 10119 10012 10102 9962 9220 10320 10134 9860 10138 9483 9943 9416 10245 10743 10210 10019 9862 10289 10258 9711 10019 10358 10721 9963 9564 9768 10019 9559 10212 9441 9907 10277 9773 10318 10123 10815 10528 10113 9820 9992 9738 10013 10251 10178 10377 9762 10693 9988 9738 10336 9542 10003 10376 10394 9632 10534 10124 9589 9827 10108 10576 9843 9933 10272 10009 9701 10583 10509 9613 9836 9938 9610 10346 10376 10091 9464 9942 9636 9818 10151 9991 10067 10179 9967 10181 9852 9676 9321 9836 10505 10315 10239 10010 10071 10247 10008 10231 9680 10452 10219 9352 10613 9693 10408 10037 9882 10010 9957 10400 9875 10054 9929 9680 9495 10343 9543 9652 10204 10481
9494 9932 9988 10193 10248 9722 10427 9827 10061 10019 9538 10929 10073 9889 9920 9683 10313 9202 10238 10557 9915 9548 10265 10034 10320 9718 9805 10427 10243 10023 10448 10581 10131 10485 10085 10249 10366 10227 10110 10504 9450 9871 10397 9965 10678 9801 9335 9737 10351 9393 10448 10005 10375 9292 9984 9915 9970 9821 9552 9453 10045 9286 10086 10678 10102 10210 10458 9963 10277 10084 10463 9708 10256 10131 10296 9678 10223 9615 9285 9895 9894 10126 10284 9943 10509 10054 9663 10076 10301 9964 9429 9837 10057 9592 10343 9609 10532 10244 9852 10235 10081 10164 9383 10028 10561 9729 10685 10262 9723 10386 9905 10262 10724 10267 9981 10042 10456 9930 9863 9975 9770 10054 9989 10584 9600 9428 9541 10437 10157 10239 10011 10013 9708 9796 10744 10317 10142 10416 10310 10544 9931 9394 10495 9736 10325 9778 10450 10511 9878 9758 9739 10664 9314 10301 9788 10800 9597 10338 10126 10820 9817 10124 9587 10443 9619 9984 10154 10574 10512 9847 10037 10304 10004 9635 10430 9613 9728 10098 10391 9772 10953 10448 10122 10718 9589 9809 10531 10768 10268 9903 9935 10457 10448 10753 9614 10168 10177 9286 10395 9664 10111 9578 10017 9935 10584 10274 10293 10027 9859 10267 10437 10365 9569 10228 9511 10055 9867 10359 9926 9888 9981 9535 10310 9491 10362 9800 9675 9947 10038 9752 9984 9718 10284 10180 10600 10251 10415 10151 10330 9821 9993 9627 10223 10509 9366 10188 10453 9931 9895 10211 9779 9714 9857 9733 10458 9575 9986 9787 10180 10899 10083 9715 9791 9351 9508 9978 9621 9884 9873 9655 9091 10307 10417 10458 10085 10820 10212 9826 10191 10183 9541 9974 10282 10142 10434 9493 9963 9798 10104 10136 9572 9980 9577 10675 10262 9987 9763 9986 10149 10585 10009 10227 10351 10658 9823 9885 9655 9912 9795 10470 9139 9843 9847 9660 10102 10073 10119 10147 9886 9585 9930 9632 10199 10559 9924 10543 9782 10348 10320 10555 10601 10021 10442 10108 10156 9897 10577 9735 9882 10235 10044 10015 10170 10208 10137 10807 9182 10231 10515 9957 9870 10217 9723 10236 9983 10386 9825 10275 9642 10035 10578 9777 10242 10181 10190 10006 9805 9769 9438 10120 10508 10066 10469 10241 10067 9803 9858 10298 9784 10734 9974 9639 10956 9944 10478 9982 10441 10032 9927 10455 9807 9880 10027 9425 9423 10006 9768 9785 10141 10208
9824 9391 9310 9760 9568 9509 10286 9330 9816 9360 9239 10913 9889 9235 9785 8996 9363 8939 9590 10368 9393 9303 9224 10026 10199 9263 9993 9619 9257 10134 9987 10256 9666 10377 9410 9371 10225 9780 9860 9971 9514 9539 9555 9730 9845 9748 9351 9130 9806 9502 9477 9686 9815 9272 9584 9935 10073 9208 9297 9397 9665 9116 9933 10173 9509 9841 9597 9758 9839 9503 10241 9166 9664 9497 9566 9270 9685 9436 8928 9880 9690 9648 9966 9510 9667 9541 9459 10092 9827 9901 9419 8929 9311 9342 9635 9303 10160 9554 9370 9908 9281 9649 9106 9606 9989 9809 10301 9890 9034 10202 9404 9674 10121 10006 9590 9249 9664 9414 9192 9526 9573 9401 9936 10038 9430 8755 9553 9966 9336 9764 9429 9532 9334 9527 10197 9551 9464 9554 9653 9373 9396 9432 10450 9109 9931 9727 9851 10309 9489 9435 9851 10354 9094 9437 9862 10694 9673 9224 9704 10472 9492 9923 9306 9724 9231 9647 9596 9918 10306 9272 9560 9854 9718 9714 9986 9530 9282 10112 9859 9217 10197 9604 9696 10412 8806 9361 10099 10159 10419 9584 9163 9562 9576 10427 9445 9509 9186 8832 9714 8974 9625 9197 9980 9323 9831 10625 9685 9722 9694 9609 10012 10520 9174 9752 9221 9392 9627 9871 9415 9526 9653 9867 9637 8556 9764 9467 9439 9306 9178 9375 9929 9641 9861 9978 9890 9390 10109 10280 10207 9523 9972 9395 9897 10237 9476 9319 9838 9883 9374 9537 9590 9858 9673 9515 9698 9438 9448 9600 9832 10279 9911 9334 9446 8878 9732 10206 9060 9732 9320 9660 9254 9849 9313 9848 9960 9993 9790 9627 9582 9786 9327 9329 9570 9947 10135 8958 10380 9695 9739 9549 9525 9856 9038 10634 9985 9435 9540 9722 9956 9928 9555 9845 10206 9865 9493 9422 9372 9783 9163 10162 9142 9694 9846 9534 9847 9486 10444 10098 9433 9187 9864 9573 9618 9791 9665 10009 9585 9575 9546 9393 10107 9372 9985 10017 9354 9451 10160 9505 9288 9887 9673 9878 9762 9759 9537 10143 8763 9698 10154 9409 9182 10134 8998 10256 9715 9547 9154 9828 9448 9486 9864 9675 9768 9664 9964 9199 9922 9246 8756 9666 9875 9702 9939 9881 9670 9806 9655 10125 9148 10270 9624 9360 10125 8915 9993 9406 9793 9819 9412 9740 9303 9933 9957 9194 9278 9924 9384 9660 9852 9883
9937 10461 10392 9949 9474 10361 10331 9409 10454 9981 9402 11498 10164 9791 10293 9156 10554 9303 10093 10852 10139 9742 10117 9826 10405 10166 10002 9550 10181 10428 10496 10487 9847 10806 9852 9988 10794 10085 10205 10445 9848 9685 9811 9995 10342 9715 9629 10082 10320 9751 9993 9857 10404 9337 9658 9922 10252 10109 9310 9994 10499 9404 10136 10853 9709 9614 9917 10018 10186 10545 10952 9821 10284 10057 9997 9665 10384 9783 9202 10090 9976 10326 10371 10270 10271 9753 9670 10424 10055 9531 9766 9644 9755 9903 9833 9962 9959 10118 9323 10036 9838 9743 9868 10200 10189 9985 10716 10332 9874 10369 9337 10142 10399 10773 10178 9886 10266 9894 10042 10002 9237 10163 10792 10865 9843 9504 9554 9965 9733 10211 10006 10026 9809 10022 10851 10448 10476 10597 10080 10070 9902 9618 10600 9593 9878 9788 10161 10263 10034 9888 9689 10952 9261 9972 9732 11203 10474 9596 10104 10572 10431 10165 9615 10331 9945 9809 10002 10488 10301 9509 9885 10391 10007 9807 10538 9744 10165 10497 10546 10347 10517 10212 10222 11110 9662 9782 10256 10437 10547 9750 9961 10129 9893 10631 9699 10042 9867 9529 10081 9397 10246 9376 9954 9771 10562 10249 10713 9815 10151 10302 10463 10397 9730 10274 9480 9513 9818 10590 9685 10166 9715 10536 10408 9537 10203 9747 10058 9891 9861 10107 10317 9815 10089 10119 10424 10068 10507 10218 10508 10095 10500 9910 10005 10742 9400 10214 9970 9890 10477 9936 9975 9741 10052 9897 10282 9791 9756 9811 9902 10671 9757 10140 9945 9097 9972 9942 9673 10221 9943 10005 9190 10199 9605 10417 10236 10543 9864 10143 9778 10359 9515 9548 10410 10471 10714 9387 10395 10006 9961 9988 9849 10053 9287 10244 10108 10384 9707 9774 10134 10554 9771 10041 10617 10270 9834 9721 9799 10118 9961 10465 9585 9926 10688 10123 10081 10082 10843 10257 10158 9680 9705 9627 10017 9896 10215 10286 10166 10106 9992 9758 10468 9881 10214 10078 9996 9651 10297 10101 9594 10256 9665 10060 10305 10198 10300 10562 9457 10180 10636 9996 9557 10219 9580 10463 9997 10365 9794 10083 9739 9600 10131 10183 9923 10188 10248 10540 10140 9854 9507 9925 10450 10252 10392 9979 9824 10175 10187 10584 9849 10870 10083 9665 10666 9705 10136 10279 9975 10323 10098 10772 9928 9869 9807 9501 9803 10047 9995 10044 10460 10558
9458 9746 9440 9214 9554 9401 9754 8644 9952 9176 8927 9831 9638 8832 9106 8583 9828 8529 9562 9997 9742 8871 9505 9709 9663 9487 9485 9321 9479 9553 9770 9898 9285 10015 9865 9218 9703 9360 9192 10051 9241 9522 9608 9565 9771 9625 8653 9079 9435 8848 9685 9397 9231 8527 9312 9851 9595 9218 9178 9039 9413 8924 9369 9806 9116 9278 9214 9312 9374 9557 9766 9276 9678 9173 9081 8999 9433 9064 9123 9956 9279 8934 9927 9007 9920 9708 8968 9668 9637 9550 9166 8547 9407 9394 9843 9033 9421 9464 8443 9187 9407 9327 9480 9423 9251 9052 9396 9375 9368 9872 8962 9877 9566 9738 9514 9158 9415 9162 9196 9532 8923 9582 9595 9871 9340 8675 8959 9687 9011 8994 9522 9256 8879 9540 10177 9192 9772 9241 9373 9568 9553 8910 10078 8843 9475 9142 9998 9692 9385 9327 9030 10158 9074 9033 9477 10019 9814 8941 9648 9853 9224 9533 8829 9682 9076 9169 9571 9406 9736 9004 9242 9599 9307 8988 9697 8852 9048 9683 9777 9229 10287 9215 9530 10046 9189 9228 9732 10018 10082 9137 8593 9601 9311 9940 8832 9105 9404 8722 9433 8867 9896 8940 9604 9097 9467 9832 9126 9152 8988 9186 9755 9891 8754 9188 8671 9163 9298 9718 8986 9656 9373 9419 9259 8682 10143 8884 9158 9528 9023 9299 9440 8922 9477 9507 9547 9330 9510 10062 9544 9315 9998 8935 9359 10179 8970 9107 9360 9096 9674 9770 9361 9198 9064 9469 9616 9339 8975 9029 9270 10191 9112 9239 8943 8867 9258 9491 9045 9647 9577 9067 8637 9871 9463 9198 9717 9815 9438 9320 9074 9349 8995 9577 9823 9460 9608 8839 9784 9257 9257 9544 8993 9144 8983 9267 9739 9550 9119 9223 9309 9805 9429 9434 9503 10034 9219 8861 9127 9376 8859 9754 9097 9316 9695 9194 9298 9548 9636 9994 9525 9090 9524 9538 9056 9424 9059 9535 9053 9323 9467 9210 9737 8994 9591 9082 9453 9311 10040 9288 9016 9310 9278 9166 9791 9390 9705 9635 9028 9281 9947 8995 8996 9667 8681 9702 9307 9331 9420 9319 9197 9543 9406 9350 9011 9217 9438 9263 9533 9574 8794 9090 9633 10088 9593 9245 9643 9272 9468 9508 8946 9531 9480 9148 9839 8786 9716 9646 9517 9479 8938 9758 9579 9785 9615 8986 8950 9207 8940 9138 9494 9305
10139 10419 9880 10119 10163 10149 10897 9453 10661 10075 10033 11207 10166 9724 10342 9709 10717 8866 10385 10621 10439 9642 9713 10235 10492 9791 10288 9854 9987 10206 10775 10703 9910 10677 9984 10217 10522 10215 10046 10731 9732 9888 10442 10277 10418 9749 9366 9890 10283 9413 10599 10062 10338 9703 10311 10367 10473 9774 9805 9898 9990 9474 10412 10801 9855 9736 10123 9806 10032 10417 10702 10154 10195 9633 10234 9841 10352 9910 9278 10638 9989 9809 10396 10069 10480 10127 9927 10300 10299 10061 9895 9155 10360 9797 10306 9620 10198 10344 9775 10251 9889 10143 9866 10668 10444 10135 10853 10183 9957 10367 10193 10534 10555 10593 9925 9908 10230 9798 10159 10280 10014 9883 10196 10299 10021 9792 9642 10859 9869 10013 9956 9527 9973 9941 11024 10465 10615 10545 10230 10300 10166 9815 10427 9735 10196 9897 10319 10573 9818 9950 9761 10836 9830 10052 10038 10907 10186 9726 10474 11019 10065 10023 9710 10649 9581 9941 10198 10557 10521 9663 10546 10278 9840 10235 10643 9814 10151 10438 10412 10294 10812 10161 10137 10918 9877 9567 10408 10667 10757 10292 9906 10177 10305 10639 9649 9807 10365 9550 10481 9348 10746 9458 9650 10219 10527 10712 10046 10068 9731 10031 10683 10171 9826 10114 9534 10224 9959 10634 9954 9942 10102 10387 10158 9458 10386 9479 9840 9901 10228 9758 9737 9722 10018 10429 10476 10118 10711 10700 10633 9369 10527 9875 10470 10479 9419 10645 10555 9970 10022 10306 10039 9867 10140 10352 10721 10289 9791 9748 10017 10632 10010 9714 9825 9388 10110 10194 9563 10400 10045 10075 9504 10599 10470 10371 10422 10394 10359 10062 10139 10454 9716 9970 9964 10086 10951 9644 9996 9693 10042 10110 9826 10345 9478 10893 10583 10140 10360 10012 10302 10333 10688 9810 10411 10650 10176 10007 9375 9700 10021 10426 9302 10199 9979 10135 10576 10082 10854 10760 9978 9290 10367 9696 9889 10178 10040 10727 10271 10382 10002 10561 10609 9998 9984 10196 10590 10016 10511 9915 10017 10301 9949 10186 10482 10180 10146 10180 9152 10338 10735 9967 10011 10232 10139 10577 10345 9902 10066 10253 9412 10079 10651 10165 10300 10454 10260 10221 10143 10016 9576 10096 10248 10302 10568 9795 10047 9969 9862 10218 9828 10891 10097 9916 10766 9913 10451 10101 10204 10382 9597 10169 9824 10523 10003 9797 9356 10601 9624 10336 10330 10318
9997 10397 10455 10303 10330 10540 11020 10073 10527 10599 10148 11540 10393 10009 10714 9760 10824 9558 10851 10843 10643 9857 10159 10729 11040 10344 10682 10120 10221 10732 10790 10948 10295 11416 10831 10555 11165 10467 10666 10753 10309 10628 10750 10296 10782 9980 10217 10373 10553 9732 11030 10425 10716 10042 10252 10293 10802 10087 9975 10477 10916 10049 10640 11238 10076 10420 10470 9939 10503 10970 11091 10120 10234 10395 10628 9866 10387 9829 10032 10665 10361 10314 10463 10583 10868 10410 10071 10823 10689 10614 9966 9829 10551 10113 10328 9940 10451 10636 10192 10659 10325 10820 10399 10690 10697 10107 10827 10725 10675 11031 9742 10911 10785 11061 10142 10277 10568 9802 10226 10664 10135 10433 10026 11061 10320 10225 9897 10535 10555 10550 10328 10053 10289 10656 11259 10481 10873 10395 10761 10698 10366 10044 11550 10221 10899 10579 11063 10896 10611 9791 10157 11110 9921 10513 10483 10891 10735 10129 10798 11222 10825 10611 9959 10725 10355 10591 10791 10857 11357 10255 10478 10922 10268 10312 10891 10255 10224 10574 10697 10148 11514 10463 10511 11394 9954 10355 10948 11000 11058 10524 10315 10849 10902 10786 10301 10583 10400 9820 10730 9916 10809 10093 10193 10152 10996 10927 10473 10098 10130 10648 10949 10916 10133 10525 10200 10524 10613 10417 9885 10372 10925 10470 10362 9799 10582 10445 10548 9839 10539 10686 10454 9939 10146 10535 10864 10665 10727 11120 11037 10133 10559 10238 10754 10962 9875 10573 10532 10527 10679 10829 10325 10456 10555 10342 10512 10486 10290 10366 10463 11257 10213 10387 10336 9829 10255 10653 9978 10422 10619 10535 9894 10915 10645 10291 10639 11346 10544 10326 10468 10710 10124 10190 10718 10084 10832 9677 10826 10422 10602 10644 10373 10221 9899 11065 11036 10301 10500 10388 10621 10858 10123 10274 10337 10957 10312 10203 10165 10663 10274 10922 9561 10156 10872 10342 10909 10221 11002 10828 10452 10073 10703 10441 10031 10920 10567 10810 10369 10532 10515 10374 10867 10022 10974 10535 10442 9713 10971 10577 10119 10442 10430 10392 10699 10503 10468 11036 9941 10651 10911 10516 10086 10534 10242 11205 10771 10051 10329 10643 9805 10345 10848 9971 10717 10526 10570 10363 10551 9860 10027 10722 10624 11204 10227 10404 10697 10423 10504 10951 10338 10495 10508 10277 10761 10223 10747 10683 10747 10902 10190 11058 10654 10491 10523 10264 10207 10565 9880 10402 10806 10652
8899 9620 9397 9867 10132 9513 9885 8954 9078 9692 9352 10862 9769 9223 10226 8952 9804 8843 9335 10089 9391 9036 9480 9678 10015 9677 9390 9321 9144 9168 9978 10032 9416 10198 9264 9275 9810 9494 9225 9927 9044 9365 9822 9815 9819 9060 9288 8916 9660 9253 10011 9182 9342 9317 8828 9170 9657 9172 9215 9644 9758 9256 9496 10431 9509 9240 9512 9613 9796 9738 9888 9133 9925 9255 9583 9159 9467 9036 9281 9832 9478 9175 9833 9407 10220 9025 9386 9813 9792 9505 9378 9123 9456 8997 9321 9461 10023 9525 9067 9599 9236 9607 9135 9587 9686 9587 10163 9752 9480 10074 9220 9869 10116 9979 9481 9248 9858 9106 9270 9612 8789 9617 9570 9973 9582 9127 8974 10194 9442 9479 9094 9391 9262 9382 10059 9754 9410 9675 9726 9671 9329 9408 10225 9625 9424 9486 9707 10115 9874 9437 9411 10252 9019 9718 9565 10458 10093 9620 9999 10090 9224 9503 9358 9505 9433 9422 9630 9773 10026 9345 9560 9636 9477 9684 10054 9028 9300 9794 9835 9820 10503 9562 9766 10241 9212 9259 9934 10066 9668 9146 9335 9418 9528 10028 9128 9163 9702 8463 9105 8987 9855 8809 9517 9277 10246 10009 9842 9319 9266 9333 9895 10174 8787 9491 9537 9256 9069 9678 9385 9497 9787 9855 9723 9041 9611 9581 8809 9179 9505 9257 9732 9125 9605 9579 9770 9101 9561 9939 9870 8849 9393 9314 9281 10224 9165 9424 9410 9769 9290 10152 9683 9482 9507 9261 9409 9316 9263 9469 9503 10240 9714 9145 9359 9029 9621 9598 8908 9516 9555 9421 8854 10122 9720 9592 9964 9972 9665 9630 9316 9017 9294 9488 9418 9683 10106 8778 9761 9651 9413 9703 9452 9787 8989 10535 9827 9528 9794 9292 9474 9851 9359 9175 9695 10314 9530 9154 9318 10120 9260 10045 8635 10009 10369 9261 9538 9644 10202 9632 9418 8878 9962 9777 9303 10036 9513 9723 9723 9896 9528 9113 9837 9672 9605 9700 9667 8976 10042 9220 9568 9713 9231 9634 9635 9354 9885 9695 9407 9826 10061 9056 9680 10047 8929 10138 9802 9540 9003 9747 9699 8944 9639 9922 9534 9920 9511 9379 9547 9320 9110 9187 9868 9498 9809 9632 9700 9435 9679 9715 8944 9679 10135 9442 9896 9352 9603 9251 9894 9635 9431 10113 9079 9685 9305 8865 9206 9770 9242 9325 9621 9844
9883 10218 9716 9784 10194 10045 10283 9651 9914 9860 9612 11239 9899 9788 10284 9264 10142 9016 10115 10413 10205 9515 9692 10130 10470 10002 9837 9984 9569 9695 10229 10620 9712 11030 10288 9938 10524 10216 9916 10397 9792 9889 10417 10255 10207 9821 9225 9758 9789 9595 10296 9838 10269 9757 9879 9934 10565 9797 9621 9404 10099 9202 10097 11357 10132 9926 9902 9602 10238 10222 10667 9538 10162 9692 10157 9536 10235 9882 9512 10275 10059 9611 9963 10025 10313 10224 9826 10226 10385 10164 9676 9374 9935 9610 10321 9499 10199 9956 9622 10275 9721 9982 10142 10170 10365 10090 10327 10231 9781 10461 9831 10488 10602 10468 9608 9936 10145 9555 9406 10297 9175 9895 10290 10486 9834 9415 9939 10612 10110 9971 9611 9627 9722 9893 10569 10177 9575 10203 9918 10188 10001 9994 10635 9633 10017 10022 10383 10685 10022 9885 9661 10425 9517 9830 10446 10849 10205 9635 10265 10868 9957 10327 9641 10420 9275 9833 9958 10124 10451 9792 10097 10322 9901 9681 10480 9603 10013 10417 9983 10147 11010 9919 9888 10834 9403 9816 10455 10383 10827 9903 9743 10200 10326 10395 9837 9949 9956 9588 10043 9475 10281 9807 9883 9977 10075 10736 10060 10172 9868 9958 10572 10283 9336 9878 9546 9764 10151 10402 9577 9840 9951 10094 10014 9459 10427 9727 9934 9491 9915 10120 9994 10108 10118 10589 10128 9930 10508 10361 10665 9840 10400 9911 10028 10381 9648 10092 10106 10009 10089 10212 9939 9767 10542 10166 9938 10154 9631 9709 9596 10637 9815 9821 9972 9178 10116 10301 9685 9563 9901 10010 9477 10648 10089 10050 10410 10808 10326 9827 9829 10338 9811 9693 10083 10165 10402 9495 10076 9951 9500 10246 9632 9870 9445 10561 10043 10165 9685 10062 10207 10344 9947 10098 10222 10655 9731 10050 9618 9817 9992 10623 9429 10112 9989 9937 10532 10019 10592 10301 9693 9268 10628 9688 10084 10105 9607 10028 10376 10150 9915 10113 10240 9839 10174 10268 10013 9446 10587 9794 9723 10179 9893 10242 10343 10204 10239 10372 9135 10560 10561 9791 9820 10214 9439 10676 10708 9956 9563 10154 9542 9913 10395 9849 10155 9787 9852 9805 9873 9770 9252 10161 10027 10560 10170 9862 10121 10156 9746 10518 9578 10623 10011 9581 10427 9813 10552 9763 10306 10365 9735 10453 9838 10056 10047 9801 9596 10619 9690 10110 9949 10189
9767 10149 9980 10555 9788 9738 10127 9711 9982 9816 9426 10828 10010 9413 9805 9199 10069 9201 9875 10429 10078 9264 10193 10136 9969 10164 9901 9612 9761 9672 10635 10646 9710 10633 10043 9500 10058 10046 9776 10214 9712 9803 10357 9952 10164 9434 9685 9558 10192 9404 10388 9502 10156 9139 9757 10033 10345 9388 9644 9693 9869 9225 10122 10545 9634 9468 9664 9825 10319 10283 10416 9776 10226 9892 10155 9395 9584 9742 9475 9977 9786 9842 10396 9864 10210 9652 9737 10359 9688 9811 9707 9183 9729 9360 9808 9120 10486 9970 9599 9875 9737 9988 9786 9948 10217 9357 10488 9945 9947 10596 9674 10195 10058 10253 9925 10028 9925 9816 9697 9851 9621 9788 10025 10534 9290 8901 9374 10147 9982 9969 9481 9639 9605 9916 10383 10104 10066 9847 10050 9974 9557 9492 10812 9840 10206 9545 10163 10589 9741 9442 9619 10715 9385 10194 9835 10757 9885 9683 10027 10878 9955 10074 9338 10082 9765 9839 10113 10415 10673 9534 9766 10624 9672 9550 10190 9988 9692 9785 10041 9443 10455 9755 9717 10759 9791 9932 10220 10452 10310 9813 9380 10203 10184 10635 9620 9527 9699 9123 9829 9414 9630 9448 9901 9667 10158 10222 9982 9631 9956 10151 10341 10404 9657 9972 9515 9303 9319 9878 9878 10140 10192 10066 9740 9402 10175 9805 9688 9580 9719 9720 10135 9369 9933 10337 10150 9707 10169 10249 10109 9771 9814 9704 10069 10458 9526 9818 10190 10111 9576 10043 9675 9859 9825 9654 9935 9941 9941 9647 10069 10555 9865 9821 9809 9286 9868 9875 9408 9766 9465 9721 9438 10246 10209 10128 10272 10557 10059 9880 9743 9865 9732 9759 9774 10001 10154 9304 10026 9564 9764 9918 9982 9626 9264 10676 10198 9801 9987 9321 9935 10140 9685 10144 10319 10652 9704 9659 9749 9936 9482 9864 9231 9954 9965 9873 9838 10036 10583 10242 9976 9534 10088 9410 9454 9900 10221 10555 10109 10187 10239 10030 10139 9841 9917 10401 9913 9379 10490 9667 9579 10135 9621 10057 9825 9836 10303 10313 9349 10287 10598 9647 9600 10282 9511 10478 9850 9700 9196 9861 9956 9575 10325 9694 9865 9770 9743 10029 9877 9734 9269 9904 10435 10411 10538 9916 9941 9892 10051 10092 9623 10060 10104 9587 10385 9503 10146 9865 9951 9924 9550 10223 9677 10043 9971 9252 9607 9871 9481 9702 10065 10323
9505 9987 9974 10193 10168 9885 10398 9766 10237 10090 9870 10966 10710 9621 10277 9264 10421 8974 10256 10281 10207 9470 9817 10325 10458 10358 10427 9795 10233 9991 10644 10270 10062 10543 10530 10164 10179 9895 10144 10906 9840 10121 10141 9912 10606 9548 9076 9893 10107 9333 10311 9420 10238 9604 9692 10123 10285 9873 9689 9788 10041 9247 10209 10727 9740 10100 10079 9809 10350 10247 10504 9806 10136 10125 10547 9646 10023 9538 9515 10214 10100 10172 10157 9858 10534 10105 9584 10126 10241 10199 9893 9370 10411 9807 10493 9679 10137 10189 9754 10291 9621 9822 9990 10349 10190 9695 10136 10675 9809 10586 9198 10896 10626 10638 9900 10106 10167 9951 10135 10526 9975 10133 10381 10572 10283 9677 9690 10619 10103 10097 9894 9658 9670 9878 10961 9978 10116 10187 10053 9871 9875 9835 10591 9955 10449 9974 10399 10848 10122 9486 9724 10958 9700 10148 10267 10940 10162 9634 10340 11015 9912 10071 9753 10429 9722 10062 9921 10593 10493 9711 10185 10387 9546 9873 10663 9455 9975 9963 10093 10103 10669 9946 9957 10782 9646 9793 10373 10795 10651 9747 10262 10034 10214 10793 9915 9635 10048 9610 9911 9592 10636 9635 9470 9899 10567 10309 9958 9763 9865 9807 10850 10473 9615 9975 9649 9853 9867 9988 9824 9827 10182 10360 10132 9568 10659 9898 10016 9776 10283 10138 9786 9998 10161 10466 10479 9958 10421 10515 10406 9978 10351 9945 10256 10733 9071 9999 10244 10030 10147 10132 9574 9747 10006 10154 10335 9841 9822 9534 10182 10657 9725 10214 9870 9266 9782 10347 9542 10111 9933 10098 9525 10437 10380 10321 10457 10367 10203 9919 10178 9805 9772 9832 10058 10596 10500 9823 10164 9982 9671 10184 10140 9995 9402 10816 10268 10338 9708 9935 10168 10345 10108 9726 10045 11109 10550 9879 10061 10358 10125 10280 9302 10215 10194 9793 10346 10198 10443 9984 9885 9905 10522 9899 10075 10080 9974 10445 9757 10444 9935 10111 10709 9953 10086 9915 10355 10269 10228 9578 9933 10207 10047 9862 10005 9885 10079 10591 9591 10275 10629 10214 10047 10613 9504 10834 10249 10155 9647 10201 9964 9934 10247 10377 10053 10060 10129 10198 10078 9903 9513 10009 9861 10271 10583 9925 10057 9842 10192 10351 9768 10346 10413 9776 10922 9658 10349 10242 9887 10376 9698 10022 9884 10374 10075 9769 9757 10321 10215 10020 10242 10261
9254 9686 9317 9857 9575 9830 10339 9132 9609 9312 8926 10572 9253 9409 9996 9103 9735 9028 9876 10475 9796 9506 9512 9811 9999 9561 9915 9752 10004 9967 10257 10129 9761 10586 9908 9418 10083 9365 9946 10103 9740 9750 10206 9235 9915 9202 9040 9508 9741 9175 10017 9589 10033 9120 9969 9667 9923 9703 9280 9254 9798 9390 9989 10592 9670 10009 10099 9495 9753 10128 10540 9496 9585 9369 9389 9268 9993 9788 9089 9810 9319 9512 10087 10020 9898 9066 9357 9957 10122 9833 9396 9022 9388 9472 9985 9439 10166 9949 9474 10123 9592 9989 9254 9845 9933 9376 10344 10164 9305 10038 9215 9776 10221 10436 9966 9626 10113 9517 9429 9962 9104 9656 9642 10286 9450 9463 9421 10281 9580 9880 9760 9630 9272 9791 10531 9542 9849 9933 10151 9875 9793 9348 10271 9507 9752 9575 10419 10375 9919 9277 9210 10312 9649 9819 9805 10065 9779 9739 9873 10576 9665 9754 9632 10241 9508 9615 9773 10113 10346 10024 10054 9971 9718 9664 10227 9313 9924 10247 9892 9482 10291 9605 10019 10589 9558 9677 10370 10401 10151 9457 9585 9699 9946 10247 9157 9616 9021 9331 9757 9369 10139 9139 9403 9687 9920 10121 9668 9832 9728 9796 10318 10084 9287 9733 9189 9358 9719 10234 9513 9727 9484 9775 9723 9070 9930 9513 9199 9154 9811 9660 9489 9398 9731 9909 10478 9874 10293 9907 10265 9810 9487 9570 9439 10076 8975 9606 10155 9852 9451 9927 9657 9848 9915 9852 9816 9504 9131 9311 9605 10635 9542 9493 9679 9092 9644 9751 9029 10343 9390 9459 9417 10004 9691 9584 10031 10799 9943 9940 9385 9836 9117 9481 9442 9516 9945 9080 10329 9510 9605 9608 9863 10099 9516 10346 10502 9908 9639 9775 9930 10384 9840 10143 9917 10455 9707 9545 9669 9777 9122 9874 9230 9815 9576 9522 10133 10125 10146 10328 9402 9486 10191 9610 9436 10039 9994 10254 9759 10044 9614 9865 10146 9438 9964 9765 9802 9095 10473 9894 9362 9594 9492 9830 10102 9532 9661 9884 9478 10093 10277 9376 9138 9738 9486 9843 9665 9686 9639 9669 9371 9656 9800 9303 9586 9677 10071 9603 9751 9619 9127 9691 9830 10196 10106 9816 9933 9883 10103 9860 9812 10120 9707 9276 10302 9489 9745 9995 10013 10035 9488 10136 9594 10375 9463 9431 9286 10554 9263 10010 10012 9957
9578 10026 9543 9898 9572 9810 9741 9018 9839 9439 9415 10398 10035 9290 9955 8816 9998 8834 9887 10278 9861 9073 9603 9685 9655 9469 9709 9686 9431 9484 10219 10014 9386 10283 9731 9581 10244 9543 9589 9996 9258 9736 9828 9678 9909 8952 8600 9506 9514 9202 9914 9281 9568 9341 9483 9987 9433 9491 9221 9744 9628 8845 9887 10472 9696 9461 9613 9449 9720 9991 9932 9160 9433 9118 9747 9145 9718 9181 9070 9877 9392 9282 9867 9674 9711 9223 9239 9766 9441 10039 9422 8834 9762 9398 9689 9270 9820 9747 9045 9622 9383 9488 9524 9549 9661 8972 10320 10013 9709 9875 9330 9932 10299 10205 9508 9372 9901 9417 9877 9792 9115 9504 9933 9946 9236 9328 9173 9794 9595 9500 9343 9451 9151 9448 10557 9502 9918 9754 9862 9868 9329 9426 10406 9214 9727 9431 9997 10189 9624 9455 9126 10057 9140 9359 9779 10159 10112 8865 9767 10437 9702 9474 9169 9445 9164 9217 9596 9930 10103 9639 9520 9784 9316 9379 10142 9287 9551 9824 9874 9752 10253 9686 9834 10405 9132 9877 9937 10163 10032 9407 9180 9806 9613 10444 9042 9543 9343 9222 9801 8833 10109 9138 9930 9507 9964 10314 9898 9483 9547 9601 10111 9650 9114 9067 9258 9167 9525 9953 9264 10043 9616 9965 9747 8773 10270 9273 9193 9520 9551 9455 9744 9630 9616 9644 10448 9536 9879 9975 10131 9438 9874 9415 9728 10120 9580 10000 10016 9502 9640 9721 9333 9478 9709 9945 9639 9711 9332 9447 9605 10023 9380 9456 9490 8771 9615 9607 9118 9875 9583 9398 8870 10165 9461 9815 9848 10009 9703 9789 9177 9588 9416 9468 9515 9936 9999 9066 10005 9409 9589 9452 9308 9753 8788 10671 9998 9750 9366 9195 9491 10152 9868 9613 9785 10286 9769 9543 9711 9525 9444 9848 9035 9688 9494 9256 9879 9458 10341 10092 9668 9476 9690 9581 9453 9456 9691 9992 9756 10500 9658 9507 9887 9469 9394 9854 9684 9080 10122 9815 9334 9455 9507 9690 10102 9817 9863 9880 9147 9804 10277 9318 9340 10128 9380 10146 9441 9574 9513 9750 8992 9506 10095 9783 9420 9823 9864 9768 9637 9788 9124 9402 9477 9907 10044 9860 9940 9422 9728 9847 9463 9976 10212 9418 10040 9307 9914 9913 9662 9737 9012 10095 9318 9901 9389 9230 9463 10134 9427 9863 10070 10084
9717 10108 9891 10018 10071 10093 10492 9372 10332 10105 9766 10488 9778 9458 10150 9473 10295 9063 10280 10730 10140 9253 9735 10014 10229 9884 10014 9679 9827 10152 10426 10825 9819 10631 9909 9926 10590 9869 10131 10592 9855 10531 10271 9934 10005 9796 9355 10041 10312 9659 10245 9705 10329 9371 9535 9758 10551 9841 9578 9877 9594 9218 10139 10658 9973 9823 9714 10076 10109 9984 10425 9621 10236 10344 9898 9690 10122 9670 9448 9859 9943 9903 9730 9916 10246 9670 9821 10150 10494 10298 9710 9405 9908 9455 10075 9564 10163 9929 9876 9994 9871 9974 9546 10223 10005 9548 10524 10294 9743 10173 9676 10269 10547 9920 9824 9711 10432 9767 9638 10191 9786 10047 10390 10654 9532 9818 9689 10082 9626 10168 9645 9678 9453 9751 10485 9942 9672 10354 10201 10040 9626 9526 10631 9625 10310 9968 10629 10581 9543 9379 9432 10594 9193 9234 10070 10661 9831 9494 10094 10379 9816 10054 9691 10215 9768 9824 9683 10417 10732 9733 9794 10117 9898 10265 10734 9764 9786 10192 9978 10100 10691 10257 10294 11193 9616 9913 9843 10600 10272 10024 9774 10196 10107 10296 9779 9716 9825 9998 9973 9497 10342 9256 10205 9848 10472 10432 10217 9606 9940 9884 10372 10487 9201 9891 9659 9766 9840 10177 9826 9931 9924 10095 10313 9216 10322 10010 9633 9826 9782 10025 10248 9479 10269 10177 10248 10104 10152 10253 10715 9877 9942 9961 10326 10578 9521 10142 10158 9867 10001 10313 9951 9799 9921 10154 10306 10051 9799 9552 9783 10561 9166 10022 10070 9274 9997 9956 9405 10175 10066 9649 9509 9949 9717 10018 10204 10594 9929 9679 9718 9889 9292 9700 10030 9584 10470 9370 10355 9830 10353 9909 9732 9818 9348 10908 10243 10198 9494 9928 9747 10329 10074 9881 10432 10313 10149 9358 9609 10264 9753 10513 9394 9837 9843 9782 9868 10002 10749 10304 9621 9563 10217 9968 9805 10215 10101 10151 9622 10300 10237 10105 10438 9463 10134 10104 9582 9891 10525 9824 9608 10478 9711 9970 10316 9835 9777 10537 9401 10309 10118 9667 9625 10347 9748 10496 9918 9736 9680 9987 9571 9720 10428 10176 9882 9556 9774 9948 10311 9951 9836 10032 10436 9927 10557 9989 10047 10124 10041 10493 9666 10162 10303 9994 10680 9919 10377 10111 10108 10086 9830 10570 9894 10043 10170 9174 9599 10595 9865 9911 10422 10427
10290 10764 10421 10449 9815 10195 10637 9649 10545 10305 9797 11607 10321 9798 10293 8962 10895 9349 10473 10730 10229 9529 10043 10439 11062 10565 10338 10222 10438 10231 10818 10833 10196 10925 10205 10123 10619 10234 10522 11015 9664 10273 10474 9939 10381 9622 9721 10179 10571 9577 10349 10289 10612 9460 9562 10709 10557 10077 9877 10148 10157 9802 10223 11024 10191 10240 10606 10238 10391 10495 11171 10023 10528 10090 10366 10432 10392 10019 10129 10496 10317 10284 10343 10088 10609 10273 10467 10297 10736 10161 10021 9814 9915 9727 10066 9902 10691 10362 9896 9997 10137 10158 9927 10602 10400 10301 10976 10556 10047 10885 9942 10625 10746 10395 10225 10270 10452 10075 9782 10285 9917 10295 10194 10744 10152 9976 9706 10575 10411 10205 10350 10079 9450 10314 10959 10613 10163 10009 10231 10028 10291 10045 10919 9553 10357 10155 10527 10744 10495 9644 9930 10824 9923 10056 10257 11033 10306 10359 10675 11294 10212 10315 9685 10710 9627 10017 10039 10283 11100 10142 10215 10803 10326 10089 10589 10006 10292 10328 10770 10344 11192 10518 10540 11180 10193 9941 10438 10827 10933 9904 10073 10394 10690 10852 9781 10057 10431 9621 10583 9629 10603 9837 10071 10320 10973 10664 10138 10254 10109 9887 10676 10629 9658 10093 9961 10137 9964 10398 9982 10377 10323 10331 10374 9799 10618 9875 10135 10231 10466 10205 10395 9698 10351 10458 10524 10142 10575 10983 10552 9977 10083 10112 10609 10893 9633 10224 10213 10248 10351 10855 10073 9898 10031 10490 10821 10022 10131 10216 10072 11122 10168 9903 9931 9605 9759 10653 9876 10338 10293 9834 9778 10621 10316 10459 10910 10599 10440 10008 10023 10292 9868 10518 10361 10503 10502 9467 10175 10124 10285 10080 10227 9998 9626 10468 10515 10217 10059 10431 10220 10703 10026 10505 10383 11234 10351 10015 9695 10191 10024 10821 9786 9933 10764 10195 10402 10917 11128 11028 10163 9281 10228 10240 9994 10717 9893 10447 10065 10836 10494 10354 10716 9780 10512 10308 10589 10169 10976 10061 10170 10302 10311 10287 10265 10176 10130 10768 9601 10492 10699 9736 10248 10872 9458 10993 10430 10393 10073 9977 10225 9937 10755 10128 10022 10335 10598 10781 10412 9695 9546 9862 10587 10142 10743 10423 10313 10507 10043 10507 10214 10417 10557 9922 10800 9930 10580 10070 10116 10348 9871 10700 10010 10640 9935 9621 9963 10540 9937 9757 10502 10559
9921 9768 9783 9905 10123 10204 10428 9267 10119 9638 9859 11113 10152 9751 10489 9651 10574 9069 9919 10293 9825 9804 9709 10173 10366 10191 10073 9983 9816 10053 10459 10922 10063 10538 10056 9976 10117 10231 9925 10627 9686 9933 10211 10154 10201 9428 9332 10098 10155 9651 10533 9968 10293 9736 10239 9594 10634 10041 9345 9548 10115 9270 10295 10609 9886 9967 10230 9900 9974 10687 10726 10065 10457 9744 10249 9583 10297 9425 9190 10777 10237 9600 10311 9972 10636 10000 10381 10063 9960 10200 9616 9267 10032 9630 10389 10012 10022 10426 9611 9892 9853 9843 9766 10291 10039 9719 10489 10492 10020 10268 9784 10608 10535 10589 9922 10046 10404 9512 10074 10627 9769 10280 10181 10507 9675 9604 9152 10469 9649 9792 10114 9871 10120 9894 11069 10066 10246 10241 9972 10288 10029 9608 10833 9957 10225 9868 10766 10740 10272 9713 9724 10789 9343 9866 9943 10888 10482 9939 10447 10803 9886 10088 9839 10208 9540 9854 10416 10319 10372 9652 10135 10386 9638 9787 10713 9576 10287 10654 10441 9971 10774 10179 10303 10823 10218 9686 10407 10995 10770 10084 9907 10128 10283 10597 9132 9740 10118 9885 9680 9465 10842 9406 10056 9759 10314 10569 10233 9817 10034 10413 10526 10600 9760 9762 9659 9697 9892 10288 9648 10351 9928 10290 9809 9301 10717 9702 9476 9764 9591 9796 9948 9999 10233 10371 10489 9842 10270 10486 10120 9607 10374 9847 10120 10545 9405 10262 10560 10194 9906 10185 10030 10151 9727 10173 10199 9734 9712 9600 10214 10492 9747 9757 9725 9264 9942 9886 9421 10110 9892 9760 9481 10541 10364 10345 10331 10514 10167 9965 9597 10083 9817 10331 9971 10027 10575 9301 10269 10185 9988 10166 9978 10127 9533 10462 10332 10287 10210 9983 10244 10376 9851 9959 10266 10493 10087 9516 9757 10219 9719 10220 9488 10085 9897 10126 10142 9973 10744 10261 9995 9832 10046 9812 9788 10213 10198 10410 10267 10516 10246 9849 10382 9818 9839 10232 10047 9417 10309 10276 9983 10077 10297 10312 10755 10114 10580 10211 9323 10574 10507 9812 9518 10338 9627 10329 10489 9738 9657 10450 9940 9337 10466 10366 10338 10411 9898 9874 10256 9766 9334 10000 10175 10519 10375 10277 10647 9974 10028 10589 9511 10540 10359 9598 10466 9592 10736 10136 10271 9978 9959 10492 10192 10134 9905 9832 10052 10061 9745 9937 10439 10133
9839 10118 10189 10142 9778 9963 10176 9337 9830 9475 9488 11243 10047 9628 10112 9292 10373 8991 10253 10377 10182 9447 9619 10093 10368 9856 9817 9942 9964 10096 11115 10046 9656 10326 10026 9613 10297 9547 10069 10378 9665 9619 9588 9424 9943 9090 9438 9638 10124 9611 10348 9836 10036 9594 9264 9907 10219 9696 9466 9648 10152 9440 10177 10329 9755 9885 9944 9822 10052 10040 10635 9484 9949 9643 9888 9896 9998 9925 9378 10054 9398 9592 10350 9898 10122 9528 9513 10332 9608 9737 9448 9236 9871 9561 10025 9840 9889 10265 9783 9916 9578 9710 9853 10083 10307 9982 10378 10182 9521 10130 9296 10065 10325 10483 9745 9791 10180 9608 9525 9865 9541 10096 10233 10186 9559 10019 9268 9898 9900 9765 9995 9942 9533 10125 10663 9853 9819 10118 9837 10047 9653 9547 10492 9784 10022 9753 10291 10254 9915 9323 9615 10473 9367 9814 9812 10556 10437 9848 10433 10370 9984 10047 9992 10230 9682 9689 10070 10087 10608 9405 9742 10363 9734 9823 10686 9443 10164 10526 10336 10210 10170 9957 9915 10531 9491 9603 10149 10752 10675 9817 9735 10107 10400 10071 9406 9908 9500 9024 10072 9251 10322 9727 9656 9834 10206 10163 10119 9848 9884 10015 10263 10305 9646 9982 9606 9044 9806 9737 9693 9759 9680 9960 10023 9491 10182 9950 9695 9734 9950 9714 9857 9634 10301 10111 10533 10054 9816 10403 9958 9814 9642 10023 10378 10208 9484 9724 10372 9953 9650 9962 9754 9686 9972 10063 9845 9932 9508 9868 9904 10588 10007 9923 9663 9402 10106 9768 9575 10249 9702 9835 9487 9997 10094 10146 10565 10623 9400 9871 9813 10218 9342 9540 10105 10154 10430 9056 10444 9791 9975 9860 9935 10011 9164 10747 10068 9734 10086 10187 10375 10406 9678 10281 9972 10496 9847 9518 9495 9866 9953 10680 9123 9830 9925 10164 10310 10017 10578 10139 9991 9176 10144 9673 9599 9975 10007 10596 10065 10486 10072 9748 10065 9255 9982 10138 9966 9958 9981 10253 10068 10165 10073 10331 10494 10047 9969 10081 9218 10570 10640 9723 9950 10219 9445 10522 10335 9426 9603 9877 9703 9579 10260 10319 9567 10108 9854 9703 9880 9674 9227 9645 10013 9930 10040 9802 9838 9565 9759 9878 9619 10523 10545 9330 10359 9863 10073 10195 9766 10041 9374 10326 10267 10053 9663 9833 9565 10055 9578 10140 10109 10127
9938 10110 10148 10522 10118 9990 10471 9498 10188 9701 9988 10882 10489 9705 10681 9008 10161 9240 10304 10542 10128 9553 9847 9848 10681 10023 9973 9919 10179 10386 10710 10784 9994 10776 9961 10151 10582 10050 10320 10331 9775 9888 10002 9746 10226 9432 9694 10120 10155 9623 10374 9918 10283 9695 10029 10555 10555 10137 9665 10188 10297 9442 10237 11042 9748 9989 10134 10170 10146 10258 10752 9682 10458 9524 9937 9786 10086 9766 9672 10415 10197 9631 10185 10295 10159 9988 10015 10326 10382 9969 9996 9414 9825 9530 9882 9867 10254 10226 9650 9996 9910 10106 9674 10579 10252 9711 10311 10420 10132 10381 9403 10454 10477 10285 9978 9910 10051 9847 10145 10221 9274 10053 10200 10656 9888 9760 9262 10411 9835 10178 9823 9745 9795 10383 11110 10127 10340 10263 10147 10020 10210 9543 10801 9949 10008 9621 10544 10638 10598 9634 9795 10637 9603 10011 10384 10732 10153 9877 10033 11017 10339 10430 9924 10256 9792 9976 10470 10474 10477 10060 9973 10570 9907 10086 10790 9976 10620 10345 10266 10229 10803 10002 9794 11093 9784 9794 10237 10609 10315 10152 9673 10226 10602 10650 10116 10272 9683 9674 10085 9371 10234 9903 9635 10104 10666 10302 10115 9911 10171 10077 10756 10278 9827 10084 9862 9575 9699 10335 9976 9928 10186 10383 10239 9607 10405 9999 9846 9786 9798 9824 9959 9420 10549 10759 10481 10004 10180 10465 10723 10112 10469 10058 10249 10711 9423 10235 10303 9946 9676 10240 10058 10057 10367 10099 10094 9669 9720 10199 9988 10718 9734 10070 9701 9330 10352 10032 9573 10764 10205 9969 9324 10389 10399 10454 10843 10634 10284 9973 9864 10192 9539 10130 10299 10389 10657 9417 10442 9539 10175 10069 9996 10043 9337 10543 10392 10140 10161 10098 9992 10575 10283 9997 10152 11114 10147 9725 9896 10071 10033 10247 9129 10461 10125 10066 9932 10490 10757 10476 10172 9423 10640 9956 10224 10208 9987 10168 9941 10435 10017 10183 10070 10014 10462 10373 9863 9729 10888 10155 9922 10086 9966 10079 10043 10122 10524 10409 9563 10392 10895 9824 10012 10361 9527 10762 10238 10413 9610 9936 9792 9536 10352 10040 9779 10393 10211 10064 9882 10018 9300 10184 10035 10507 10417 10131 10082 10241 10270 10277 9626 10573 10460 9837 10595 9897 10053 10012 10086 10145 9850 10526 10199 10541 10018 9711 9773 10340 9687 10101 10721 10780
9478 10018 9816 10244 9730 10236 10377 9375 9768 9433 9710 11021 10226 9723 10427 9230 10500 9064 10065 10350 10180 9116 9618 10272 10237 10213 10035 9939 10043 9792 10204 10672 9841 10583 9846 9593 10466 9571 10144 10177 9845 9748 9999 9958 10241 9346 9034 10103 10010 9323 10317 9743 10190 9256 9434 10130 10335 9981 9460 9637 10600 9342 9852 10521 9783 9461 9687 9871 9898 9976 10648 9939 10074 9423 10388 9496 9724 9605 9164 10496 9884 9410 10507 9695 9985 9533 9638 10276 10399 10163 9771 9181 10165 9363 9608 9842 10136 10087 9430 9964 9979 10308 9608 10344 10281 9781 10116 10350 9718 10381 9806 10032 10431 10611 9754 9893 10130 9502 9721 10016 9922 10117 9878 10093 9507 9500 9386 10297 9832 10101 9964 9535 9406 9860 10697 10032 9978 9928 9858 10175 9644 9597 10530 9998 10145 9482 10251 10151 10172 10009 9286 10620 9468 10093 10124 10877 10064 9733 9685 10446 9989 9894 9542 10244 9869 9565 9954 10365 10397 9624 9916 10247 9770 9767 10615 9943 9850 10477 10121 9363 10845 9785 9727 10583 9692 9480 10614 10688 10594 9907 9666 10522 10111 10256 9298 10190 9863 9228 9880 9503 10081 9532 10300 10128 9728 10336 9776 9530 9855 9665 10060 10373 9504 10112 9800 9619 9570 10261 9805 9790 10112 10318 10061 9393 10638 9586 9707 9838 10024 9826 9761 9807 9965 10099 10482 10007 10006 10407 10217 9929 10066 9886 10042 10445 9355 9989 9927 10049 10005 10133 9694 9801 10088 9846 9944 9774 9700 9881 9822 10553 10068 9749 9716 9103 9727 9876 9118 10236 9698 9612 9432 10425 9973 9912 10491 10680 9900 9648 9793 10134 9364 9531 10031 10121 10235 9186 10316 9812 10057 9383 9328 10020 9584 10492 10458 10061 9768 9864 9984 10324 9766 9638 9946 10645 9548 9763 9542 9743 9551 10426 9133 9805 10115 9753 10341 9967 10537 10131 9936 9352 10110 10009 9908 10276 9603 10061 10084 9657 9846 9906 10175 10021 10241 9916 9926 9595 10470 10270 9685 9850 9519 10545 10272 9760 10029 10461 9143 10404 10778 9929 9453 10144 9376 10289 10212 10214 9816 10293 9261 9646 10240 10259 9716 9893 10031 9919 9945 9437 9324 9611 9711 10573 10067 10119 10029 9939 9863 10384 9723 10185 10267 9498 10220 9337 9866 9702 10223 10182 9475 10504 9965 10379 9883 9421 9442 10210 9899 10025 10320 9996
10327 10344 9986 9990 10112 9736 10744 9435 10331 10113 9553 11339 9792 9681 10037 9612 10315 9216 10329 10813 10294 9402 9839 9953 10152 9685 10049 10038 10009 10134 10568 10609 10288 10402 10109 10192 10571 10128 9992 10568 9864 10075 10387 10107 10600 9932 9621 10262 10045 9889 10580 10001 10247 9581 9966 10085 10364 9769 9843 9794 10170 9657 10136 11059 10042 9389 10713 9491 10201 10303 10954 10076 10711 10262 10372 9981 10252 9849 10129 10262 9801 9831 10467 10072 10457 10589 9889 10226 10418 10046 10297 9799 10132 9493 10021 9576 10107 10267 10092 10496 10271 10279 9956 10229 10193 9962 10542 10095 10111 10555 10015 10337 10313 10399 9785 9815 10449 10091 10068 9979 9453 10009 10396 10445 9878 9434 9713 10383 9538 10467 9839 9875 9852 10144 10145 10210 10207 10298 10204 9960 10465 9855 10336 9762 10339 9575 10199 10700 10054 10057 9947 10914 9676 9952 9824 10972 10473 9621 10683 10328 10176 10263 10161 10326 9854 10105 10252 10829 10772 9633 10006 10355 9927 10356 10650 9431 10395 10457 10403 10221 10639 10087 10037 10955 9573 10121 10151 10508 10728 10016 9984 10367 9911 10897 9922 10089 10300 9615 10130 9578 10178 9411 10444 10132 10832 11022 10206 9854 10262 10069 10702 10597 9510 9985 9788 9706 9814 10049 9724 9844 10453 10267 10191 9146 9936 10162 10073 9744 9995 9720 10373 9766 10368 10294 10603 9991 10284 10355 10398 9920 10596 10159 10508 10992 9831 10192 10193 10086 10103 10360 10132 9996 10311 10442 10082 9866 9691 9976 9855 10670 9917 10155 9882 9186 9741 10377 9414 10285 10261 9997 9212 10604 10253 10055 10562 10489 10054 10251 9392 10202 9629 9952 10289 10377 10858 9391 10500 9640 9821 9841 9846 10212 9734 10571 10336 10089 9864 9854 10424 10497 9775 9944 10510 11140 10089 9710 9821 10391 10329 10701 9703 10189 9984 9975 10482 10353 10749 10141 9953 9225 10751 9850 9978 10423 10294 10762 9914 10141 10353 9887 10703 9956 10907 10449 10277 9996 10401 9822 9889 10224 9807 9998 10443 10376 10355 10191 9481 10051 10713 9814 10044 10384 9623 10767 10187 10065 9860 9925 9730 10202 10259 10427 10297 10231 10462 10044 10296 9907 9939 10045 10568 10429 10830 10265 10051 10601 9936 10243 9788 10822 10394 9721 10746 9931 10076 10118 10309 10242 10236 10324 10181 10173 10201 9625 9673 10257 9712 10268 10241 10622
10034 10501 10376 10549 10297 10731 11060 10018 10529 10520 10421 11561 10814 10268 10727 9949 10954 9476 10903 11066 10409 9931 10473 10608 11338 10512 10404 10867 10184 10517 11170 11219 10234 11318 10384 10695 11303 10333 10488 10959 10384 10363 10803 10630 10857 10036 10096 10660 10391 10005 10545 10505 10930 9794 10521 10502 10635 10424 10196 10151 10546 10003 10583 11721 10342 10451 10800 10445 10739 10753 11081 10171 10531 10299 10702 9986 10556 9860 10079 10744 10562 10321 10767 10631 11081 10392 10042 10789 11296 10415 10765 9829 10158 10280 10728 10357 11008 10631 9749 10531 10389 11122 10231 10716 10376 10414 10749 10798 10734 11105 10055 10586 11011 11094 10467 10216 10567 10349 10717 10227 10045 10532 10637 10910 10146 9818 10300 10619 10143 10622 10230 10143 10586 10746 11371 10821 10817 10553 10579 10646 10580 10284 11219 9978 10363 10328 10719 11356 10924 10476 10329 11618 10177 10841 10426 11436 10427 10014 10397 10833 10844 10769 10279 10471 10129 10549 10963 10690 11207 10265 10759 10560 9808 10480 10854 10327 10449 10992 10633 10476 10795 10397 10602 11459 10176 10501 10829 11209 10711 10405 10317 10490 10206 11023 10039 10676 10386 9637 10519 9509 11173 10139 10663 10287 10491 11131 10772 10445 10151 10442 10779 11126 10289 10547 10064 10260 10149 10714 10106 10556 10495 11111 10660 9800 10751 10226 10186 10193 10650 10454 10975 10456 10122 10746 10936 10351 10539 10902 11166 10654 10702 10676 10587 11503 10009 10640 10454 10608 10486 10388 10615 10685 10446 10657 10944 10667 10159 10314 10332 11324 10101 10579 10105 9655 10513 10761 9805 10512 10407 10626 9411 10801 10451 10766 11007 11079 10937 10560 10230 10985 10074 10501 10855 11082 11101 9613 10880 10201 10302 10637 10306 10355 9832 11080 10618 10631 10403 10469 10797 11126 10444 10452 10842 11009 10685 10402 10043 10467 9920 10990 10044 10593 10871 10267 10644 10367 11515 10791 10706 10217 10410 10444 10602 10607 10309 10848 10491 11187 10249 10189 10922 10140 10946 10626 10566 10148 11111 10817 10025 10881 10469 10733 10880 10381 11113 10997 10401 10899 10943 10616 10038 10504 10054 10717 11177 10750 10033 10511 9942 10163 10783 10838 10234 10570 10732 10204 10865 10157 9820 10182 10861 11177 10654 10294 10382 10804 10947 10978 10036 10785 10627 9904 10719 10392 11073 10442 10511 10417 10211 10539 10440 10757 10526 10297 10244 10656 10289 10286 10751 10773
9851 10149 10215 9725 9842 9914 10328 9456 10072 10194 9542 10989 9742 9484 10067 9225 10453 9069 10758 10876 10121 9468 9850 9728 10390 9670 10087 10038 10280 9921 10525 10150 9706 10708 10140 9689 10765 9601 9668 10647 9649 10297 10091 9826 10451 9803 9766 10070 9808 9266 10244 9613 10403 9595 9473 10254 10336 9646 9611 10024 10108 9128 10073 10690 9773 9577 10397 9635 10079 10168 10536 9622 10118 9919 9736 9830 10029 9498 9582 10018 9806 9288 10248 10575 10374 9498 9803 10152 10287 9805 9915 9344 9819 9677 10138 9580 10231 9839 9495 9858 9870 9992 9461 10366 9985 9637 10331 10465 9779 10178 9548 10444 10410 10151 9669 9986 10254 9559 9639 10247 9517 9910 9884 10353 9806 9772 9737 10237 9989 10210 9671 9512 9715 10160 10426 9771 10010 10142 9489 10264 9997 9544 10662 9672 10195 9755 10150 10260 10092 9587 9866 10754 9755 9998 10001 10621 9948 9603 10253 10556 10180 10125 9684 10102 9750 10079 10096 10456 10483 9508 9418 10053 9881 9354 10681 9352 9963 10026 10200 9738 10882 9558 9617 10457 9661 9706 10480 10519 10405 9872 9862 10198 9964 10584 9495 9591 9914 9124 10416 9441 9940 9541 9612 9582 10531 10576 10053 9769 9738 9713 10681 10169 9588 10035 9445 9509 9776 10223 9671 9931 9772 10254 9914 9231 10558 9718 9993 9927 10022 9655 9942 9706 9893 10384 10160 9921 10152 10140 10517 9737 10216 9743 10012 10727 9236 10036 10340 9868 10332 9922 9969 9972 9902 9955 10160 9839 9822 9879 9890 10634 9707 10064 9516 9476 9444 10345 9331 10107 10266 10105 9200 10191 10105 10368 10350 10363 9851 9473 9872 10267 9727 10048 10034 10279 10134 9161 10189 9654 9675 10058 9647 10006 9454 10110 10538 10070 10047 10086 10167 10457 9450 9913 10036 10668 9581 9720 9359 10000 9738 9975 9104 9778 10095 9745 10252 10156 10539 10107 9915 9475 10061 9763 9791 9880 9989 10011 9902 10362 9893 9888 10710 9720 10162 10321 10095 10004 10314 9727 9899 10044 10181 10043 10286 10036 9927 10578 9549 9989 10520 9658 9203 10244 9892 10179 10322 9905 9970 10290 9977 9592 10249 9980 9889 10187 10049 10125 10402 9693 9440 9904 10361 10321 10282 10125 9703 10083 9885 10266 9540 10463 10099 9574 10341 9615 10463 9998 9939 10183 10263 10227 9586 10099 10081 9584 9853 10185 9701 9437 10256 9902
9498 9828 9650 9413 9937 9300 10149 9198 9656 9616 9041 10655 9723 9406 10170 8784 10023 9019 9953 10213 9795 9415 9642 9704 9763 9824 9754 9650 9764 9475 10323 10452 9430 10243 9745 9507 10312 9725 9867 10387 9607 9864 10029 9658 10216 9675 9396 9931 9844 9164 9939 9548 9679 8993 9434 9278 10607 9364 9407 9584 9489 8951 10077 10691 9386 9046 9860 9547 9762 10034 10212 9471 10028 9406 9864 9316 9866 9448 9217 10015 9561 9441 9710 9911 10352 9783 9172 10121 10188 9824 9749 8894 9610 9396 9806 9258 9980 9684 9269 10081 9506 9838 9727 9859 9668 9619 9991 9614 9732 10097 9539 9936 10256 10262 9199 9638 9773 9390 9364 9438 9127 9664 9648 10208 9269 9233 9032 10154 9939 9740 9122 9774 9635 9535 10370 10067 9426 10072 9618 9788 9586 9173 10108 9297 9836 9242 9878 10113 10095 9512 9634 10532 9072 9266 9911 10333 9469 9478 9788 9962 9933 9797 9098 9968 9094 9916 9356 10235 9926 9265 9470 9836 9452 9586 10238 9108 9486 10104 9894 9228 10257 9584 9535 10529 9109 9339 10027 10177 9884 9397 9355 9534 9881 10243 9036 9438 9682 9277 9826 9162 9837 9040 9845 9578 10232 10066 9905 9582 9553 9542 10296 10110 8962 9544 9295 9379 9587 10032 9620 9378 9537 10102 9936 9100 10045 9397 9394 9263 9142 9413 9537 9298 9834 9851 9691 9776 10112 10129 10271 9397 9942 9549 9972 10576 9145 9919 9496 9677 9299 10145 9465 9977 9490 9472 9734 9646 9575 9500 9404 10176 9039 9475 9111 9137 9637 9735 9304 9530 9458 9584 8909 10075 9830 9748 9810 10196 9736 9607 9283 10052 9223 9707 9429 10190 10225 9171 9977 9431 9441 9983 9809 9440 8749 10202 9768 9892 9896 9523 9517 10342 9480 9349 9636 9978 9591 9811 9561 10044 9329 10414 9312 9897 9993 9331 9903 9715 10542 9969 9573 9008 9997 9371 9611 9537 9677 9884 9433 10025 9614 9098 10235 9432 9783 9713 9974 9520 10102 9609 9710 9734 9406 9928 9675 9958 9870 9918 9167 10080 10250 9392 9289 9848 9144 10242 9767 9612 9509 9415 8849 9383 9911 9879 9694 9691 9773 9598 9726 9668 8995 9515 9983 9996 9500 9638 9644 9650 9533 9953 9360 9928 9999 9573 10340 9098 9966 9373 9825 9694 9172 10076 9458 10074 9410 9124 9324 9900 9117 9801 9863 9761
9157 9697 9289 9322 9272 9131 10010 9116 9882 9343 9041 10230 9615 8738 9517 8707 9637 8231 9796 9703 9444 8894 9164 9124 9778 9328 9242 9352 9373 9509 9757 10164 9149 9817 9340 9432 9938 9437 9353 9944 9252 9761 9626 9607 9253 9000 8805 9352 9612 8853 10042 9263 9687 8575 8939 9540 9761 9149 9060 8850 9344 8866 9417 9994 9233 9062 9681 9335 9696 9386 10428 9013 9371 9091 9599 9146 9637 9201 9042 9353 9568 9289 9204 9518 9814 9033 9439 9446 9501 9355 8972 8892 9266 8512 9131 9091 9523 9772 9129 9257 9162 9350 9357 9454 9403 9121 9945 9663 9561 9829 8841 9534 9917 9829 9391 9059 9887 9100 9419 8986 9001 9057 9471 9693 8938 8712 8571 9829 9117 9288 9622 9430 9299 9544 10208 9527 9869 9771 9665 9517 9119 8644 10107 9023 10007 8959 9681 10205 9593 9396 8889 10160 9119 8957 9167 10236 9415 9239 9412 10083 9571 9379 9008 9918 9057 9235 9093 10101 9838 8676 9583 9690 9224 9560 10049 9086 9444 9474 9511 9066 10144 9570 9468 10227 9214 8828 9782 10037 10140 9267 9430 9662 9584 9818 9082 9378 8999 9118 9486 8830 9424 8943 8999 9638 9615 9687 9626 9583 9302 9218 9743 9438 9090 9231 8952 9119 9504 9066 9365 9158 9470 9458 9272 8655 9555 9211 8983 9032 9569 9105 9205 9108 9746 9735 9810 9406 9408 10038 9955 9286 9692 9287 9995 9951 9335 9575 9745 9259 8816 9686 8895 9051 9434 9197 9357 9178 9005 9189 9554 9920 9097 9330 8905 8577 9157 9392 9124 9603 9428 9024 8822 9571 9367 9986 9726 9679 9834 9518 9038 9683 8779 9187 9586 9323 9980 8878 9706 8975 9646 9267 9302 9416 8915 10003 9300 9522 9569 9761 9722 9719 9186 9346 9929 10242 9144 8928 9111 9676 9313 9879 8628 9518 9434 9427 9536 9132 10014 9631 9268 9023 9646 9428 9287 9713 9547 10071 9298 9637 9400 9468 9555 9164 9463 9666 9256 9053 9889 9256 9237 9397 9249 9670 9905 9612 9732 9841 9045 9618 9839 9117 9383 10022 8966 9897 9571 9290 8970 9096 8926 9174 9931 9105 9301 9454 9433 9337 9532 9099 9027 9247 9419 9557 10008 9481 9732 9399 9174 9687 8904 10026 9425 8864 9938 9373 9420 9490 9842 9371 9084 9950 9259 9283 9430 8881 9176 9221 9334 9368 9627 9448
9207 9422 9495 9830 9496 9259 9866 8914 9896 9377 9393 10126 9213 9019 9699 8819 9936 8466 9787 10021 10113 9223 9180 9509 9905 9573 9802 9390 9707 9385 10043 9792 9518 9842 9741 9748 10052 9230 9354 9896 9038 9853 9545 9277 9730 9407 9031 9658 9634 8769 9914 9304 9801 8983 9328 9566 9747 9290 9581 9160 9526 8775 9263 9894 9281 9251 9249 9372 9348 9595 10116 9284 9937 9200 9503 9112 9669 9055 9320 9657 9595 9297 9532 9607 10073 9177 9234 9730 9585 9188 9361 8743 9889 9291 9699 9264 9788 9573 8998 9374 9256 9455 8984 9795 9153 9255 9710 9566 9884 10041 8926 9839 10003 10009 9276 9286 9505 9234 9147 10021 8991 9816 9372 10120 9275 9401 9385 9821 9300 9895 9362 9218 8968 9409 10239 9679 10028 9436 9361 9486 9381 9023 9804 8638 9781 9093 9598 9711 9368 9309 9161 10100 9219 9295 9544 10327 9360 9150 9457 10215 9512 9249 8946 9640 9230 9446 9140 9703 9876 8810 9272 9430 9401 9023 10378 8792 9205 9909 9716 9368 10119 9700 9397 10213 9225 9308 9608 9773 9929 9556 9250 9375 9858 10085 8715 9465 9105 8807 9356 8946 9577 8927 9159 9168 9913 9669 9517 9133 9255 9427 9804 9772 9179 9317 9192 9412 8999 9627 8901 9378 9477 9647 9832 8920 10136 9461 9055 9575 9646 9203 9481 9154 9524 10127 9924 9677 9604 9949 9812 9287 9871 9071 9294 9923 9235 9752 9173 9022 9719 9751 9289 9020 9455 9554 9535 9214 9469 9288 9307 10079 9167 9373 9410 9257 9292 9743 8946 9679 9644 9598 8523 10079 9699 9796 9682 9712 9189 9550 9256 9694 8774 9407 9127 9744 9846 8588 9634 8971 9621 9448 9336 9353 8855 9767 9868 9635 9633 9198 9784 10443 9529 9547 9496 10203 9405 9146 8798 9478 9026 9940 8766 9594 9738 9319 9678 9710 10037 9765 9447 9175 9776 9545 9481 9698 9367 9569 9574 10068 9708 9563 10033 9410 9899 9660 9569 9582 10051 9282 9436 9650 9118 9517 9508 9575 9744 9917 8994 9801 10178 9238 9228 9810 8696 9908 9651 9746 9072 9656 9335 9194 9654 9590 9214 9525 9672 9858 9622 9188 9185 9226 9610 10089 9645 9380 9695 9635 9226 9935 9145 9867 10053 9176 10424 8914 9877 9465 9734 9562 9074 9919 9567 9554 9268 9046 9306 9813 9461 9460 9808 9886
9683 10472 9948 10559 10240 10080 10487 9519 9930 9801 9838 11104 10590 10005 10351 9671 10845 9335 10864 10726 10839 9527 9759 10249 10705 9664 9804 10222 10270 10041 10423 10893 10499 10680 10176 9770 10810 9982 10242 10614 10143 9869 10344 10257 10602 9654 9439 10260 9960 9611 10119 10163 10331 9488 9837 10188 10084 9976 9671 10072 10248 10040 10035 11306 10309 9808 10349 10004 10512 10335 10579 9678 10133 9847 10165 9932 9971 9798 9916 10541 10120 9433 10064 10221 10222 10077 9922 10227 10519 10357 10253 9757 10185 9638 10169 9962 10588 10148 9664 10306 9794 10101 9558 9930 10247 9922 10651 10629 9892 10013 9685 10129 10563 10362 10030 9641 10415 9732 10002 10131 9819 10210 10089 10460 10112 9589 9792 10425 9732 10052 10035 9696 10291 10782 10743 10132 10409 10610 10853 10076 10174 10018 10977 9846 10139 10120 10432 10940 10147 9528 9582 10965 9573 10171 9771 10599 10173 10108 10246 10703 10429 10239 9873 10212 9871 10080 10278 10550 10510 9697 9892 10590 9873 10121 10477 9418 10499 10088 10629 10016 10822 10285 10272 11201 9695 10162 10299 10767 10516 9915 9881 10411 10138 10878 9878 9847 10188 9388 10100 9517 10433 9541 10265 9905 10297 10388 10349 10340 9928 10025 10885 10482 9630 10351 9717 9267 9925 10255 9971 9856 9872 10129 10304 9392 10680 9788 10186 9863 10444 10218 9989 9968 10293 10529 10441 10031 10114 10860 10388 9937 10874 9635 10324 10946 9953 9944 9916 10200 10469 9990 9978 9641 9990 10306 10120 10411 9881 9846 9883 10812 9864 10054 9932 9479 10006 10350 9398 10257 10145 10101 9502 10787 10195 10310 10531 10633 9891 10170 10049 10330 9350 10009 10213 10356 10396 9676 10253 10015 10384 10112 9919 10084 9617 10724 10457 10024 9749 9826 10172 10737 9817 10317 10537 10561 9984 9927 9996 10089 9986 10533 9656 10018 10242 9610 10340 9909 10488 10502 9875 9673 10232 10439 10536 10659 10212 10529 10013 10891 9945 9979 10591 10115 10190 10259 10070 9933 10459 10388 10122 10037 9957 10106 10329 9706 10550 10903 9803 10909 10536 9465 9871 10174 9778 10349 10399 10567 9910 10017 9636 9990 9972 10464 9863 10512 9879 9761 10382 9696 9703 9785 10242 10523 10752 10206 10285 10356 10034 10227 9818 10376 10721 10029 10612 9635 10468 9951 10091 10235 9810 10438 10049 10294 10131 9914 10047 10234 9998 9975 10418 10507
10203 10081 10049 10222 10028 10124 10832 9302 10427 10307 9758 11133 10008 9705 10321 9688 10477 9213 10957 10710 10117 9355 9842 10256 10580 9729 9892 10283 9875 10582 10294 10794 9626 10179 9778 10313 10460 10385 10053 10737 9494 10028 10310 10413 10662 9637 9645 9982 10080 9766 10454 10205 10170 9506 10153 10620 10513 9792 9788 9669 9966 9762 10165 11093 10139 10091 10198 9536 10154 10292 10914 9968 10090 9538 10175 9896 10592 10270 9701 10186 10177 10014 10379 10040 10852 10245 9723 10211 10028 10133 10036 9538 10179 10114 10358 9886 10297 10359 9855 10597 9826 10153 10385 10548 10319 9975 10592 10185 9881 11075 9626 10352 10581 10781 9754 10147 10119 10109 9909 10086 9573 10169 10381 10448 10165 9645 9778 10922 9934 9917 9692 9281 9969 10211 10744 10095 10028 10212 10005 10248 9926 9529 10845 9809 10394 10096 10461 10609 10182 9455 9862 10757 9776 10096 10081 10900 10202 10062 10444 11017 10193 10589 9896 10691 9679 10269 10705 10249 10461 9869 10299 10356 10166 10147 10914 9695 10098 10470 10118 10044 10642 10585 10535 10432 9609 10008 10422 10901 10598 9956 9675 10184 10104 10782 9844 10035 9858 9921 10390 9704 10456 9486 10135 9969 10584 11077 10135 10077 9800 10188 10825 10777 9623 10371 10019 9790 9621 10430 9862 9970 9807 10057 10139 9514 10514 9818 9976 10082 10042 9792 10399 9886 10399 10307 10779 10363 10808 10918 10378 9648 10544 9621 10271 10683 9525 10148 10726 10179 10148 10268 10139 9789 10199 10152 10448 10340 9953 9793 10096 10834 9872 9741 9716 9377 9772 10246 9740 10226 9879 9804 8960 11006 9922 10293 10515 10563 10190 10209 9922 10332 9694 9890 10219 10272 9840 9703 10431 10084 10163 9991 9899 9847 9588 10640 10802 10247 10428 9729 10156 10565 10153 10180 10203 11019 9729 9792 9776 10383 10125 10769 9461 10148 9925 10230 10197 10305 10874 10364 9742 9778 10361 9955 10020 10124 10087 10302 9973 10324 10379 10375 10376 9758 10624 10250 9959 9754 10357 10062 10093 9912 9898 10395 10060 10240 10695 10651 9603 10197 11021 9940 10238 10319 9426 10590 10089 10111 9939 10560 9660 10184 10774 10038 9990 10108 10376 9876 10308 10196 9650 9940 10476 10105 10274 9470 10121 10103 10152 10370 10175 10205 10187 9918 10940 9715 10272 10494 9791 10559 9801 10660 10161 10469 9940 9377 9685 10234 9439 10282 10416 10197
9275 9663 9537 9541 9347 9430 10233 8600 9451 9503 9010 10767 9846 9335 9467 8939 9852 9114 9953 10060 9713 9135 9452 9688 9625 9428 9404 9743 9259 9966 9702 10135 9406 9877 9575 9862 10403 9504 9229 10005 9472 9187 9310 9753 9859 8873 9128 9250 9857 9027 9785 9627 9688 9263 9380 9571 10431 9326 9105 9263 9730 9006 9684 10087 9722 9126 9528 9377 9650 9585 10240 9213 9491 9819 9632 9246 9743 9538 8954 9730 9330 9464 9610 9588 9713 9336 9419 9932 9928 9865 9630 8776 9537 9209 9722 9191 9892 9670 8992 9709 9494 9546 9243 9654 9620 9289 10171 9663 9350 9835 9253 9571 10055 9978 9118 9400 9914 9129 9314 9431 9147 9404 9884 9703 9254 9466 9180 10212 9583 9577 9127 9230 9533 9624 10571 9652 9163 10032 9824 9572 9514 9425 10160 9256 9473 9544 9862 10439 9796 9224 9206 9962 8872 9262 9416 10149 9845 9363 9854 10036 9457 9626 9421 10270 9444 9164 9352 9662 9999 9367 9658 10036 9339 9548 9855 9243 9466 9799 9812 9367 9963 9449 9837 10267 9140 9425 9708 10126 10135 9338 9214 9515 10060 10153 8997 9219 9521 9563 9295 8744 10105 9275 9722 9514 10393 10408 9816 9585 9512 9706 9919 9871 9139 9703 9213 9010 9230 9880 9540 9343 9799 9800 9605 8812 9947 9412 9242 9416 9413 9578 9479 9176 9690 9542 10229 9667 9949 10183 10025 9171 9740 9037 10135 9830 9025 9515 9741 9476 9728 9558 9585 9907 9422 9678 9964 9328 9464 9653 9396 9940 9080 9246 9326 8823 9382 9736 8998 9720 9032 9719 8827 9758 9496 9514 10013 9784 9372 9554 9483 9601 8853 9513 9319 9910 9964 8872 9750 9562 9518 9207 9369 9367 9352 10254 9751 9441 9117 9579 9464 9796 9715 9573 9350 10013 9576 9575 9289 9522 9093 10118 9376 9549 9712 9789 10128 9399 10296 9925 9499 9204 9842 9498 9431 9418 9247 9883 9181 9878 9700 9382 9930 9035 9627 9971 9589 9248 9898 9888 9473 9388 9277 9671 9856 9515 9488 10013 9078 10045 10012 9460 9367 9607 8780 10117 9723 9360 9244 9620 9004 9411 9656 9785 9693 9734 9873 9265 9697 9528 9241 9545 9854 9989 9682 9559 9599 9476 9815 9824 9108 9613 9421 9433 10084 9552 9749 9903 9347 9783 9220 10014 9027 9943 9690 9145 9501 10185 9022 9596 9853 9796
10014 9807 9727 10291 9690 10058 10231 9440 10085 9594 9876 10939 10089 9671 10428 9738 10549 9353 10069 10625 10089 9384 10335 10427 10005 9853 10065 10343 10198 9992 10663 10646 9841 10562 9575 10179 10607 9898 10087 10118 10007 10307 10465 10305 10367 9780 9317 10043 10406 9389 10255 10224 10410 9534 9861 10119 10576 9380 9570 9636 9903 9430 10437 11038 9918 9865 9908 9912 9869 10288 10643 9914 10432 9953 10407 9970 10077 9649 9467 10591 10218 10106 9925 10327 10401 9764 9901 10375 10162 10193 10024 9472 9671 9301 10289 9720 10641 10174 9722 9861 10033 10079 9960 10326 9888 10046 10507 10331 9756 10450 9453 10255 10760 10540 9886 9697 10307 10004 9820 10069 9633 10054 10204 10681 9864 9760 9635 10584 9676 9914 10013 9863 9703 9909 10949 10231 10254 9922 10052 9933 10307 9805 10745 9707 9983 9880 10398 10805 10455 9639 9934 10447 9530 9890 9711 10840 10108 9886 10444 10962 10017 9982 9706 10260 9830 9873 9984 10317 10645 9569 10261 10315 9590 9872 10560 9545 10116 10248 10375 9936 10264 10260 10178 11028 9509 9689 10648 11054 10545 10014 9863 10323 10238 10647 9362 9473 9851 9594 10217 9087 10389 9251 9709 10004 10315 10461 9652 9853 9709 10401 10409 10366 9767 10407 9591 9602 10154 10326 9677 10055 9900 10587 10022 9584 10813 9769 9284 9879 10068 10213 9883 9527 10204 10556 10306 10087 10213 10530 10248 9671 10120 9768 10121 10850 9785 10173 10147 9982 10054 10259 10171 10035 10014 10234 10415 9827 9504 9773 9921 10634 9916 9900 9750 9139 9718 9792 9536 10335 10048 9602 9279 10490 9933 10373 10031 10586 10268 10412 9697 10392 9492 10219 9915 9762 10531 9499 10303 9819 9923 9603 9732 10302 9391 10874 10697 10049 10108 10259 10016 10524 10195 9926 10474 10830 10279 9663 9880 10194 9543 10227 9492 9861 10186 10027 10344 10469 10945 10427 10300 9485 10258 9887 9857 10150 10079 10633 10112 10167 10285 10266 10680 9524 10077 10054 9608 9789 10825 10198 9929 10117 9877 10398 10337 9882 10226 10804 9754 10547 10698 9893 9514 10565 10020 10342 10085 10052 9811 10189 9826 9864 10281 10205 10077 9905 9893 9709 10124 9968 9309 10027 10117 10503 10369 10116 9779 10005 10122 10786 9991 10619 10205 9389 10414 10096 9853 9966 10093 10416 9964 10392 10110 10224 10140 9757 9561 10426 9885 9806 10347 10313
9381 9713 9351 9488 9873 9277 9901 8749 9468 9029 8798 10258 9564 9497 9746 8827 9784 8675 9673 9766 9941 9172 9307 9837 9900 9816 9530 9551 9502 9545 9807 9503 9651 10176 9980 9899 9993 9466 9498 9868 9438 9080 9478 9174 10015 9123 9269 9811 9683 9331 10003 9218 10136 8904 9584 9323 10208 9285 8997 9410 9761 9301 9444 10275 9474 8820 9784 9330 9424 9960 10149 9457 9819 9217 9912 8858 9449 9643 9102 9433 9369 9431 10081 9833 9890 9255 9486 9614 9511 9672 9643 8767 9772 9054 9649 9416 9831 9681 9170 9352 9354 9552 8796 10056 9530 9534 9834 9752 9174 9881 8928 9100 9767 9854 9603 9401 10054 9187 9796 9684 9203 9547 9137 10129 8849 9134 9110 9929 9594 10043 9496 9352 9342 9447 10591 9741 9703 9726 9542 9871 9189 9195 10351 9391 10022 9313 10043 10003 9851 8817 9252 10560 9045 9518 9369 10279 9389 9572 9684 10004 10010 9466 9346 10105 9555 9287 9598 10098 9676 9270 9349 9886 9213 9832 9977 9117 9323 9421 9626 9262 10513 9722 9270 10450 9195 9512 9805 10056 9952 9589 8939 9297 9635 10333 8929 9352 9622 9085 9283 8983 9523 9130 9403 9636 10285 9614 9972 9686 9363 9615 9524 10049 9363 9177 9558 8994 8928 9370 9005 9639 9412 9645 9907 9044 9977 9335 9498 9560 9746 9723 9069 9106 9535 9776 10062 9246 9703 10096 9485 9130 9958 9052 9894 9964 9008 9722 9975 9490 9029 9689 9209 9429 9529 9440 9891 9142 9154 9289 9425 10279 9321 9337 9359 8881 9548 9717 8809 10072 9770 9500 8824 10142 9613 10009 9935 10054 9821 9479 9631 9433 9402 9518 9634 9458 9952 8911 9685 9279 9862 9534 9420 9404 9297 9739 10073 9716 9589 9348 9587 10035 9470 9578 8936 10598 9294 9151 9424 9660 9303 10136 9140 9286 9492 9875 10062 9318 10438 9847 9263 9161 9651 9467 9540 9544 9570 9794 9520 10138 9616 9424 9923 9329 10205 9632 9299 9623 9996 9681 9305 9233 9448 9513 10126 9726 9678 9974 9124 9926 10212 9342 9168 10029 9100 10064 9262 9802 9275 9234 9220 9587 9624 9503 9751 9602 9480 9622 9791 9310 9239 9311 9519 9692 9904 9729 9733 9531 9714 10011 9378 9786 9591 9302 10171 9346 9691 9986 9527 9578 9517 10050 9585 9685 9079 8849 9597 9663 9146 9535 9849 10197
9583 9838 9417 9957 9441 10066 10021 8879 9889 9572 9087 11002 10398 9865 9911 9076 9393 9085 10035 10297 9973 9164 9631 9982 10423 9721 9690 9555 9696 9928 10136 9887 9436 10287 9720 9798 10241 9609 9607 9968 9023 9743 9557 9669 9837 9215 9406 9532 10178 9295 10261 9778 9792 9166 9562 9551 10208 9538 9353 9605 10026 9599 9971 10838 9714 9412 9540 9702 9611 9678 10058 9326 9877 9869 9789 9609 9661 9639 9344 9967 9763 9427 10127 9463 10342 9812 9698 10118 10122 9938 9350 8962 9434 9687 9995 9691 9847 9792 9150 9689 9643 9654 9298 10215 9695 9437 10109 9894 10014 9841 9392 9821 9998 10143 9569 9827 9519 9327 9879 9627 9130 9419 9626 10276 9099 9301 9058 9988 9850 9842 9064 9510 9538 9461 10087 9772 9933 10133 9913 9345 9478 9603 10308 8695 10012 9354 9980 10526 9951 9582 9426 10313 9070 9778 9774 10153 9669 9325 9863 10131 10071 9581 9151 9647 9703 9106 9958 10083 9951 9408 9576 10333 9485 9647 9988 9655 9507 10027 10200 9780 10221 9199 9854 10718 9097 9494 10159 10451 10159 9506 9483 9573 10139 10376 9205 9817 9509 9549 9896 9024 9959 9630 9614 9725 10193 10372 9696 9712 9679 9753 10153 9895 9425 9661 9461 9267 9039 9851 9748 9557 9684 9682 9862 9174 10197 9320 9375 9572 9669 9841 9615 9403 9919 10239 10372 9648 10093 10115 10197 9435 9876 9617 9716 10133 9578 9561 9707 9329 9533 9876 10103 9704 9485 9407 10050 9618 9493 9609 9447 10445 9647 9504 9504 9074 9788 9696 9125 9936 9248 9640 9043 9708 10075 9783 9806 10143 9680 9573 9281 10047 9237 9625 9212 9704 10075 8769 9563 9622 9551 9562 9672 9515 8831 10467 9928 9837 9606 9524 10023 10237 9802 9626 9648 10407 9675 9682 9615 9927 9822 10363 9161 9980 9917 9657 9956 9701 10359 10127 9923 9632 9947 9482 9613 9766 9984 9958 9898 10180 9857 9568 9936 9221 10170 9672 9985 9641 10154 9906 9440 9810 9420 9867 9994 9748 9982 10047 8926 10110 10261 9732 9168 9757 9050 10223 9633 9566 9290 9643 9364 9477 10195 9819 9275 10055 9680 9854 9988 9587 8990 9349 9854 10211 10138 9438 9808 9510 9535 10059 9327 9912 9921 9708 10377 9511 9980 9828 9858 9850 9645 10220 9670 9463 9881 9346 9393 10106 9576 9796 9690 10034
9674 9951 9383 9693 9871 10123 9960 9441 9707 9597 9660 10668 9803 9619 10157 9032 9897 8793 10464 10498 9966 9383 9994 9533 10678 9483 10231 10141 10078 10181 10404 10574 9994 10513 9952 9717 10570 9771 10052 10175 9232 9651 10440 9985 10035 9569 8965 9814 10228 9233 10331 9582 10081 9428 10236 10016 10176 9608 9808 9981 10007 9537 9881 10439 9959 9766 9950 9773 10045 10200 10405 9629 10002 9936 10185 9765 9376 9419 9289 10232 9847 9590 10102 9953 10190 9827 9831 10092 10428 10294 9486 9554 9576 9195 9912 9607 10587 9804 9451 9920 9627 9917 9330 10328 9934 9712 10587 10087 9870 10134 9903 9879 10283 10488 9637 9843 10140 9644 9842 10331 9527 10024 9928 10140 9407 9131 9130 10615 9830 9932 9861 9354 9017 10295 10873 9989 9981 10255 10070 9850 9596 9378 10702 9941 9997 9273 9934 10532 10428 10042 9527 10655 9456 9835 9908 10394 9797 9712 9934 10233 9571 10051 9624 10154 9919 9767 9900 10421 10402 10163 10001 9870 10041 9721 10508 9798 10059 10544 9902 10026 10930 10121 10100 10033 9485 9891 10181 10649 10318 9861 9773 9944 10385 10387 9181 10081 9958 9110 10110 9295 10300 9457 9692 9978 10134 10762 10063 10112 9717 10098 10630 10269 9348 9840 9773 9194 9636 10390 9804 9900 9849 10169 9596 9434 10004 9740 9637 9579 9741 10073 10088 9802 10421 10147 10345 9947 9955 10293 10353 9665 9795 9869 10219 10594 9488 9999 10073 9884 9749 10277 9823 9745 9829 10138 10249 9599 9602 9845 9546 10784 9841 9529 9550 9211 9492 10392 9373 10611 9668 9816 9297 10035 10311 9873 10541 10279 9663 10317 9150 10237 9288 9816 10197 10070 10321 9137 10075 9730 9707 9315 9554 10218 9131 10431 10487 9832 9888 10013 10206 10302 9796 9612 10391 10354 9806 9517 9841 9965 9667 10127 9031 9614 10057 9708 10275 10093 10629 10132 9806 9519 10201 9497 9502 10614 9592 10396 9803 10578 9717 9677 10282 9744 10335 10064 9760 9347 10510 9509 9586 9864 9679 10501 10200 10049 9938 10603 9588 9950 10432 9662 9448 10645 9875 10529 9951 10239 9340 9995 9858 9824 10316 9879 9346 10408 10216 9563 9834 9755 9380 9480 10191 10275 10534 10115 10087 9667 10056 10142 9718 10374 9829 9641 10191 9470 10313 9857 10146 10164 9498 10122 9595 10219 9390 9488 9592 10399 9815 9878 10443 10092
9687 9513 9680 9933 9610 9901 10394 9586 9674 9629 9322 10675 9789 9214 9740 9531 10144 9086 9748 10472 9731 9280 9629 9828 10153 9488 9790 9758 9629 9793 10283 10326 9926 10464 10129 9918 10306 9551 9802 9864 9604 9961 9749 9726 10107 9302 9011 10016 9715 9325 10278 9856 10085 9146 9885 9620 10308 9329 9507 9154 9675 8995 9300 10211 9660 9631 9405 9484 9795 10220 10636 9610 9792 9582 9648 9348 10220 9797 9424 10375 9371 9655 10030 9704 9960 9685 9740 9712 10361 10015 9531 9263 9559 9307 9817 9709 9972 9741 9442 9980 9318 9654 9372 9847 9727 9495 10176 10157 9606 10050 9382 10036 10362 10226 9516 9659 9954 9263 9574 9915 9654 9917 9946 10608 9714 9421 9268 10230 9419 9902 9646 9395 9577 9643 10760 10037 9772 10114 9894 9906 10119 9616 10723 9305 9919 9661 9625 10394 9985 8896 9477 11109 9186 9817 9865 10728 9748 9408 10009 10313 9662 9879 9547 10054 9328 9455 9669 9952 10600 9503 9822 10223 9739 9605 10014 9351 10076 9871 10377 9678 10343 9864 9836 10463 9274 9863 9751 10110 10545 9829 9434 9845 9906 10219 9554 9858 9608 9023 9743 9108 10310 9219 9614 9534 10272 10159 10033 9690 9704 9601 10211 10386 9474 9625 9019 9078 9634 9906 9496 9654 9409 9875 9895 9246 10112 9761 9734 9594 9836 9529 9897 9625 9669 9965 9878 9895 9889 10194 10527 9829 9906 9972 10109 10678 9189 10007 10303 10018 9872 10073 9825 9753 9801 9743 9827 9818 9601 9565 9546 10273 9372 9374 9539 9067 9568 10082 9361 9966 9627 9658 9020 9556 10009 9884 10231 10147 10083 9656 9712 9980 9259 9399 9768 9945 10266 9503 10399 9513 9870 9705 9611 9990 9179 10186 9803 9833 9730 9758 10018 10380 9650 9446 10389 10256 9955 9221 9697 9887 9623 10118 9316 9533 9873 10067 10298 9837 9994 10022 9606 9264 10245 9509 9773 9522 10184 10258 9702 10124 10316 9601 9998 9721 9940 9735 9582 9397 10142 9387 9657 9742 9281 9653 10161 9781 9809 10319 9515 10061 10352 9387 9396 10422 9087 10291 9609 9966 9651 9912 9311 9444 9764 9713 9781 10103 9606 9751 10160 9432 9609 9804 9876 10237 10026 9628 9620 9818 9724 10208 9361 10342 9954 9398 10349 9539 10094 9954 9930 9848 9499 10187 9756 10474 9668 9436 9443 10436 9504 9883 10674 10306
10335 10078 9776 10277 9706 10316 10849 9621 10322 10128 9624 11135 10182 9666 10554 9606 10507 9030 10586 10656 10320 9544 9852 10338 10505 10017 10061 9677 10089 9879 10622 10785 9959 10962 10381 9985 10499 10126 10077 10637 9772 10189 10284 10001 10211 9498 9397 9934 10111 9629 10638 9772 10331 9624 10206 10167 10131 9650 9432 10254 10001 9250 10120 10919 10242 10159 9852 10033 10237 10328 10616 9496 10303 10123 10071 9769 10253 9892 9604 10468 9632 9568 10204 9992 10517 10135 9936 10269 10296 10386 9677 9301 9992 9864 10267 9904 10292 10060 9821 10261 9759 9788 9705 10358 10376 9663 10643 10377 9955 10386 9655 10474 10715 10742 9774 9935 9912 9562 9902 10293 9690 10234 10423 10733 9767 9815 9649 10328 9960 10545 9555 9688 9669 9770 10615 10046 10255 10296 10309 10306 9951 9691 11072 9433 10200 9956 10600 10900 10228 9640 9715 10707 9768 9855 9792 10838 10159 9533 10260 11180 10250 10067 9763 10443 9370 9975 10014 10535 10521 9697 10109 10513 9805 10019 10516 9949 10034 10310 10334 10436 11150 10014 10213 10929 9800 10080 10207 10620 10491 9847 9560 9864 10252 10767 9666 9664 9578 9801 10531 9332 10354 9794 10136 9979 10442 10485 10051 10063 10164 10223 10530 10410 9413 9866 9698 9609 9601 10254 9617 10076 10579 10183 10222 9519 10580 9472 10068 9980 9621 10007 10146 9458 10321 10452 10472 10376 10336 10599 10495 9868 10114 10276 10399 10714 9782 10129 10392 10184 10252 10083 10082 10051 10090 10347 10198 9912 9821 9906 9850 10937 9725 9781 9893 9608 9975 10254 9679 10162 9870 10029 9663 10662 10164 10312 10508 10449 10006 10261 10018 10151 9603 9998 10022 10251 10700 9567 10422 9946 9842 10083 10329 9924 9641 10675 10123 9954 9541 9694 10210 10546 10153 10073 10510 10524 10150 9746 10203 10070 9915 10472 9628 9998 10375 10022 10707 10441 10394 10088 9752 10114 10410 9750 9855 10350 10574 10519 10048 10649 10212 10332 10434 9856 10187 10639 10371 9903 10708 9930 9733 9971 9609 10473 10192 9949 10435 10580 9410 10527 10663 10017 9870 10704 9687 10612 10289 9995 9863 9965 9710 9860 10281 10251 10310 10505 9941 10431 10381 9909 9468 10074 10335 10507 10394 10009 10255 9785 9995 10234 9645 10662 10692 9875 10763 9989 10225 10206 10074 10047 9799 10790 9860 10547 10298 9523 9602 10553 9540 10186 10214 10496
10054 10488 10179 10411 10134 9938 10815 10148 10376 10055 10059 11380 10232 9865 10380 9713 10787 9125 10688 10560 10183 9857 10057 10314 10510 9952 9962 10317 10334 10425 10679 10737 10164 11263 10140 10370 10713 10204 9910 10834 10202 10394 10155 10598 10526 9911 9546 9997 10335 9734 10497 10039 10427 9322 10086 9895 10234 9698 9797 9772 10719 9631 10523 11409 9830 9764 10391 9709 10580 10501 10902 10516 10294 9869 10142 10233 10221 10035 9550 10547 10089 9964 10557 10436 10599 10776 10165 10172 10596 10166 10068 9489 9920 10038 10162 10330 10422 10364 9854 9959 9881 9738 9849 10743 10072 10017 10782 10457 10469 10599 9718 10311 10837 10332 10377 10115 10203 10148 9916 9953 9646 10554 10402 10565 9817 9437 9305 10299 10229 10284 10003 9897 10155 10110 11070 10132 10524 10396 10105 10280 10135 10085 10928 9634 10279 10165 10531 10554 10153 10146 9823 11229 9855 10153 9799 10804 10242 10273 10095 10790 10310 10452 10095 10326 9849 10193 10322 10560 10740 9765 9889 10508 10130 10218 11169 9820 10112 10369 10439 10473 10876 10229 9957 10998 9741 10008 10959 10831 10930 10494 10038 10519 10503 10787 9623 10116 10290 9643 10287 9609 10720 9867 9904 10221 10798 10879 10070 10255 10095 10216 10666 10675 9702 10122 9705 9863 10215 10481 9768 10020 10400 10352 10453 9523 10461 10231 9771 9985 9699 10404 10530 10282 10411 10526 10804 10350 10450 10880 10423 9788 10486 10200 10151 11085 9444 10086 10503 10315 10312 10360 10176 10094 10215 10149 10550 10025 9702 9881 9873 10847 9861 9984 10034 9697 9632 10455 9620 10468 10146 9949 9555 10165 10385 10627 10695 10721 10411 9901 10270 10491 9772 10068 10177 10415 10722 9712 10834 9954 10066 10252 10147 10099 9725 10581 10486 10124 10238 10258 10438 10789 10037 10164 10427 10774 10387 9377 10087 10178 9789 10566 9588 10014 10697 10292 10304 10032 11255 10119 10081 9652 10207 9998 10128 10860 10598 10624 10463 10659 10139 10229 10324 10096 10483 10157 9884 10168 10780 10080 10111 10256 9939 10374 10480 10514 10422 10570 9813 10566 10632 10115 9958 10486 9579 10568 10337 10005 10126 10279 9906 9909 10353 10273 10102 10378 9915 10085 10278 10258 9712 10248 10324 10587 10590 10518 10394 10303 10379 10693 9848 10688 10315 9899 10862 10062 10526 9838 10551 10430 10251 10508 10055 10437 10395 9863 10133 10253 9448 10131 10402 10472
9546 9601 9212 9423 9278 9415 10074 9067 9241 9080 9032 10141 9120 9475 9349 9065 9582 8552 9773 9901 9455 8714 9216 9621 9631 9213 9464 9768 8728 9369 9726 9937 9566 9979 9461 9330 9556 9357 9298 9743 9116 9123 9424 9728 9548 9209 9054 9393 9519 9025 9435 9357 9904 8999 9518 9330 10003 9251 8805 9491 9268 9085 9506 9983 9198 9447 9432 9352 9834 9856 9951 9265 9402 9463 9334 9365 9807 9548 8804 9973 9599 9099 9578 9472 9395 9415 9542 9450 9678 9262 9493 8892 9435 8920 9132 9112 10013 9667 8897 9302 8790 9298 9038 9462 9151 9351 9745 9993 9247 9756 9270 9498 9605 9816 8833 9520 9549 9262 9021 9733 8807 9721 9750 9986 8737 9155 9052 9500 9567 9439 9111 9104 9111 9425 10075 9428 9316 9666 9621 9762 9476 9666 9968 8976 9720 9212 9604 10016 9517 8838 8974 9964 9038 9282 9535 9792 9320 9365 9583 9778 9489 9327 9325 9247 9515 9066 9532 9373 10404 9103 9494 10174 9541 9477 9802 9004 9630 9749 9717 9573 10078 9163 9217 10200 8883 9551 9315 9907 9955 9751 9501 9722 9704 9852 9465 9701 9076 8802 8930 8844 9670 9089 9214 9153 9478 9661 9196 9744 9529 9353 9748 9764 8858 9430 8824 9088 9211 9714 8893 9291 9624 9838 9495 8764 9481 9251 9046 9012 9603 9482 9481 9083 9466 9431 10063 9223 9495 9959 9755 9306 9426 9177 9587 9845 8954 9344 9511 9272 9274 9777 9519 9367 9445 9348 9417 9035 9286 9236 9401 9942 9100 9354 9534 8793 9372 9768 8818 9461 9505 9562 8756 9944 9550 9740 9614 9830 9282 9106 9490 9870 9041 9362 9441 9778 9585 8710 9710 9073 9305 9583 9356 9473 9224 9943 9720 9166 9276 9122 9471 9633 9270 9502 9245 10017 9384 8937 9043 9075 9178 9864 9289 9363 9348 9166 9800 9453 9939 9640 9352 8683 9623 9360 9410 9527 9072 10099 9393 9605 9733 9421 9708 9376 9861 9683 9083 8872 9935 9486 9331 9534 8857 9634 9868 9282 9858 9728 8545 9679 9925 9231 9259 9895 9071 10154 9266 9443 9234 9266 8944 9169 9523 9473 9294 9689 9480 9020 9476 9385 9000 9071 9643 9777 9907 9694 9370 9730 9713 10026 9016 9449 9516 8934 9644 9311 9612 9236 9471 9512 8997 9819 8982 9942 9252 8921 9036 9797 9275 9435 9652 9899
9465 10025 9957 10101 9986 9954 10777 9445 9931 9905 9411 10592 10116 9741 10127 9601 10199 9174 10139 10457 10035 9272 9821 10051 10446 10068 9808 10361 9904 9951 10293 10763 9947 10666 10192 9928 10727 9992 10091 10749 9792 9700 9747 9748 10263 9475 9724 9562 10170 9636 10405 9996 10309 9657 9796 10019 10514 10325 9587 10118 10030 9660 10265 10777 10009 9596 10349 10137 9876 10580 10784 9919 10073 10198 10313 9699 10521 10066 9448 10265 10186 9864 10210 9955 10526 9895 9595 10319 10638 9911 9784 9501 10054 9533 10072 9656 10335 10063 9524 10141 10020 10334 9523 10023 9871 9742 10770 10214 10090 10549 9747 10428 10305 10542 9579 9741 10319 9940 10244 10084 9389 10106 10330 10783 9267 9651 9268 10893 9839 9943 10047 9645 10229 10374 10838 10346 10061 10567 10112 10294 10150 9290 10513 9902 10204 10067 10608 10701 10228 9723 9980 10186 9683 10495 9701 10644 10136 9960 10466 10580 9653 10142 9687 10644 10037 9797 10079 10330 10659 9853 10358 10509 9708 9815 10431 9388 10317 10397 10429 10029 10741 9892 10017 10783 9407 9887 10241 10723 10334 9908 10003 10339 10090 10602 9667 10197 9816 9768 10227 9449 10221 9519 10177 10094 10338 10675 10565 9966 10076 10184 10083 10594 9779 10137 9749 9808 9392 10334 10018 10074 10306 10332 9906 9286 10242 10057 9770 9610 9754 9584 10053 9954 10004 10248 10363 10104 10429 10298 10323 9764 9909 9671 10402 10577 9676 10434 10072 9991 9692 10236 9795 10073 10202 10195 10308 9733 9656 10069 9815 10788 9587 10104 10089 9277 10088 10386 9222 10082 9935 10195 9003 10525 10153 10275 10751 10565 10161 10049 10067 10225 9965 10125 10348 10470 10532 9580 10188 9591 10271 9924 10172 10237 9423 10830 10257 10034 9651 9708 9963 10749 10186 10027 10087 10454 10329 9862 9907 9884 9902 10915 9438 9982 9954 9850 10427 10079 10637 10290 10049 9594 10035 9757 9549 10106 9879 10483 9867 10635 10087 10041 10671 9914 10400 10133 10045 10046 10478 9814 10049 9645 9978 10043 10187 9890 10510 10169 9509 10507 10859 9848 9781 10429 9548 10621 10261 9889 9737 10179 9554 9931 10226 10033 10329 10471 9901 9773 10050 9829 9444 9814 10345 10088 10257 9650 9787 10394 10409 10261 9441 10502 10516 9485 10685 9713 10421 10334 9849 10230 9697 10613 10022 10135 10014 9443 9695 10552 9937 10298 10545 10239
9980 10127 10034 9734 9748 10141 10381 9444 10168 9995 9785 11117 10386 9899 10155 9314 10573 9315 10653 10440 9903 9686 9922 10128 10362 10046 9808 10002 9920 10260 10586 10552 10124 10909 9930 10061 10592 9843 10122 10211 9935 9908 10114 9879 10381 9775 9673 9787 10411 9752 10401 10139 9820 9661 9786 10031 10064 9607 9799 9686 10162 9731 10401 10893 9814 9840 10119 9732 10124 10337 10785 10168 10150 10346 9883 10000 9876 9823 9751 9926 10008 9857 10468 10173 10268 10266 9816 10585 10258 9962 9728 9545 9892 9610 9961 9900 10585 10472 9943 9890 9799 10061 9821 10470 9799 9951 10897 10410 10314 10402 9996 10278 10521 10533 9504 10046 10055 9768 10044 10263 9578 10459 10255 10730 9847 9550 9610 10020 10125 10263 9826 9789 9684 10129 10940 10165 10180 10166 10162 10073 10058 9617 10907 9723 10112 9959 10294 10897 10235 10035 9711 10913 9316 10076 9719 10955 10337 9975 10197 10683 10378 10651 9957 10570 9844 9978 9805 10423 10847 9703 9916 10801 10225 9723 10939 9686 9999 10470 10196 10311 10771 9880 10141 11057 9924 9685 10492 10669 10486 9727 9725 10180 10254 10334 9508 9884 10330 9572 10318 9596 10441 9611 9782 9713 10648 10685 9938 9593 9835 10383 10891 10661 9829 10255 9702 9835 9692 10300 9545 10080 10193 10070 10410 9363 10550 9861 9769 9678 10446 10046 10545 10128 10268 10012 10287 10042 10334 10539 10670 9654 10306 10008 10346 10488 9384 10410 10245 10101 9970 10053 9778 9920 9560 10158 10249 9821 10079 9640 10030 10645 10037 9813 10298 9394 9440 10110 9343 10025 9663 10121 9500 10582 10183 10570 10706 10800 10154 9733 9805 9844 9855 9609 10050 10222 10484 9290 10312 9994 10033 10024 9982 10163 9432 10526 10438 9956 9668 10020 10217 10739 10111 10257 10179 10735 10120 9962 9837 10040 9655 10932 9327 9848 10511 9563 10877 10041 10595 10540 10464 9451 10026 9562 10115 10260 9873 10427 10240 10584 10134 9959 10113 10017 10335 10558 9748 9600 10622 10109 9716 10232 10159 10394 10481 10193 10133 10662 9757 10277 10736 10187 9498 10439 9602 10681 9921 9839 9714 10219 9628 10178 10665 10465 9654 9928 10097 10205 10594 9702 9634 9995 10171 10411 10789 10145 10237 10130 10027 10437 9781 11121 10305 9420 10482 9925 10312 10340 10088 9936 9864 10531 9997 10113 9837 9430 9615 10147 9585 10049 10270 10203
9024 9353 8947 9694 9414 9156 9560 8780 9592 9490 9252 10524 9341 8798 9373 8674 9826 8716 9545 9759 9242 8914 9413 9602 9909 9560 9292 9016 9436 9641 9595 10037 9095 10275 9525 9313 9719 9538 9449 10040 9039 9442 9500 9781 10030 8993 8546 9128 9100 9147 10117 9164 9723 9271 9106 9595 9655 9186 9292 9084 9482 9338 9354 10392 9452 9181 9714 9277 9502 9167 9919 9426 9694 9440 9459 9073 9120 9478 8636 9576 9390 8997 9782 9271 9591 9373 9141 9568 9595 9499 9247 8494 9079 8809 9463 8920 9573 9638 8873 9383 9287 9373 9174 9843 9454 8882 9749 9742 9435 9660 8992 9618 9974 9428 9338 9442 9308 9140 9421 9735 8819 9553 9446 9906 9465 9039 9199 9863 9217 9075 9385 9173 9160 9692 10336 9066 9436 9690 9489 9480 9356 9082 9537 8809 9582 9167 9499 9916 9703 9461 9230 10102 9019 9612 9417 10147 9601 9381 9490 10107 9467 9632 8939 9203 9010 9157 9377 9362 9334 9296 9255 9548 9237 8981 10172 8992 9960 9678 9590 9733 9521 9582 9259 10197 9323 8875 10179 9757 9874 9196 9080 9758 9582 9852 8930 9032 9693 8938 9265 8727 9870 9115 9031 9320 9629 10023 9180 9344 9077 9351 10165 9465 8745 9036 9197 9181 9170 9437 9007 9554 9177 9657 9510 8810 9916 9059 8879 8980 9434 9749 9319 9618 9398 9775 9915 9175 9921 10003 9714 8950 9643 9461 9539 10047 8871 9339 9551 9024 9310 10054 9664 8971 9246 9595 9834 9608 8706 9305 9087 10067 9157 9044 8993 8747 8998 9772 8751 9402 9312 9293 8750 9242 9382 9627 9929 9707 9481 9606 9053 9337 8626 9385 9406 9808 9577 8899 9454 9402 9027 9411 9018 9564 8738 9849 9609 9576 9086 9058 9165 9683 9663 9222 9529 9852 9443 9204 9059 9393 9177 9528 8760 9444 9459 9126 9274 9397 10093 9863 9509 8506 9569 9051 9381 9556 9480 9435 9410 10110 9326 9229 9671 9258 9354 9571 9421 8911 9933 8764 9388 9438 9526 9757 9692 9177 9598 9558 8909 9263 10040 9038 8972 10034 8547 9591 9378 9366 9168 9425 9060 8900 9544 9444 9553 9566 9250 9291 9221 9009 9031 9112 9419 9875 9602 9659 9847 9833 9293 9710 8954 9485 9376 9221 9902 9258 9773 9497 9370 9542 9013 9512 9221 9672 9398 9195 9201 9542 9171 9100 9571 9599
9845 10183 10265 10370 10388 10137 10551 9344 10166 9813 9980 10871 10167 9615 10324 9179 10476 9108 10460 10655 9873 9873 10311 10076 10443 9713 10294 10257 9671 10363 10505 10469 9996 10318 10007 10291 10312 9910 10200 10669 9515 9866 9981 9959 10637 9754 9487 9829 10196 9382 10464 9848 10189 9883 10156 10113 10008 9852 9537 9910 10099 9166 10370 10682 10129 9974 10150 9942 10023 10309 10483 9454 10452 10018 9978 9620 10325 9931 9574 10162 9967 9758 10364 10115 10264 9830 9540 9957 10500 9710 9732 9481 9555 9919 10712 9708 10323 10259 9411 10023 9470 9327 9698 10256 9952 9470 10723 10181 9753 10529 9514 10438 10371 10442 9641 10068 9710 9509 10271 10069 9599 10231 9952 10618 9803 9512 9705 10243 9886 10530 9811 9734 9924 9873 10938 10270 10344 9975 10263 10119 10100 9589 10693 9544 10174 9798 10432 10766 10417 9598 9829 10936 9506 9913 10123 10649 10340 9754 10302 10515 10443 9940 9841 9571 10111 10062 9954 10368 10431 9890 9797 10171 9771 10053 10581 9784 10162 10140 10484 10412 10630 10361 9968 10845 9646 10369 9945 10436 10384 9983 9949 10206 10283 11271 9510 9899 9649 9446 10053 9477 10314 9647 10210 9981 10831 10379 10141 9973 9651 9664 10637 10571 9831 9869 10019 9630 9695 10235 9322 9956 9910 9814 10118 9435 10287 9608 9942 9987 10087 10004 10175 9773 9959 10326 10582 10146 9848 10221 10388 9588 10396 9866 10469 10468 9573 10156 10049 9365 10159 9897 9966 9664 10061 10047 10391 9808 9390 9836 10144 10826 10008 10096 9967 9395 10003 10388 9564 10587 10075 9940 9296 10059 10268 10464 10249 10508 10256 10023 9816 9975 9653 10374 9843 10439 10335 9208 10764 9696 9940 10064 9978 9965 9195 10899 10340 10152 9579 9625 9939 10783 10156 10260 10227 10704 10163 9729 10054 10171 9892 10412 9439 10176 10375 9936 10321 10056 10718 10189 9843 9170 10219 10072 9781 10239 9996 10537 9743 10797 10322 10064 10378 9397 10284 10096 10360 9742 10363 9750 9999 9619 9531 10259 9978 9935 10183 10245 9651 10146 10648 9859 9623 10431 9737 10544 10065 9823 9762 10490 9597 9987 10273 10459 10104 10171 9803 9924 10266 9947 9716 10129 10660 10134 10422 10177 9939 10277 9912 9930 10250 10598 10558 9986 10287 9944 10244 10237 10206 10133 9931 10525 9456 10593 9995 9499 9591 10501 9599 10127 10475 10495
9652 9809 9603 9976 9834 9720 10521 9184 10120 9845 9409 10859 9828 9672 10047 9099 10282 9074 10086 10668 9965 8972 9480 10141 9803 9913 9842 9618 9529 9758 10252 10548 9774 10460 9542 9782 10090 10029 9755 10144 9649 9811 10261 9865 9986 9332 8920 9836 10073 9347 9853 9917 9661 9100 9495 10079 10226 9635 9309 9858 9838 8798 10098 10462 9506 9675 9592 9531 9890 9976 10492 9285 10194 9769 9848 8637 9826 9304 9314 9937 9500 9465 9715 9755 10300 9421 9523 10269 9649 9999 9696 9050 9489 9152 9979 9424 10386 9720 9318 9944 9432 9924 9693 9990 10000 9277 10039 9825 9618 9789 9320 9748 10501 9907 9590 9866 9864 9319 9317 10150 9163 9789 10072 10462 9350 9496 9462 10328 9455 9676 9553 9449 9532 9621 10319 9662 9679 9931 9869 9926 9408 9272 10625 9918 9836 9611 10604 10261 9920 9152 9709 10360 9495 9597 9673 10811 10068 9706 9892 10698 9870 9775 9295 10042 9574 9538 10034 10236 10330 9528 9779 9870 9551 9634 10083 9435 9880 9914 9957 9554 10574 9696 9912 10463 9579 9115 9919 10275 10301 9572 9645 9668 9873 10437 9300 9495 9450 9558 9707 9656 9991 9655 9785 9622 10117 10202 9856 9842 9134 9798 10077 10126 9278 9656 9536 9357 9309 9723 9595 9926 9615 9731 9937 8973 10276 9604 9619 9702 9695 9768 9674 8965 9690 10021 10047 9754 10017 10194 9978 9153 9860 9447 9752 10621 9413 9746 9739 9550 9774 10063 9421 9474 9993 9723 10021 9955 9547 9530 9580 10257 9345 9757 9783 8737 9313 9740 9188 9983 9552 9330 9002 9865 9619 9739 9886 10188 10190 9287 9558 9777 9264 9615 9681 9522 10076 9144 10103 9706 9793 9616 9525 9909 9462 10316 10270 9779 9563 9492 9879 10142 9685 9578 9978 10493 9710 9109 9564 10221 9435 10283 9310 9838 10317 9891 10150 10021 10437 9925 9495 9356 10148 9936 9625 9530 9899 10164 9762 10071 10058 10256 10128 9163 10050 9877 9628 9298 10049 9506 9601 9954 9834 9728 10100 9582 9925 10170 9446 10055 10383 9741 9468 10143 9245 10284 10094 9781 9497 9837 9455 9289 9985 9747 9810 9352 9776 9821 10044 9356 9220 9879 10073 10292 10194 9423 10063 9519 9743 10003 9710 10057 10066 9388 10325 9443 10021 9461 10045 9893 9698 9875 9499 10071 9511 9300 9626 9838 9543 9579 10124 9635
9356 9663 9549 9440 9321 9339 10016 8803 9714 9366 9010 10311 9867 8861 9449 8862 9963 8498 9755 10001 9332 8923 9527 9547 10007 9759 9266 10025 9218 9624 10000 10127 9514 9791 9661 9532 9842 9658 9677 9874 9402 9076 9502 9357 9684 9045 9101 9692 9406 8915 9568 9202 9249 8680 9211 9346 9372 8893 9217 9148 9624 9056 9498 10162 9324 9088 9284 8958 9564 9470 10383 9100 9385 9470 9676 8925 9501 9554 9200 9773 9598 9793 9962 9428 9795 9552 9257 9923 9753 9677 9034 8957 9480 9420 9648 9012 9826 9760 9168 9421 9360 9516 9116 9819 9868 9663 9625 9535 9486 9871 9213 10127 9955 9891 9536 8906 9637 9391 9158 9410 9139 9515 9642 9832 8967 8815 9093 9814 9194 9567 9292 8946 9153 9646 10295 9499 9809 9863 9781 9587 9296 9449 10145 8894 9910 9045 9801 10387 9887 8907 9438 10490 9072 9324 9093 10067 9786 9382 9371 10080 10087 9642 9057 9897 9143 9660 9529 9969 10090 9284 9535 9845 9168 9566 10331 9017 9537 9485 9459 9606 10118 9741 9397 10170 9369 9467 9922 9930 10265 9077 9407 9033 9600 9854 9084 9350 9467 9131 9353 8725 9832 8867 9418 9566 9309 10265 9615 9462 9448 9565 9720 9653 9232 9342 9282 9181 9281 9415 9331 9509 9426 9653 9830 8839 9500 9141 9328 9666 9338 9512 9487 9357 9433 9561 10014 9645 9620 9928 9773 9262 9804 9608 9665 9977 8846 9701 9523 9488 9282 9318 9377 9538 9077 9728 9687 9240 9286 9127 9379 10296 9431 9354 9313 9104 9344 9866 9153 9669 9146 9420 9072 10188 9558 9908 9566 9933 9573 9561 9154 9495 9215 9091 9799 9515 9628 8709 9780 9411 9296 9247 9088 9329 8680 10031 9607 9626 9276 9326 9580 9740 9386 9669 9681 10276 9297 9223 9399 9210 9209 9875 8941 9587 9839 9404 9788 9340 10241 9828 9735 9140 9784 8874 9183 9911 9460 9948 9417 9907 9618 9328 9755 9263 9685 10028 9478 8946 9846 9336 9339 9446 9256 9456 9763 9593 9697 9708 9050 9867 10051 9572 9141 9559 8958 9923 9285 9354 9024 9155 9047 9215 9466 9475 9578 9490 9734 9252 9765 9303 8954 9374 9403 9462 9884 9452 9909 9235 9885 9808 9254 9450 9421 9116 10209 9553 9434 9993 9310 9899 9153 10048 9392 9673 9330 9145 9508 9481 9035 9193 9863 9897
9740 9825 9907 9666 9378 9719 10133 9172 10006 9580 9012 10876 9953 9442 9865 9065 10528 8972 10008 10629 10199 9615 9728 10158 10490 9905 10056 9463 9515 9983 10062 10372 9381 10349 9797 9665 10277 9901 9699 10130 9900 9814 9782 9641 10431 9441 9156 9557 9971 9513 9892 9781 10210 9156 10054 9648 10389 9521 9342 9631 10065 9317 9911 10514 9821 9761 10123 9644 10051 9811 10237 9858 10175 9760 9912 9401 9841 9522 9259 10112 9993 9582 9774 9947 10303 9832 9978 9764 10125 9796 9489 9015 9715 9836 10038 9447 10148 9886 9577 9855 9484 9977 9995 10003 10009 9418 10469 9710 9376 10291 9848 10105 10139 10424 10019 9333 9940 9254 9984 9988 9248 9328 9695 10385 9339 9242 9220 10099 9436 9244 9571 9359 9232 9554 10409 9850 10170 10325 9818 9656 9720 9628 10477 9590 10060 9923 10444 10843 10427 9793 9388 10599 9459 9627 9945 10733 9964 9508 9602 10518 9986 9841 9451 10052 9565 9575 9862 10261 10198 9419 9860 10290 9354 9465 10188 9676 9822 10060 9762 9772 10713 9940 10000 10607 9437 9584 10101 10573 10771 9849 9100 9983 9921 10278 9415 9339 9719 9376 9964 9068 9806 9499 9597 9387 10256 10691 9457 9757 9602 10248 10481 10205 9523 9986 9314 9363 9804 9997 9909 9713 9634 9914 9531 9155 10206 9750 9594 9398 9642 9523 9599 9563 9842 10134 10150 9873 10266 10275 10305 9418 10234 9503 9942 10215 9108 9938 10257 9922 9986 9927 9753 9501 9906 10055 9992 9839 9409 9329 9755 10577 9459 9530 9541 9014 9640 9830 9150 10119 9565 9684 9078 10283 9918 9749 10066 9829 9643 9736 9754 10004 9472 9555 9548 9962 10095 9115 10128 9987 9873 9602 9715 9715 9134 10304 10372 10134 9574 9745 9819 10376 9929 9938 9791 10101 9617 9607 9588 9664 9690 10384 9368 9920 9802 9788 10028 9967 10121 10353 9807 9769 9875 9811 9557 9810 9823 9953 10049 10170 9825 9606 10312 9534 10341 10181 9772 9427 10175 9869 9683 9966 9570 9853 10013 9518 10035 10303 9377 10172 10696 9487 9279 9846 8923 10206 10324 9592 9864 9609 9654 9510 9916 9625 9939 9951 10026 9850 9919 9728 9218 9619 9773 10132 9921 9766 10079 10093 10007 9948 9630 10197 10070 9444 10268 9397 9962 9917 9787 10143 9391 10312 9886 9998 9519 9610 9564 10209 9540 9790 9919 9866
9459 9664 9670 9748 9493 9220 9816 9086 9732 9633 9610 10574 9790 9803 10070 8875 9893 8750 10119 10123 9864 9038 9476 9518 10085 9618 9699 9632 9765 9757 10218 10114 9119 9944 9646 9239 10345 9856 9697 9916 8941 9566 9475 9830 9792 9517 9250 9470 9582 9083 10089 9203 9712 9052 9817 9728 10015 9230 9182 8885 9753 9320 9621 10217 9703 9407 9365 9338 9643 9721 9990 9267 9706 9546 9725 9268 9548 9087 9098 10083 9311 9421 9460 9298 9914 9624 9379 10007 9599 9993 9530 9056 9566 9547 9651 9389 10028 9530 8975 9620 9276 9691 9484 9784 9884 9401 10194 9748 9682 10069 9053 9628 9923 10430 9559 9693 9840 9452 9276 9991 9212 9606 9650 10515 9616 8985 9231 9819 9506 9816 9437 9273 9080 9611 10347 9898 9717 9903 9626 9835 9772 9388 10016 9339 9707 9424 10056 10053 9755 9456 9669 10378 8921 9314 9289 10150 9606 9281 9837 9962 9415 9568 9174 9922 9592 9441 9591 9831 10145 9374 9477 10157 9316 9220 10054 9280 9694 10172 9947 9694 10080 10026 9548 10143 9071 9162 10045 9665 9951 9866 9402 9796 9957 10176 8834 9104 9413 9042 9553 8811 9800 9155 9351 9338 10092 10155 9632 9677 9373 9332 10106 9810 9031 9774 9611 9359 9509 9597 9330 9247 9413 9893 9817 9020 10076 9241 9245 9707 9755 9443 9817 9325 9491 9812 9986 9355 9798 10135 10055 9167 9516 9590 9961 10215 9458 9841 9505 9355 9654 9825 9357 9757 9511 9628 9686 9346 9146 9439 9552 10350 9574 9846 9559 9060 9648 9626 9391 9742 9575 9287 9308 9733 9599 9539 10022 10264 9682 9492 9309 10089 8969 9574 9335 10003 10163 8817 9866 9566 9292 9629 9311 9830 8851 9915 10016 9691 9399 9458 9823 10020 9963 9547 9805 9921 9270 9428 9221 9849 9670 10084 9014 9846 9797 9274 10038 9743 10396 10032 9601 9226 9683 9671 9393 9575 9586 9920 9892 9863 9650 9610 10105 9052 9870 9739 9486 9492 10266 9527 9517 9823 9244 9596 9616 9615 9779 10197 9031 9752 10176 9450 9373 9837 8828 10067 9787 9802 8955 9426 9400 9021 9601 9934 9395 9493 9492 9782 9354 9653 8786 9175 10088 10132 9695 9489 9670 9488 9604 9902 9539 10126 10059 9402 10490 9214 10026 9770 9191 9902 9600 9624 9952 9642 9992 9245 9379 9876 9635 9888 9619 9933
9607 10256 10101 10203 10145 10048 10389 9980 10100 9936 9647 10829 10461 9882 10180 9323 10520 9453 10316 10859 10103 9611 9534 10086 10450 9730 9608 10171 9978 10340 11073 10621 10122 10915 10015 10515 10760 9802 9879 10061 9851 9963 10209 10168 10447 9597 9252 9525 9781 9259 10706 10162 10726 9520 10254 10447 10343 9804 9695 9722 9917 9258 10004 11042 10143 10100 10041 10014 9619 10260 10778 9886 10142 9826 9794 9812 10401 10084 9565 10241 9637 9659 10174 10203 10383 9603 9775 10491 9950 10240 9640 9026 10017 9641 10173 9812 10224 10086 9468 10030 9974 9910 9801 10656 10115 9797 10505 9945 9910 10468 9720 10451 10481 10313 9805 9657 9887 9726 9772 10100 9756 9920 10088 10551 9494 9902 9259 10133 9520 9963 9870 9747 9917 10105 11488 9973 10359 10207 10132 10342 10207 10266 11358 9716 10171 10062 10454 10731 9980 9705 9695 10650 9668 9932 9504 10392 10360 9523 10240 10678 10272 10365 9680 10287 9521 9925 10153 10442 10358 9463 9735 10431 9813 9705 10595 9359 9889 10248 10379 10137 10632 10230 10018 10680 10008 9774 10327 10361 10539 10088 9862 10230 10063 10490 9723 10039 9437 9713 9923 9389 10285 9720 9811 10007 10386 10374 10244 9911 10174 9805 10187 10361 9426 9899 9497 9740 9766 10352 9737 10044 9844 10331 9942 9196 10546 9900 9337 9875 10284 10177 9697 9618 10169 10631 10419 9995 10519 10582 10506 9400 10244 9662 10129 10663 9298 10035 9999 10298 10268 10254 9873 9873 10137 9959 10221 9907 9881 9935 10379 10426 9920 9970 9950 9257 9780 10393 9843 10309 9937 9901 9629 10513 10013 10096 10563 10401 10267 9803 9811 10076 9430 10041 9744 10319 10387 9569 10285 10059 9851 9919 9659 10127 9757 10404 10036 9632 9477 9953 10054 10553 9916 10092 10668 10706 9927 9661 9756 10032 9776 10080 9620 10365 10241 9655 10509 10357 10529 10293 9762 9634 10592 9972 9987 10242 10251 10559 9933 10231 10335 10166 10154 9329 9821 10237 9878 9641 10316 10143 9721 10351 9428 10196 10250 9873 10664 10041 9388 10157 10369 10070 9836 10340 9616 10406 10270 10306 9497 10179 9806 10146 10292 10214 10009 10265 9770 10089 10243 9940 9465 9959 9938 10609 10326 9846 10327 10086 9695 9985 9828 10517 10470 9963 10664 9799 10483 9921 9964 10487 9562 10489 10002 10547 10101 9465 9760 10516 10125 9719 9965 10464
10055 10565 9931 10341 10088 10143 10672 9585 10370 10243 10036 11312 10649 9848 10248 9306 10502 9326 10600 11226 10663 9789 10011 10343 10482 10005 10753 9932 10248 10557 10593 10678 9840 11012 10224 10268 10791 10349 10363 10458 10204 10339 10384 10468 10823 9801 9654 10045 10519 9254 10694 10017 10192 9566 10272 10105 10296 10048 9816 10091 10336 9460 10110 11130 10366 10600 9770 10243 10623 10460 11252 9623 10215 10351 10333 10198 10488 10120 9649 10704 9771 10391 10352 10620 10423 10367 9686 10587 10226 10423 9928 9366 10089 10205 10276 9550 10599 10263 9799 10354 10002 10357 10014 10545 10494 10309 10667 10442 10017 10442 9809 10329 10995 10825 10154 10218 10503 9888 9927 10253 9761 10140 10206 10745 10253 9595 10329 10486 10319 9996 10025 9807 9793 10241 11105 10281 10352 10516 10249 10437 10126 10408 11128 9957 10578 10050 10627 10724 10700 9959 9983 11069 9831 9917 10143 11067 10424 9984 10508 10833 9897 10292 9491 10562 9841 10212 10257 10751 10868 10257 10154 10591 9912 10413 10762 9774 9989 10396 10652 10279 10860 10453 10392 11158 10178 10231 10605 11128 11022 9880 10140 10416 10419 10862 9438 9922 10356 9851 10327 9137 10624 10044 9929 10213 10304 11098 10269 9629 10298 10240 10843 10851 9937 10354 9914 10178 10172 10491 9712 9815 10037 10361 10340 9633 10871 10260 9723 10266 9846 10383 10573 10163 10012 10235 10747 9973 10513 10739 10583 10345 10511 10302 10216 10811 9394 10088 10430 10341 9960 10407 10578 10344 10468 10761 10439 10260 10298 9960 10401 11070 9783 9897 9919 9404 10036 10273 9739 10706 9764 9998 9540 10619 10272 10601 10503 10774 10386 9930 9977 10237 9486 10067 10136 10385 10451 9334 10679 10219 10079 10496 10159 10468 9892 10840 10359 10254 10478 10459 10174 10397 10790 10168 10844 11014 9966 10015 10122 9926 10156 10772 9657 10124 10479 10233 10584 10267 11230 10558 10526 9547 10406 9766 9788 9955 10163 10800 10179 10527 10248 10421 10763 9711 10573 10617 10102 9588 11040 10005 9949 10428 9494 10198 10606 10367 10295 10900 9771 10634 10933 9794 9938 10269 9658 10764 10627 10246 10167 10276 9671 10392 10551 9970 10076 10363 10520 10426 10323 10351 9406 10164 10482 10571 10381 10550 10234 10413 10108 10452 10041 10494 10431 10218 10825 10064 10817 10252 10316 10594 9662 10369 10522 10322 10321 10354 9737 10764 9693 10141 10616 10544
9502 9810 9775 9873 9695 9810 10208 9359 10104 9801 9752 10730 9715 9776 9690 9007 10437 8658 10216 10481 10266 9376 9845 9992 10377 9730 9538 9784 9775 10137 10180 10445 9706 10228 9799 9894 10238 9585 9848 10064 9270 9807 9833 9514 9983 9429 9444 9266 9790 8824 9996 9837 9632 9321 9877 9750 9793 9489 9840 9414 10008 9235 9827 10706 9564 9706 9378 9468 9755 10073 10171 9685 10218 9751 9801 9527 9935 9567 9346 10146 10035 9452 9904 9618 9806 9878 9484 10273 9972 9681 9662 8901 9587 9382 10026 9669 10161 10001 9421 9597 9766 9823 9597 10007 9911 9702 10714 9822 10223 9948 9428 9780 10370 10186 9563 9717 10012 9885 9559 10238 9162 9722 9921 10308 9517 9714 9339 10283 9989 10186 9697 9317 9900 9593 10446 9691 10403 10089 10305 9476 9749 9659 10652 9500 9988 9534 10493 10455 9950 9545 9507 10414 9353 9407 9491 10080 10016 9476 9436 10520 9915 10256 9569 10357 9628 9654 10084 10319 10366 9865 9818 10303 9469 9424 10524 9506 9809 9983 10065 9983 10643 9990 9840 10515 9221 9260 10111 10268 10161 9801 10008 9918 10093 10476 9463 9746 9605 9286 9503 9265 10313 9182 9704 9672 10288 10149 9949 10164 9386 9688 10464 10021 9488 9694 9326 9402 9738 10126 9748 9973 9578 9648 10309 9234 10429 9909 9303 9692 10109 9856 10048 9340 9737 10142 10535 9727 9943 10422 10288 9232 10318 9740 9778 10229 9462 10259 9876 9710 9842 9871 9535 9782 9582 10029 10318 9948 9536 9972 9855 10388 9344 9470 9811 9109 9156 10117 9366 9921 10021 9741 9196 10026 9691 9685 10179 10057 9840 9887 9276 10136 9585 9613 9957 10009 10076 9283 10015 9590 9874 9809 9207 10054 9256 10160 9854 10076 9655 9946 9638 10172 9630 9417 9961 10289 9743 9261 9723 9923 9380 9983 9608 9532 10101 9717 9945 9655 10531 10108 9424 9260 10066 9653 9687 10315 9828 10268 9953 10048 9877 9870 10215 9764 10286 10032 9769 9807 10250 9976 9699 9732 9658 9616 10200 9955 9917 10264 9208 9954 10305 9807 9463 10108 9371 10220 9322 9737 9733 9883 9402 9600 10088 9771 9969 10016 9884 9564 9788 9539 9299 9722 10023 10182 10128 9965 9865 9881 10025 10088 9654 10258 9742 9592 10439 9699 10120 9658 9948 10080 9821 10456 9300 10125 9946 9546 9542 10346 9721 9884 9818 9890
8809 9478 9290 9620 9613 9083 9724 8866 9167 8968 9259 10316 9036 8686 9557 8593 9699 8218 9217 10076 9538 8882 8961 9578 9849 9310 9428 9205 9197 9457 9906 9758 9023 10131 9350 9319 9965 9240 9192 9833 9237 9277 9647 9383 9669 9145 8768 9456 9191 9017 9543 9268 9574 8841 9146 9491 9452 9501 8741 9185 9524 8592 9407 9986 9209 9228 9158 9288 9340 9312 9788 9175 9463 9288 9402 9064 9636 8684 8545 9849 8964 8848 9484 9146 9485 9351 9069 9610 9799 9665 8814 8685 9256 9094 9246 9109 9624 9335 8888 9552 9071 9583 9090 9941 9716 8923 9854 9650 9089 9288 9080 9178 9542 9819 9265 8986 9714 8893 9567 9538 8848 9327 9418 9900 9271 9048 9102 9505 8864 9371 9298 9025 8940 9166 10198 9210 9562 9430 9214 9598 9000 8735 9621 9410 9509 9688 9516 9715 9144 9533 9129 9955 9147 9440 9338 9788 9289 9375 9530 10199 9283 9579 9381 9429 9322 9020 9315 9619 9564 8760 9247 9524 9290 9109 9979 9032 9366 9451 9948 9343 10041 9368 9761 10101 9116 9198 9720 10049 10136 9212 9223 9415 9280 9956 8633 8950 9187 8358 9328 8360 9659 8742 9248 9346 9627 9752 9405 9012 9135 9542 9889 9811 8745 9226 8966 9062 8937 9669 8974 9424 9487 9303 8917 8849 9531 9070 9061 8977 9068 9320 9475 9121 9345 9432 9987 9590 9261 9778 9662 8821 9384 9149 9395 10126 8802 9347 9177 9295 9134 9573 9610 9245 9136 9606 9412 9477 8722 8983 9263 9920 9256 9092 9311 8569 9271 9204 8770 9192 9183 9076 8590 9775 9595 9542 9723 10163 9492 9377 8937 9322 9306 9117 9485 9658 9585 8637 9403 8989 9318 9020 9027 9293 8755 9548 9563 9502 9194 9208 9312 9670 9239 9463 9688 9959 9497 9171 9091 9596 9063 9750 8622 8929 9746 9103 9511 9520 9936 9680 9402 8740 9718 9270 8897 9540 9430 9740 9711 9426 9479 9324 9806 9056 9833 9520 9328 9033 9776 9067 9180 9499 8954 9317 9459 9080 9530 9680 8935 9426 10188 9477 8800 9644 8829 9793 9493 9288 8856 9404 9133 9119 9509 9430 9540 9523 9453 9596 9165 9300 8736 9465 9488 10119 9605 9128 9255 8867 9102 9730 9142 9757 9345 9074 9790 8937 9221 9168 9129 9396 8777 9461 9221 9372 9190 9018 9080 9044 9167 9285 9392 9484
9684 10422 10043 10348 9847 9892 10282 9634 10259 10169 9716 11046 10223 9975 10164 9659 10298 9261 10262 10809 10540 9709 9939 9967 10138 10186 9956 9961 10059 10214 10745 10537 9780 10448 10252 10341 10371 10036 10435 10618 9971 10069 10282 10171 10209 9592 9517 9989 10492 9703 10577 9829 10452 9341 9701 10138 10095 9905 10152 9702 10289 9496 9958 10868 10054 10063 9881 9815 10309 10175 10901 9654 10111 9907 10405 9878 10489 9871 9550 10068 9827 10141 10643 9872 10757 10061 9759 10360 10128 10299 9871 9366 9981 9815 10213 9980 10303 10416 9469 10227 9899 10523 9922 10461 10427 10059 10624 10570 10331 10292 9821 10086 10652 10600 10186 10115 10303 10279 10116 9895 9676 9952 10310 10745 9758 9753 9514 10580 10135 10145 9677 9809 9550 10287 10793 9861 10048 10234 10382 10421 9873 9914 10923 9672 10274 9782 10717 10784 10120 9876 9690 10879 9446 10106 9932 10404 10370 10040 10167 10801 9907 10170 9744 10542 9645 9798 10255 10414 10938 9824 10384 10375 9902 9975 10513 9851 9788 10506 10367 9931 10592 10513 10220 10785 9631 9998 10375 10695 10621 9857 9831 10364 10589 10416 10001 9747 9892 9551 10197 9610 10573 9472 9925 9989 10312 10722 10065 9778 10146 10505 10524 10545 9510 10155 9320 9790 10018 10081 10199 9998 10270 10221 10275 9606 10246 9790 9773 9757 10136 9913 10195 10028 10125 10212 10454 10284 10173 10470 10466 9881 9717 10184 10453 10542 9838 10361 10149 10321 10029 10001 9907 9973 9825 10217 10652 9806 10086 9817 10228 10774 9993 9973 10136 9300 10073 10192 9587 10480 10297 9631 9505 10187 10056 10384 10516 10867 10525 9854 10087 10246 9664 9809 10401 10092 10460 9440 10581 9752 10192 9964 9882 9917 9592 10769 10385 10556 9987 10601 10287 10405 10040 10022 10504 10490 9913 9837 10084 10090 10054 10572 9343 10188 10200 9920 10385 10280 10801 10190 9856 9721 10678 9721 9953 10356 9938 10656 9728 10518 10285 10163 10174 10058 10152 10221 10038 9377 10834 10085 10017 10271 9619 10177 10386 9838 10294 10779 9707 10523 10733 9991 10130 10401 9660 10595 9899 10267 9570 9809 9569 9844 10140 10100 9892 10145 10191 9996 10403 9999 9829 9950 10671 10397 10658 9936 10074 10107 10092 10281 9779 10490 10398 9993 10668 10029 10099 10029 10029 10242 9829 10489 10332 9941 9784 9598 9700 10288 9652 9730 10156 10515
9708 10112 9315 10389 9835 9561 10266 9341 10126 9985 9742 10905 10278 9909 10410 9333 10337 9037 10145 10037 10077 9456 9664 9824 10352 9831 10246 9909 9888 10088 10370 10410 9767 10662 10094 10280 10527 9838 9867 10348 9490 9882 9820 9945 10849 9505 9051 9891 10264 9648 10291 9661 10103 9224 9959 10000 10331 10025 9521 9685 10256 9304 9952 10529 9657 10016 10253 9756 9665 10230 10322 9852 10314 9810 9574 9573 9993 9916 9288 10224 9645 9903 10309 10084 9868 9632 9707 9860 10283 10008 9712 9390 10306 9767 10239 9710 10214 10051 9751 10140 9738 9753 9550 10525 10025 9563 10605 10362 9469 10159 9412 10070 10066 10528 9710 10310 9974 9634 10154 9671 9888 10183 10008 10563 9404 9590 9724 10442 9918 10306 9613 9710 9650 10099 10616 10097 9966 10319 9727 9764 9958 9644 10601 9354 10191 10196 10415 10582 10115 9632 9516 10849 9288 10328 9888 10651 9970 9852 10343 10604 9893 9749 9591 10087 9766 9756 10229 10088 10520 9462 10041 10473 9898 10383 10436 9438 9889 10457 10233 9896 10321 10213 10128 10778 9986 9938 10538 10559 10344 10157 9771 10268 10162 10426 9572 9963 10062 9757 10132 9484 10246 9652 10004 9690 10298 10640 9721 9933 9806 10164 10846 10062 9475 9992 9464 9592 9779 10029 9660 9992 10184 9977 10295 9050 10500 9560 9381 10200 10058 9790 9904 9964 10102 10525 10602 9977 10556 10315 10220 9539 10010 9992 10175 10568 9390 10001 10206 9864 9739 9974 10072 9797 10128 9923 10123 9820 9582 9539 9828 10696 9644 9917 9623 9331 10021 9871 9349 10449 9690 9806 9268 10086 9933 9896 10417 10221 10130 9855 9647 10109 9417 9520 9986 10455 10028 9283 10326 9685 10099 9667 9807 9854 9468 10350 10574 10224 10058 10121 10008 10297 9977 9953 10000 10906 9634 9768 9994 10151 9764 10263 9211 9818 10117 9702 10098 9861 10557 9992 10384 9612 10307 9743 9789 9985 10098 10372 9634 10191 9828 10006 10308 9618 10200 10395 9819 9676 10310 10260 9938 9990 9815 10135 10443 10058 10100 10222 9209 10123 10409 9599 9701 9988 9249 10466 9719 9684 9728 10006 9306 10204 10449 9924 10027 9849 9796 10019 10376 9813 9604 9643 10099 10387 10223 9883 9950 9817 9877 10179 9659 10363 10141 9727 10629 9383 10140 10290 10048 10222 9800 10195 9816 10494 9634 9521 9724 10518 9754 9618 10129 10142
9370 9334 9223 9521 9247 9035 10099 8757 9478 9467 9257 10331 9286 8557 9287 8155 9613 8531 9655 9316 9278 8982 9492 9305 9596 9216 9925 9356 9316 9201 9509 9934 8986 9521 9616 8957 10081 9240 8941 9422 9303 9111 9018 9233 9455 8628 8860 9229 9302 8789 9757 9248 9277 8567 8825 9521 9326 9162 9177 9304 9072 8804 9712 9794 9245 9349 9369 9244 9591 9458 9626 8846 9600 9097 9231 8765 9308 9040 8570 9314 9133 9010 9447 9434 9627 8714 9353 9684 9280 9206 9200 8856 9208 8862 9448 9039 9784 9055 9033 9408 9160 9220 9263 9315 9171 9119 9653 8863 9467 9731 8954 9714 9920 9670 9211 9141 9259 8931 9224 9523 8874 9565 9517 9984 8712 9086 8736 9907 9112 9473 9248 8922 8774 9214 9966 9796 9276 9328 9378 9678 9242 8897 9820 9100 9541 9116 9662 10162 9269 8922 9234 9751 8915 9034 9301 10306 9195 9074 9800 9997 9125 9831 8979 9491 9265 9119 9296 9747 9716 9123 9294 9599 9078 9023 9790 8594 9396 9773 9736 9378 9825 9380 9322 10035 9126 9371 9439 9993 9933 9189 8812 9369 9992 10015 8970 9114 8852 8853 9049 8524 9588 8925 9910 9042 9772 9712 9367 8956 9125 9259 9438 9936 8808 9077 9121 9183 9102 9243 9102 9142 9231 9469 9164 8421 9515 9297 8516 9064 9119 9386 9252 8761 8923 9271 9710 9150 9000 9453 9736 8985 9437 9460 9178 9852 8801 9360 9423 9065 9155 9275 9063 9290 9139 9213 9390 9477 8778 9445 9085 9745 8804 9012 9091 8921 9099 8928 8722 9813 9285 9000 8718 9508 9460 9242 9756 9826 9381 9367 9017 9703 8925 9142 9184 9042 9709 8404 9418 9166 9165 9746 9052 9623 8740 9952 9544 9110 9311 9343 9334 10097 9050 9260 9525 9844 9686 9318 8931 9134 8666 9312 9139 9307 9441 9033 9512 9318 9836 9654 9005 8697 9691 9236 8914 9364 8785 9593 9454 9593 9231 9208 9979 8661 9480 9433 9489 8763 9758 9030 9576 8739 8890 9572 9744 9476 9526 9675 8975 9682 10147 9129 8974 9666 8562 9515 9558 8819 8974 9093 8839 9006 9450 9188 9489 9757 9165 9359 9241 9126 8825 9282 9645 9882 9708 9105 9230 9194 9355 9388 9166 9654 9298 9101 9663 9370 9604 9494 9265 9591 9092 9452 8953 9530 8808 8880 8550 9476 9286 9506 9576 9536
9433 9673 9784 9862 9117 9526 10055 9202 9679 9485 9166 10944 9872 9299 9708 8390 9891 8789 9944 10093 9563 9465 9691 9551 9884 9742 9728 9613 9638 9883 9884 10564 9542 10230 9650 10184 10122 9823 9646 10162 9544 9586 10228 9854 9705 9452 9058 9531 10147 9225 9915 9810 9827 8901 9367 9503 10021 8919 9299 9420 9706 9082 10040 10515 9508 9636 9773 9786 9574 9640 10235 9546 10193 9771 9991 9381 9708 9446 9451 10225 9731 9697 9857 9546 9653 9516 9388 9804 10147 9684 9566 9243 9753 9169 9424 9435 9529 9652 9105 9762 9565 9981 9289 9797 9854 9599 10169 9984 9578 10338 9328 9953 10254 10436 9344 9548 9694 9519 9405 9816 9007 9394 9798 10398 9374 9072 9253 9968 9831 9305 9718 8724 9541 9652 10270 9590 9974 9654 9470 9831 9677 9614 10319 9342 9734 9571 9933 10404 10033 9258 9352 10323 8982 9615 9344 10266 10022 9465 9977 10365 10014 9680 9292 9823 9129 9621 9879 10061 10228 9419 9953 9898 9520 9500 10183 9209 9502 10016 9719 9745 10558 9854 9624 10663 9523 9453 10165 10275 10540 9320 9103 9877 9844 9805 9342 9515 9580 9208 9658 8882 9859 9240 9416 9715 10211 10054 9511 9834 9770 9818 10228 10582 9004 9935 9431 9620 9606 10037 9359 9833 9596 9824 9751 9486 10126 9291 9494 9324 9416 9360 9516 9444 10007 10130 10149 9726 10078 10120 10244 9348 9681 9552 9893 10112 9231 9535 9822 9827 9486 10210 9818 9479 9718 10038 9920 9557 9466 9248 9866 10450 9326 9326 9345 8722 9253 9622 8913 9781 9553 9401 9474 9938 9854 9632 10032 10234 9811 9645 9396 9876 9371 9853 10155 9682 10143 9071 10182 9574 9712 9827 9596 9618 9182 10110 10169 9958 9489 9692 9611 10042 9226 9523 9973 10666 9531 9543 9135 9914 9428 10128 9240 9788 9939 9513 9523 9551 10069 9720 9745 9326 9882 9711 9663 9857 9525 10096 9277 9704 9986 9693 9978 9613 10014 9922 9502 9401 10141 9744 9468 9972 9316 9619 9858 9788 9917 9884 9170 9538 9633 9797 9270 9904 8902 10150 9527 9592 9632 9637 9639 9114 9502 9661 9857 9730 10211 9603 9676 9464 9133 9241 9871 9851 9750 9847 9616 10156 9607 10012 9493 9814 9858 9691 10275 9652 9818 9682 9806 10090 9489 10407 9886 9547 9530 9221 9514 9970 9385 9308 10001 9932
9454 9763 9728 9604 9662 9727 10342 9021 10170 9445 9256 10889 9786 9494 9819 9043 9970 9102 10185 10273 9773 9216 9629 9805 9858 9324 9663 10043 9451 9719 10453 10024 9328 9999 9767 9681 10400 9503 9473 10079 9251 9732 9904 9821 10051 9305 9145 9486 10067 9210 9863 9494 9975 8946 9820 9773 10010 9215 9126 9400 9398 9340 9888 10104 9576 9783 9626 9477 9365 9950 10322 9462 9806 9879 9367 9353 9783 9515 9347 10149 9566 9694 9379 9605 9754 9708 9576 10087 9954 9917 9351 8613 9601 9293 9890 9509 9796 9853 9144 9542 9242 9648 9106 9975 9594 9788 10447 9990 9529 9692 9746 9936 10180 9923 9673 9586 9623 9437 9645 9945 9249 9692 9745 10565 9331 9252 9550 9861 9726 10053 9385 9083 9591 9767 10258 10036 9652 10042 9714 9739 9586 9466 10747 9395 10059 9513 9542 9751 9808 9414 9566 10350 9379 9329 9469 10394 9948 9589 10127 9891 9856 10153 9358 10165 9341 9721 9704 10197 10081 9428 9530 10163 9658 9810 10350 9206 9561 9919 10139 9825 10202 9654 9443 10465 9307 9344 10015 10334 10539 9701 9582 9557 9671 10209 9065 9358 9450 9332 9597 8675 9949 9345 9754 9367 9787 10489 9840 9566 9764 9668 9824 10085 9036 9856 9352 9431 9752 9944 9357 9714 9494 9673 9914 9183 9833 9186 9303 9591 9377 9545 9683 9339 9500 9576 9890 10067 9580 10083 9821 9412 9608 9795 9760 10350 9516 9948 9288 9882 9757 9837 9927 10046 9571 10055 9964 9538 9629 9270 9515 10303 9517 9552 9776 9463 9643 10316 9012 9786 9516 9130 9052 10056 9979 9614 9415 10375 9530 9692 9450 10014 9321 9875 10154 9987 10105 8930 10305 9397 9223 9350 9399 9899 8890 10420 10000 9507 9605 9660 9774 9992 9670 9472 9860 10042 9666 9607 9239 9506 9562 9681 9110 9706 10007 9737 10158 9567 10624 9944 9508 9594 9832 9423 9448 9954 9966 9905 9605 9791 9734 9648 10132 9325 9635 9543 9857 9659 9899 9678 9339 9893 9435 9784 10035 9766 9488 10177 9182 9873 9761 9525 9102 9846 9545 10084 9715 9857 9216 9806 9533 9829 10091 10021 9472 9750 9822 9517 10059 9228 9157 9621 9796 9756 9811 9682 10280 9861 9891 10298 9385 10450 9865 9473 10176 9137 10068 9420 9459 9753 9355 10039 9705 9656 9502 9176 9288 9803 9324 9732 9709 9985
9388 9719 9755 9639 9698 9396 10108 9280 9717 9687 8960 10860 9843 9313 10014 9161 9965 8946 10481 10199 9902 9251 9553 10019 10229 9829 9484 9975 9479 9779 10344 10510 9664 10073 9700 9652 10219 9984 9663 10136 9517 9442 9817 9722 9878 9271 9331 9603 9433 9222 9990 9292 9701 9296 9407 9895 10279 9433 9229 9439 9887 8909 9740 10629 9519 9173 9693 9300 9601 9842 10169 9574 10141 9286 9271 9043 9820 9220 9180 10043 9545 9598 9869 10063 10115 9156 9019 10078 9624 9250 9546 8918 9569 9235 9831 9123 10542 9582 9057 9545 9398 9841 9495 9892 9601 9166 10157 9752 9604 9970 9311 9461 10054 10118 9580 9825 9997 9582 9476 9826 8986 9804 9758 10308 9614 9441 9284 10198 9681 9791 9644 9327 9591 9790 10729 9908 9738 9875 9797 9927 9589 9308 10037 9152 9842 9280 10434 10054 10042 9509 9164 10324 9192 9628 9763 10410 9984 9419 9818 10457 9560 9374 9409 10193 9607 9284 10154 10091 10565 9510 9724 10010 9316 9735 10249 9472 9939 10114 9946 9790 10625 9572 10026 10380 9299 9201 10257 10244 10027 9515 9581 9697 9998 10519 9262 9605 9510 9119 9822 9159 10081 9334 9618 9477 9753 10168 9844 9413 9599 9733 9837 9868 9052 9616 9421 9501 9251 9939 9375 9265 9767 9659 9612 8931 9965 9109 9793 9400 9578 9736 9722 9394 9898 9773 10145 9538 9817 9846 10065 9399 9758 9508 9552 10531 9321 9483 9456 9447 9257 9753 9709 9666 9766 9703 10032 9502 9795 9456 9577 10782 9531 9435 9184 8887 9186 9549 9403 9556 9523 9644 8887 10381 9715 9531 10037 10299 9884 9762 9374 9653 9134 9353 9838 9965 9824 8702 9903 9464 9309 9929 9809 9530 9391 9440 9933 10177 9297 9583 9739 10193 9684 9802 9820 10194 9520 9155 9454 9909 9272 10171 9060 10079 10053 9345 9983 9812 10602 10242 9855 9135 9776 9761 9626 9655 9700 9704 9730 9829 10179 9929 10001 9281 10070 10245 9820 9086 10172 9918 9374 9578 9369 9600 9953 9842 9920 10011 9081 9924 10106 9425 9718 9971 9018 10126 9778 9953 9164 9782 9204 9844 10073 10051 9462 9701 9356 9652 9330 9702 9433 9268 10027 10132 9808 9322 9673 9679 9503 9767 9800 10271 9623 9356 10446 9641 9952 9692 9854 9832 9436 10142 9075 9589 9574 9338 9282 10324 9204 9636 10101 9834
10065 10235 10054 10407 10211 9965 10702 9748 10300 10157 9861 11466 10333 9956 10668 9368 10647 9596 10661 10706 10262 9535 10163 10286 10632 10516 10087 10512 10462 10429 10751 11189 10188 11246 10260 10259 10980 10251 9955 10689 10061 10324 10309 10655 10722 10031 9781 10378 10209 9914 10448 10284 10832 9704 10214 10290 10254 10049 9887 10239 10303 9531 10208 11212 10123 9991 10499 9912 10678 10624 11222 10038 10617 10338 10413 9972 10416 10313 9781 10638 10118 10468 10212 10337 10737 10100 10326 10488 10639 10468 9894 10069 10361 10297 10674 10058 10702 10575 10153 10691 10382 10508 10067 10580 10320 9980 10857 10798 10397 10724 9974 10691 10981 10503 9664 10385 10073 10296 10430 10704 9613 10346 10613 10611 9929 9947 9918 10761 10242 10528 10163 10160 10194 10493 10758 10602 10399 10926 10314 10503 10181 9657 10775 9679 10443 10159 10486 11119 10463 10205 10172 11364 9821 10085 9990 10965 10010 9677 10135 10869 10349 10535 9776 10426 9739 10055 10351 10387 10351 10045 10164 10637 9981 9899 10643 9797 10528 10362 10664 10405 10606 10595 10462 11338 10207 9819 10689 11060 11203 10496 9857 10555 10702 11014 10125 9967 10468 9441 10582 9738 10326 9662 10197 10406 10488 11042 9950 10282 10274 10443 10769 10516 9681 10315 10051 9806 10011 10437 9975 10441 10413 10344 10704 9627 10696 10020 9659 9933 10388 10147 10102 10088 10527 10869 10925 10482 10572 10831 10860 10150 10527 10435 10310 10925 9624 10406 10648 10249 10409 10110 10451 10360 10260 10921 10604 10210 9767 9997 9970 11228 9908 10035 9531 9746 10016 10350 9796 10324 10164 10468 9546 10996 10321 10683 10635 11108 10604 10487 10272 10796 9948 10227 10203 10747 10787 9929 10438 9961 9939 10391 10485 10476 9278 11357 10351 10248 10157 10556 10530 10787 10449 10200 10835 11165 10864 9868 10254 10187 10194 10487 9309 10243 10297 10220 10873 10095 10654 10410 10595 9821 10695 9996 10029 10407 10472 10709 10300 10887 10468 10401 10779 10352 10492 10438 10215 10189 10932 10169 10320 10343 10073 10261 10909 10476 10644 10646 9828 10597 11047 10092 9975 10921 10240 10662 10188 10023 10088 10314 9758 9921 10794 10162 10065 10409 10603 10420 10669 10180 9746 10176 10642 10870 10776 10481 10173 10064 10599 10545 10059 10511 10580 9925 11069 10128 10700 10179 10235 10793 9858 10936 9968 10596 10423 9985 9626 10625 10205 10173 10577 10445
9261 9838 9773 9424 9830 9753 10139 9299 9875 9370 8704 10835 10074 9097 9886 8949 9893 8656 10065 10343 10028 9669 9480 9546 10260 9743 9450 9814 9678 10099 10083 10325 9683 10019 9727 9731 10387 9922 9954 10343 9788 9801 9789 9048 10044 9136 9721 9492 9938 9379 10024 9735 9917 9117 9652 9639 10203 9572 9593 9185 10020 9091 10010 10601 9773 9821 9977 9221 9656 9934 10065 9141 9803 9793 9612 9418 9857 9694 9309 9767 10074 9451 10112 9800 10064 9845 9366 10153 9652 10089 9343 9229 9340 9760 9905 9442 10078 9689 9524 10010 9301 9459 9393 9741 10420 9860 10005 9983 9650 10156 9358 9765 10287 9803 9881 9270 9915 9759 9390 9450 9120 9666 9713 10126 9394 9323 9217 10258 9302 9645 9335 9627 9471 10038 10507 9665 9757 10132 9429 9775 9389 9438 10273 9626 9991 9770 10058 10217 9719 9606 9709 10423 9457 9748 9613 10656 9793 9542 9878 10586 9945 9947 9605 10140 9510 9988 9661 10120 10272 9566 9553 10380 9880 9100 10228 9662 9833 10153 10264 9605 10349 9870 9796 10544 9436 9496 9964 10107 9932 9797 9589 9996 10293 9951 9453 9868 9708 9120 9956 9422 10138 9310 9432 9415 10490 10512 9923 9887 9952 9738 10198 9852 9282 9789 9688 9307 9805 10155 9719 9453 9923 9818 9987 9044 10091 9892 9629 9508 9604 9556 9957 9567 10066 10054 9915 9631 9876 10121 10239 9607 10006 9527 10091 10401 9523 9717 10301 9940 9294 9882 9532 9887 9697 9737 9857 9535 9601 9603 9412 10700 9650 9034 9334 9245 9894 9804 9422 9884 9740 10011 8954 10053 9999 10226 9909 10509 9662 9520 9607 10079 9294 9601 9501 9929 10205 8654 9805 9456 9551 9712 9815 10120 8837 10055 9520 9821 9630 9949 9702 10714 9714 9897 9791 10006 9560 9870 9488 9995 9725 10250 9319 9622 9738 9488 9742 9523 10064 10297 9536 9143 9877 9370 10125 10063 9783 10198 9953 10250 9713 9800 10099 9255 10375 9917 9638 9348 10199 9826 9666 9787 9405 9903 10121 9858 9855 10297 9205 10214 10542 9519 9376 10002 9317 10151 10008 9644 9500 9769 9243 9734 10160 9827 9865 9756 10053 9594 9941 9438 9037 9700 9760 10480 10088 10038 10022 9857 10005 10273 9436 10157 10181 9765 10304 9464 9776 9883 9860 9783 9154 9946 9810 10183 10033 9479 9507 9964 9615 9711 9849 9877
9619 10217 10094 9911 10083 10227 10631 9323 10440 9971 9892 10882 10205 9980 10147 9190 10828 9348 10164 10815 10359 9523 10158 10249 10305 9929 10175 10074 9713 10125 10399 10430 9796 11036 9882 10376 10458 9913 10255 10362 9989 10130 10567 10229 10522 9567 9598 9885 10196 9544 10388 10073 10128 9837 10023 10045 10153 9941 9721 9656 9820 9873 10262 10976 9659 10132 10226 9729 10083 10628 11012 9754 10112 10196 9994 9575 10805 9732 9440 10356 10231 10120 10297 10199 10310 9885 9614 10574 10064 10170 10027 9516 9643 9762 10438 9561 10314 10425 9388 9951 9938 10370 10063 9997 10028 9767 10362 10340 10073 10598 9830 10560 10503 10484 9930 9633 10100 10041 9847 10406 9734 10239 10319 10497 9667 9736 9742 10211 9892 10161 10054 9737 9746 9935 11043 10278 10365 10124 10293 10267 10226 9810 10431 9771 9883 10160 10794 10924 10220 9548 9548 11038 9785 10034 9997 10585 10142 9932 10469 10226 10225 10177 9847 10344 9583 9973 10361 10332 10818 10193 10275 10250 9896 9763 10324 9620 9844 10303 10333 10061 10632 10206 10193 10942 9663 9898 10148 10405 10446 10129 9985 10091 10108 10561 9598 9627 10340 9619 9820 9613 10386 9762 9786 9768 10604 10535 10048 9781 9659 10385 10425 10326 9501 10380 9650 10034 9713 10522 9646 10233 10220 10444 10492 9210 10509 9922 9476 10151 10029 9881 9923 9859 9819 10445 10267 9992 10203 10173 10268 9625 10116 9674 9818 10622 9437 10176 10137 10094 10060 10161 9963 10393 9792 9959 10129 10131 9849 10101 10054 11347 9620 9735 9953 9583 9796 9982 9500 10242 10206 9929 9042 10215 10487 10279 10336 10848 10417 9878 9975 10453 9895 10060 10441 10234 10810 9471 10289 9967 10160 9986 10008 10410 9336 10925 10456 10406 10071 9726 9913 10825 10026 10091 10218 10990 9975 9691 9710 10162 9739 10538 9737 9877 10096 9638 10636 9754 10498 10353 9991 9759 10139 9603 9935 10510 9673 10153 9779 10852 10529 10351 10564 9522 10705 9797 10141 9696 10563 10072 10132 10117 9837 9945 10735 10113 10273 10572 9633 10239 10523 9894 9752 10136 9509 10673 10563 9752 9851 9763 9439 9850 10178 9994 10212 10099 10444 10169 10042 10017 9751 9978 10392 10468 10468 9812 10112 10338 10038 10404 10153 10023 10090 9822 10565 9845 10261 10260 10143 10144 9730 10758 10242 10108 10047 9803 9541 10433 9851 10294 9910 10598
9343 9799 9894 10101 9702 9456 10599 9712 9964 10032 9775 10707 9973 9973 10057 9470 10097 8726 9813 10400 9732 9461 9482 9872 10188 9648 9816 10067 10104 9874 10317 10417 9727 10385 9528 9812 10432 10150 9889 10075 9863 9657 10047 9905 10042 9481 9239 10017 10430 9376 10119 9668 10185 9863 9471 9971 10092 9482 9685 9643 9952 9141 10199 10888 9896 9777 10151 9796 9846 9874 10357 9848 9848 9859 10470 9500 9551 9618 9305 10377 9751 9681 10189 9872 10067 9622 9536 10096 10016 9839 9677 9645 9955 9400 9889 9463 10319 9794 9815 9828 9727 10104 10024 10187 10038 9678 10374 10439 9931 10685 9565 10317 10440 10123 9517 9567 9768 9544 9654 10098 9090 10510 9857 10354 9681 9676 9563 10222 9611 10065 9395 9551 9675 9730 10543 10267 10129 9984 9819 9896 9689 9455 10642 9351 9975 10002 10282 10649 10002 9266 9576 10335 9471 10109 10146 10410 10075 9724 10053 10857 10001 10135 9312 9887 9374 9722 9985 10329 10184 9802 9692 10157 9822 9869 10441 9488 9980 10305 9995 9906 10584 9922 9926 10509 9422 9475 10315 10156 10652 9777 9826 10293 10013 10313 9520 9929 9778 9607 10174 9318 9849 9205 9706 9815 10095 10247 9799 9723 9914 9643 10458 10223 9396 9824 9403 9560 9584 9922 9757 10085 9994 9733 10491 9510 10225 9882 9753 9626 9901 9540 10483 9514 10198 10339 10423 10108 9974 10518 10337 9799 9780 9869 9838 10554 9577 10271 10192 9600 9767 9787 9726 9747 9647 10320 10039 9991 9389 9705 9396 10215 9646 9868 10298 9414 9635 9868 9520 9784 9584 9721 8876 9871 9697 10281 10710 10408 9886 9656 9858 10430 9591 9765 10220 9650 10232 9422 10147 9584 9772 9954 9760 9929 9293 10460 10418 10152 9665 9828 10284 10498 9900 9821 10066 10208 9924 9558 9768 10079 9788 10087 9190 9972 9808 9799 10511 9650 10325 10515 9800 9143 10071 9739 9828 9933 9865 10520 9720 10093 10044 9998 10214 9634 10329 10130 9784 9386 10502 9703 9889 9664 9597 10246 10142 9944 10176 10344 9391 10174 10551 9833 9669 10749 9309 10141 10121 10045 9576 10184 9249 9671 9730 9875 9778 9731 9902 9906 10096 9662 9289 9820 10391 10572 10176 9604 9771 9643 10219 10250 9653 10502 10058 9365 9974 9833 10092 9841 9689 9729 9596 10173 9807 10073 9645 9480 9821 10121 9557 9665 10278 10019
10426 10589 10079 10065 10617 10222 10963 9683 10657 10416 10125 10876 10022 9807 10553 9379 10673 9347 10592 11223 10712 9602 10211 10586 11036 10473 9944 10567 10208 10608 11022 10991 10166 10978 10299 10615 11365 10424 9917 10684 9882 10646 10274 10685 10533 9882 9717 10231 10094 9638 10372 10263 10684 9830 10251 10195 10951 10357 10180 10111 10026 10289 10291 11041 10180 10264 10424 10044 10488 10306 11409 9999 10300 9872 10218 9974 10796 10023 9706 10514 10552 10445 10668 10240 10512 10237 10327 10232 10574 10210 10433 9496 10519 10226 10030 9964 10861 10516 9935 10264 9929 10793 10427 10800 10527 10460 10751 10251 9925 10769 9889 10683 10430 10933 10118 10140 10694 10520 9913 10496 9551 10256 10425 10612 10047 9778 9640 10682 10156 10379 10500 10415 10319 10296 11307 10452 10730 10370 10523 10509 10133 10096 10990 10040 10416 9715 10756 10413 10644 10060 9799 11056 9358 10174 10357 11229 10749 10159 10478 10429 10523 10212 9765 10786 10323 10123 10441 10611 10773 10123 10444 10563 10136 10559 10962 9593 10937 10274 10790 10563 11101 10318 10282 11158 9837 10432 10637 10539 10951 10226 9928 10199 10528 10777 10092 10466 9908 9827 10400 10047 10343 9514 10209 9906 10630 10584 10370 10547 9955 9854 10645 10749 10070 10254 9827 9793 10238 10519 10301 10329 10070 10494 10397 9792 10732 10551 10383 9938 10324 10485 10458 9900 10609 10797 10765 10036 10388 11139 10745 10246 10680 10497 10200 10966 9929 10218 10508 10075 9994 10215 10073 10315 10022 10298 10047 10143 10116 10542 10473 11018 10386 10369 10309 9964 9878 10658 10065 10685 10373 10397 9212 10343 9952 10719 10822 10705 10571 10317 10351 10603 10096 10216 10492 11229 10517 9323 10991 10115 10192 10399 10193 10410 9970 10946 10683 10114 9996 10044 10363 10789 10650 10410 10734 10911 10117 9803 10099 10739 10403 10735 9718 10334 10942 10279 10487 10418 11364 10551 10479 9712 10541 10197 10307 10550 10501 10930 10291 10531 10541 10483 10348 9689 10466 10843 10491 9829 10771 10110 10298 10186 9922 10644 10370 10389 10374 11202 9756 10466 11029 10356 10193 10517 9702 10946 10762 10476 10144 10283 9869 10193 10793 10333 10131 10163 10558 10158 10204 10377 9577 10482 10354 10424 10705 10173 10329 10510 10225 10761 10217 10902 10488 9857 10771 10149 10565 10082 10155 10744 9901 11015 10151 10576 10168 9594 9993 10849 10056 10399 10781 10784
9711 10319 9667 9668 9821 9938 10351 9094 9430 9690 9606 10541 9722 9320 9741 8968 9935 8720 10016 10006 10265 9316 9513 9529 9997 9928 10008 9768 9844 9705 10253 10088 9586 10379 9973 9658 10379 9644 9930 10111 9897 9914 9892 9840 10233 9296 9468 9626 10019 9292 10100 9639 9693 9491 9729 9387 10086 9336 9402 9656 9738 9134 9954 10651 9829 9546 9733 9320 9692 9644 10573 9314 9871 9463 9886 9472 10065 9275 9152 9861 9766 9207 10301 9703 10199 9513 9538 10170 9672 9560 9683 9180 9783 9621 9535 9555 9888 9547 9190 9659 9574 9866 9628 10245 9903 9324 10234 9586 9746 10198 9395 9941 10067 10305 9530 9424 9817 9378 9566 9909 9301 9516 9448 10102 9541 9200 9208 10140 9779 9840 9550 9298 9358 9690 10453 9808 10047 9986 9559 9818 9651 9231 10398 9016 9660 9596 10046 10677 9875 9399 9585 10493 9547 10021 9534 10047 10158 9145 10146 10613 9833 9598 9324 9768 9432 9764 9823 10025 10348 9496 9602 9605 9435 9873 10617 9537 9616 10244 9657 9733 10573 9789 9839 10370 9383 9425 9905 10405 10124 9676 9686 9737 9424 10081 9321 9460 9523 9099 9926 8629 10130 9257 9583 9467 10115 10206 9288 9489 9424 9728 9967 9968 9532 9721 9383 9307 9722 10010 9538 9904 9915 10073 10127 9834 10192 9237 9382 9773 9918 9708 9671 9561 9699 10051 10317 9602 9986 9922 10378 9364 9787 9247 9790 10780 9158 9338 10124 9418 9497 10010 9656 9605 9568 10035 9767 9434 9329 9516 9511 10372 9312 9459 9149 9192 9623 9796 9360 10085 9658 9859 9306 10003 9532 9825 10274 10103 9402 9509 9681 9937 9438 9667 9909 9585 10019 9008 9711 9576 9481 9681 9442 10095 8863 9894 10086 10032 9970 9592 9796 9704 9637 9987 10227 10282 9481 9709 9218 10241 9580 9978 9084 10056 10277 9326 9771 9623 10467 9974 9867 9348 9914 9484 9600 9840 9734 10133 9330 10193 9677 9562 10200 9482 9902 10260 9515 9537 10188 9567 9797 9689 9835 10336 10031 9753 9803 10503 9089 10060 10305 9721 9493 9499 9155 10052 10250 9336 9870 9951 9592 9534 9936 9889 9587 9963 9920 9889 9785 9604 9002 9590 10188 10599 10250 9948 9713 9815 9712 10129 9375 10288 9903 9755 10244 9420 9792 9912 9220 9685 9673 9747 9821 9894 9593 9411 9904 9825 9044 9705 9816 10040
10007 10075 10110 10272 9773 9858 10069 9386 9836 9814 10269 10677 9938 9206 9882 9302 10659 8645 10246 10462 10010 9319 9674 10011 10362 9932 10030 9815 9687 9828 10564 10502 9686 10700 9702 10162 10456 9569 10096 10025 9447 10009 10099 9631 10198 9368 9312 9608 10068 9333 10230 10145 10010 9222 9938 10178 10339 9810 9733 9615 10203 9237 10120 10891 9677 9703 9997 9942 9911 10067 10344 9437 9906 9551 9554 9569 10305 9461 9403 10024 10139 9977 10062 9671 9724 9836 9597 10403 10038 9879 9729 9294 9506 9333 9798 9561 10299 9944 9555 9914 9755 9887 9807 10070 10134 9614 9787 10053 10163 10416 9548 10265 10376 10437 9693 9544 10085 9880 9602 9902 9640 10121 10194 10857 9384 9657 9320 9990 9749 9979 9654 9418 9863 9691 10751 10360 10034 9974 9904 9932 9509 9408 10478 9260 9893 9900 10518 10275 10219 9849 9059 10384 9353 9542 9817 10796 10062 9809 10240 10967 10048 10171 9481 10313 9486 9797 9975 10306 10605 9663 10160 10433 9856 10360 10463 9499 10118 9928 10179 9852 10620 9947 9819 10764 9483 9632 9965 10613 10629 9718 9872 9729 10385 10828 9381 9664 9842 9540 9779 9207 10185 9306 10015 9925 10303 10394 9821 9829 9886 9635 10463 10488 9390 9534 9652 9590 9665 9962 9680 9425 9595 9978 9700 9435 10433 9282 9536 9886 9900 9813 9964 9490 9871 10423 10269 9864 10158 10102 10185 9869 10367 9778 10047 10449 9301 10282 10047 9843 9853 10039 9470 9599 10064 9787 10153 9694 9717 9657 9725 10662 9444 9639 9694 9210 9771 9785 9019 10273 9989 9566 9764 10409 9899 9993 10005 10454 10061 9974 9811 10180 9345 9964 9895 10185 9991 9495 10354 9698 10064 9544 9565 9528 9343 10466 10142 9745 9989 9591 10257 10207 10082 9660 10044 10591 9932 9617 9836 9462 9681 10416 9464 10053 9768 9680 9977 10105 10888 10389 9856 9254 9931 9921 9916 10425 9918 10308 9954 10070 9620 9869 10328 9576 10301 10255 10109 9607 10525 9854 9478 9971 10170 10170 10242 9545 9841 10492 9328 10268 10113 9513 9791 10088 9390 10371 9626 10007 9704 10062 9473 10016 9846 10381 9809 9926 9975 10044 10080 9619 9007 9934 9483 10266 10216 9803 10295 9959 9783 10256 9648 10142 10292 9504 10536 9727 10115 9922 9747 9844 10126 10366 9586 10232 10038 9454 9584 10139 9622 9706 10074 10533
10428 10373 9992 10570 10173 10766 10734 9838 10301 10098 10053 11569 10271 10162 10602 9568 10665 9458 10765 11040 10529 10258 10456 10304 10779 10379 10109 10788 10328 10342 11073 11076 10200 10987 10534 10600 10850 9958 10257 10447 10126 10355 10785 10403 10640 10180 10264 10258 10680 9682 10712 10554 10380 9804 10307 10793 11020 10252 9794 10039 10358 9612 10601 11139 10256 9991 10619 10361 10485 10992 11499 9847 10621 10354 10282 10329 10640 10360 9767 10639 10395 10516 10345 10256 10419 10374 10218 10416 11071 10500 10039 9932 10288 10274 10568 10183 11070 10240 9887 10257 10225 10972 9957 10549 10178 10788 10906 10718 10223 10929 10043 10892 11530 11167 10495 10617 10750 10330 10078 10800 9800 10591 10790 10864 10013 10192 9514 10901 10491 10506 10545 10120 9968 10341 11219 11009 10643 10590 10654 10761 10732 10461 11351 10334 10096 10423 10781 11226 10435 10095 10006 11062 9957 10421 10060 11430 10529 10343 10799 11194 10759 10906 9886 10783 9675 10013 10362 10879 10986 10088 10559 10828 10102 9838 10958 10285 10764 10901 10692 10480 11718 10160 10525 11253 10078 10422 10478 11033 10733 10207 10392 10819 10815 10769 9531 9979 10519 9865 10839 10001 11163 10011 10221 10327 10941 11031 10611 10433 10526 10348 10723 10694 9903 11002 10082 9634 10428 10927 10334 10147 10601 10690 10495 9978 10702 10545 10250 10181 10663 10575 10680 10255 10402 10582 10743 10154 11446 10749 10797 10187 10729 10202 10684 11049 9832 10323 10721 10266 10412 10185 10063 10452 10503 10841 10663 10081 10298 10043 10633 11248 10297 10064 10375 9834 10330 10664 9972 10734 10231 10064 9913 10849 10529 10609 10920 11208 10528 10365 10267 10791 10596 10647 10675 10771 11184 9802 10485 10059 10504 10765 10198 10695 9682 10853 10850 10669 10540 10095 11015 11274 10415 10388 10383 11173 10474 10497 9912 10643 10054 10787 9863 10034 10245 10453 10889 10586 11039 10687 10346 9636 10667 9903 10599 10827 10077 10867 10441 10560 10770 10714 10579 10065 10532 10754 10349 9936 11105 10694 9998 10181 10323 10639 10853 10672 10783 11111 9594 10874 11498 10352 9908 10796 10095 10804 10939 10799 10163 10388 10497 10437 10951 10717 10236 10797 10934 10713 10524 10528 9774 10598 10662 10727 10825 10759 10685 10722 10448 11001 10292 10977 10382 9934 10858 10381 10849 10407 10480 10745 10292 11082 10162 10551 10244 9862 9924 10986 9969 10275 10471 10948
9798 10099 9784 9673 9734 9622 9891 9475 10025 9999 9643 11057 10215 9825 10182 9150 9983 8661 10042 10544 9625 9032 9701 10073 10125 9753 9804 10178 9784 10154 10318 10457 9557 10761 9624 9708 10175 9694 9976 10025 9341 9888 10032 9759 9991 9763 9261 9861 10268 9310 10240 10074 10048 9382 9672 10325 10334 9350 9748 9526 10254 9500 9964 10437 9639 9547 9589 9829 9995 10098 10389 9934 10119 9542 10088 9679 10099 9540 9290 10199 9792 10025 10065 9374 10222 10029 9407 10005 10054 10037 10002 9146 9752 9234 9854 9622 10462 9942 9049 9735 9783 9898 9659 9909 9994 9750 10461 10230 9365 10255 9576 10249 10181 10136 9562 9850 9893 9391 9560 10396 9935 9653 9879 10069 9600 9088 9390 10500 9828 9570 9835 9517 9461 9874 10612 10235 9951 9944 10071 9757 9816 10067 10664 9467 10162 9403 10290 10390 10033 9498 9149 10425 9229 9773 9466 10625 9926 9596 9987 10422 10027 10104 9547 9923 9568 9588 10132 10522 10688 9669 9780 10324 9446 9604 10254 9530 10079 10145 10174 9769 10787 10004 10003 10832 9465 9378 10221 10275 10398 9708 9636 9964 9889 10502 9316 9887 9770 9507 9578 9675 10395 9481 9690 10072 10329 10240 9723 9445 9754 9908 10348 10292 9318 10113 9677 9653 9545 10376 9752 9266 9853 9925 9863 9323 10092 9825 9392 9625 10392 9774 10019 9403 10260 10272 9983 9509 10163 10307 10374 9655 10101 9351 10147 10530 9219 9742 10050 9511 10164 9828 9092 9850 9927 10106 10221 9563 9482 9565 9807 10196 9593 9935 9426 9185 9821 10051 9362 9813 9863 9317 9307 10032 10072 9854 10263 10377 9932 9709 9558 10196 9418 9865 10015 9791 10191 9310 9929 9797 9694 9554 9681 9908 9705 10362 10401 9862 9919 9880 10216 10106 10013 9763 9865 10853 9988 9298 9408 10040 9522 10486 9693 9954 9907 9538 10154 10015 10715 10042 9757 9360 10158 9833 9790 10016 9518 10116 9651 10442 9879 9991 10211 9970 10513 9852 9804 9553 10344 9855 9164 10043 9916 9784 9892 10268 9706 10478 9348 10498 10194 9812 9782 9868 9386 10313 10099 10215 9270 10098 9923 9777 9997 9985 9707 9948 10051 9860 9790 9597 9265 9519 10011 10254 10449 9638 10113 9921 9702 10117 9667 10678 9725 9816 10527 9190 10149 9964 10195 10053 9686 10413 9627 9897 10044 9195 9789 10124 9686 9681 9897 10282
10305 10313 9959 10252 9776 9900 10973 9722 10484 10101 9746 11318 10180 9741 10195 9386 10507 9171 10619 10836 10292 9654 9829 10287 10293 10085 9991 10077 10355 10241 10716 10243 10159 10892 10225 9848 10380 9911 9718 10434 9954 10288 10795 9811 10691 9841 9729 10235 10316 10201 10451 10064 10052 9884 9803 10370 10165 9768 9313 9661 10315 9292 10381 10769 9944 9754 10547 9745 10031 10413 10466 9653 10298 10110 9963 9891 9955 9928 9579 10329 10033 9688 10199 10150 10192 9901 10033 10227 10531 10068 9733 9591 10153 9838 10046 9752 10632 10357 9619 10138 9496 10230 9778 10126 10073 9531 10520 10249 9987 10235 9993 10066 10894 10326 9848 9839 10186 9871 10114 10577 9122 10208 10260 10720 9770 9801 9717 10778 10127 9735 9695 9616 9735 9979 10394 10485 10019 10108 10162 10332 9843 9848 10764 9369 10054 9658 10323 10831 10390 9963 9861 11119 9658 9902 9981 10800 10264 9789 10484 11194 10141 10334 9905 10130 9366 10054 10456 10485 10565 9816 9705 10645 10255 9562 10784 10089 10186 10124 10109 9835 11227 10546 10103 10937 9687 10009 10453 10762 10858 9869 9890 10235 10286 10680 9278 10039 10064 9595 10311 9660 10528 9595 9889 10037 10885 10694 10041 10091 9911 10323 10417 10554 9679 10236 9762 9576 10100 10176 9526 9873 10016 10128 10000 9655 10302 9984 10157 9629 10119 10149 9906 9991 10549 10368 10544 10207 10545 10569 10676 10091 10140 10079 10134 11228 9604 10300 10566 10014 9964 10026 9910 9995 10031 10099 10102 10099 9893 9536 10008 10974 9889 9868 9494 9569 9842 10373 9434 10093 9715 9840 9370 10295 10342 10349 10584 10623 10387 9872 9768 10384 10003 9950 10116 10221 10599 9602 10364 9687 9923 10210 9631 9851 9478 10412 10658 9890 10342 9807 10477 10334 10108 10073 10162 10459 9826 10154 9787 10289 9628 10564 9509 9848 10115 9801 10710 10188 10430 10131 10051 9442 10320 9947 10118 10104 10102 10325 10207 10590 10607 10121 10162 10031 10472 10321 10037 9789 10463 9952 9790 9901 9933 10297 10307 9764 10698 10446 9433 10618 10800 9875 9851 10504 9301 10470 10136 10085 10152 10180 10082 9738 10391 10167 9930 9970 10077 10132 10280 9942 9552 9617 10250 10759 10462 10009 10144 9741 10358 10290 10166 10774 10652 9904 10730 10068 10584 9834 10174 9873 10334 10599 10133 10248 10063 9637 9841 10497 9517 10490 10509 10417
9690 10360 9767 9745 9829 10144 9984 8996 9904 9852 9587 11044 9932 9697 9791 9321 10353 8896 9803 10647 10068 9091 9666 9811 10524 9822 9694 10008 9661 10297 10018 10748 9538 10706 10074 9867 10193 9512 9924 10358 9488 9683 10198 10193 10116 9408 9603 9594 9786 9341 10444 10043 9996 9339 9805 9730 10210 9185 9677 9685 10089 9466 9922 10718 10048 9775 9654 9675 9754 10087 10822 9775 10305 10101 10019 9626 10311 9611 9269 10136 9868 9737 10111 9923 10332 10039 9850 9936 9847 9859 9535 9326 9817 9548 10102 9644 10245 9962 9617 9780 9462 9843 9731 10311 10056 9508 10815 10331 9482 10055 9664 10023 10339 10416 9830 10067 9977 9674 9800 9916 9308 10121 10232 10388 9588 9816 9562 10247 10055 10107 9672 10119 9741 9678 10910 10168 9972 9966 9956 9758 9633 9493 10684 9618 9646 9823 10209 10785 10375 9487 9530 10609 9462 10054 9912 10673 10384 9427 10478 10505 9921 9756 9422 10310 9567 9637 9873 10032 10670 9558 10079 10353 9460 10138 10431 9538 9878 10078 10200 10199 10666 9802 9851 10707 9921 9593 10043 9956 10491 9755 9740 9870 10143 10335 9555 9891 9833 9402 9938 9037 10562 9503 9854 9472 10248 10328 10060 9669 9491 9915 10431 10000 9494 10010 9339 9843 9619 10002 9477 9832 10134 10032 10078 9060 10243 9641 9161 9553 10295 9909 10339 10319 9827 10183 9958 9837 10400 10547 10351 9917 10283 9714 9789 10504 9348 9868 10026 9912 9518 9763 9391 10135 9712 10170 10100 9821 9790 9595 9786 10798 9552 9776 10192 9104 10033 10230 9079 10082 9703 9691 9088 10064 9892 10201 10431 10406 9898 9772 9621 10094 9814 9779 9697 9941 10288 9281 9830 9728 9896 9649 9813 10171 9685 11091 10094 10330 9674 9748 9657 10518 10190 9979 10095 10650 9829 9527 9677 9865 9743 10024 9542 9853 9799 9658 9984 10183 10562 10202 9910 9350 10164 9696 9937 9996 10068 10258 9784 10380 10178 10003 10427 9495 10072 9657 9999 9391 10362 9890 9545 9895 10015 10035 10216 10060 10183 10656 9120 10504 10242 9688 10229 9930 9396 10558 10164 9664 9909 10221 9227 9828 10196 9886 9519 10309 10320 9994 10090 10070 9271 9906 10177 10219 10055 9743 10003 9912 10298 10030 9887 10259 9998 9350 10289 9459 9984 10212 9861 10083 9341 10656 9825 10214 10117 9531 9096 10247 9571 9608 9913 10340
9293 9751 9405 9729 9428 9369 9902 8649 9717 9336 9323 10653 9615 9312 9812 8670 9779 8723 9980 10324 9897 9089 9673 9680 10147 9453 9471 9428 9382 9525 10486 9807 9332 9732 9792 9855 10243 9451 9214 9652 9470 9312 9601 9550 9734 9198 8876 9060 9858 9322 10042 9666 9411 9143 9244 9318 9980 9069 9154 9486 9614 9158 9723 9995 9554 9043 9302 9625 9734 9846 10045 9235 9844 9373 9442 9035 9437 9380 9172 9934 9773 9378 10028 9700 9927 9200 9358 9555 9627 9685 9671 9126 9073 8871 9597 9450 10006 9734 9168 9629 9130 9619 9330 9537 9373 9491 9684 9550 9476 9642 9616 9690 10264 9753 9247 9408 9749 9085 9603 9874 9053 9813 9912 10447 8818 9171 9009 10045 9721 9783 9282 8986 9647 9475 10192 9991 9622 9061 9728 9717 9461 9346 10311 9339 9867 9321 10091 10187 10194 9202 9109 10050 8849 9503 9664 10353 9833 9304 9520 9932 9574 9704 8980 9766 9129 9563 9593 9766 10222 9263 9526 9845 8938 9450 10088 9290 9482 9759 9597 9611 10561 9408 9694 10426 9035 9124 9836 10186 10090 9776 9293 9461 9865 9946 8934 9497 9529 8954 9526 9013 9930 9355 9956 9710 9803 10287 9970 9897 9565 9829 9949 9777 9075 9524 9298 9029 9697 9688 9209 9808 9494 9821 9604 9044 9701 9350 9163 9067 9213 9535 9544 9446 9919 9849 9692 9448 9987 9889 10029 9572 9660 9282 9683 10245 9269 9612 9694 9334 9106 9731 9103 9477 9480 9447 9578 9460 9348 8995 9218 10479 9476 9151 9357 8883 9151 9828 8849 9763 9405 9143 9016 9500 9904 9862 9926 9899 9480 9334 9340 9679 9321 9433 9629 9664 9785 8777 9907 9359 9518 9458 9222 9589 9164 10116 10204 9859 9583 9592 10018 10033 9445 9088 9666 10240 9365 9171 9386 9256 9231 9343 9192 9457 9834 9267 9709 9704 10297 9932 9424 8908 9815 8951 9556 9460 9485 10269 9485 9700 9491 9342 9399 9348 9769 9948 9428 9224 9711 9560 9185 9672 9139 9851 9707 9369 9887 9842 9374 9808 10194 9157 9386 9961 9070 10044 9802 9777 9255 9823 9295 8953 9624 9921 9251 9320 9440 9531 9691 9469 9051 8926 9864 9564 10125 9574 9806 10021 9832 9862 9096 9827 9570 9184 10153 9561 9999 9607 9684 9716 9261 9653 9567 9831 9370 9333 9131 9662 8909 9233 9751 9656
9451 9697 9166 9707 9575 9531 10357 8766 9821 9659 9585 10539 9658 9326 9909 8998 10297 8629 9988 9957 9606 8976 9471 9917 9714 9506 9740 9703 9583 9847 9734 10084 9336 10493 9482 9423 10467 9560 9505 9806 9427 9598 10202 9819 9926 9463 8459 9686 9834 8823 10015 9420 9693 9252 9174 9703 9645 9402 9189 9158 9489 9191 9599 10339 9028 9597 9414 9350 9376 9871 10180 9221 9618 9546 9780 9151 9666 9321 9124 9716 9362 9496 9877 9273 9965 9486 9242 9726 9768 9307 9162 9113 9570 9116 9546 8887 9634 10225 9200 9559 9254 9712 9560 9917 9630 9367 10207 9752 9780 9640 9051 9872 9997 10072 9543 9632 9927 9251 8983 9376 9191 9625 9852 9842 9432 9431 8982 9384 9555 9889 9478 9286 9838 9666 10393 9770 10067 9752 9985 9558 9524 8920 10338 9645 9618 9224 10036 10025 9654 9161 9434 9963 9132 9439 9580 10227 9831 9773 9857 10290 9587 9699 9360 10142 9221 9400 9526 9410 10018 9288 9606 9975 9500 9591 10157 9116 9792 9689 9672 9296 10043 9737 9752 10373 9713 9425 10110 10141 10161 9186 9465 9590 9604 10250 9042 9425 9420 9164 9663 8660 9794 9148 9247 9758 9807 10139 9655 9950 9697 10035 10259 9978 9141 9152 9289 9166 9249 9510 8843 9960 9637 9563 9459 9372 10325 9062 9378 9141 9314 9802 9529 8872 9668 9710 10090 9601 9660 9656 9682 9110 9407 9452 9407 10048 9283 9797 9401 9563 9508 9788 9606 9733 9497 9631 9548 9535 9223 9666 9044 10124 9095 9562 9580 8703 8976 9794 9181 10031 9346 9141 9285 9794 9567 9987 9712 10008 9787 9595 9409 9925 9428 9537 9496 9861 9941 9112 9998 9855 9679 9232 9396 9362 9210 9847 9995 9748 9316 9601 9745 10013 9546 9223 9923 10174 9689 9165 9372 9649 9350 10031 9201 9351 10004 9834 10222 9991 10051 9943 9790 9099 9738 9263 9340 9946 10042 9833 9742 9827 10002 9474 9871 9197 9713 9683 9720 9090 10457 9642 9378 9587 9423 9890 9816 9680 9855 10148 9347 9840 10019 9143 9292 9905 8914 10489 9796 9598 9148 9433 9176 9551 9742 9690 9434 9399 9595 9402 9467 9167 9199 9520 9676 10197 9754 9716 9828 9271 9579 9918 9669 9837 9872 9013 9936 9455 10046 9307 9584 9694 9601 9958 9269 10148 9852 9509 9014 9428 9233 9649 9525 9915
10319 10712 10404 10177 10580 10481 11120 9738 10306 10843 10403 11299 10562 10045 10454 9639 10554 9574 10837 10522 10328 10128 10049 10385 10856 10411 10459 10520 10185 10485 10528 11005 10135 10906 10568 10207 11184 10389 10172 10871 10191 10578 10469 10510 10659 9945 9841 10082 10417 9963 10694 9964 11043 9897 10311 10550 11155 10249 9972 10125 10568 10143 10585 11157 10206 10191 10775 10619 10269 10720 11187 10251 10702 10199 10789 10310 10933 10161 9825 10760 10427 10191 10805 10436 10614 10522 10417 10926 10925 10596 10573 9874 10546 10337 10458 10250 10894 10998 10040 10848 10297 10297 10207 10883 10701 9995 10976 11063 9952 10967 10215 10510 11046 11268 10254 10078 11041 9837 10502 10154 10191 10516 10466 10806 9947 9743 9891 10952 10337 10840 10378 10272 10197 10371 10877 10919 10552 10571 10526 10740 10333 10509 10953 10237 10729 10042 10889 11266 10421 10159 10037 10993 10098 10649 10381 11510 10549 10334 10864 11182 10481 10227 10032 10909 10545 10312 10693 10492 10860 10302 10711 11257 10441 10763 11404 10040 10562 10774 11012 10415 11139 10791 10553 11667 10381 10156 11010 11163 11313 10431 10309 10416 10285 10768 10218 10609 10270 10126 10541 9938 10684 10085 10627 10497 10908 11039 10159 10245 10461 10409 11021 11028 9968 10537 10025 10038 10541 10817 9865 10242 10762 10878 10525 9791 10979 10176 10315 10018 10335 10404 10154 9892 10286 11135 10785 10571 10734 11075 11345 10676 10760 10203 10292 11189 10043 10467 10634 10575 10433 10862 10351 10303 10445 10673 10537 10399 10200 10368 10402 11200 10368 10507 10187 9861 10469 10500 9861 10247 10410 10514 10027 11158 10692 10938 10903 11059 10351 10567 10319 10712 9785 10320 10487 10552 11027 9775 10694 10006 10262 10410 10455 10383 9946 10688 10753 10643 10642 9830 10557 10851 10578 10446 10632 11346 10555 10377 10210 10544 10232 10785 9769 10686 10567 10626 10470 10712 11292 10778 10189 9889 10956 10164 10561 10702 10667 10694 10386 10102 10452 10737 11107 10034 10866 10394 10602 10210 10765 10269 10456 10213 10434 10514 10871 10305 10640 10895 9496 10598 11123 10493 10043 10749 9954 10881 10765 10474 10218 10445 10076 10586 10859 10793 10255 10312 10922 10174 10776 10209 9804 10543 10321 11013 10909 10669 10797 10574 10471 10461 10252 10990 10601 9838 10926 9993 10713 10499 10679 10530 10322 10954 10262 11040 10344 9975 10117 10720 10273 10518 10517 10739
9761 9795 9837 10123 9693 9415 9674 9497 9847 9877 9843 10605 9978 9332 9899 9215 10375 8959 10277 10139 9626 8983 9870 10085 9949 9545 9859 9680 9795 9700 10585 10621 9639 10092 9541 9717 10119 9589 9319 10033 9204 10008 10138 9633 10019 9421 8949 9910 10050 9446 9632 9981 9882 8910 9662 10074 9935 9271 9021 9698 9932 8979 9675 10617 9561 9380 9696 9412 9879 9652 10470 9476 9703 9443 9437 9574 9834 9607 9277 9741 9804 9619 10009 9881 9983 9349 9568 9769 9781 9985 9442 9093 9553 8825 9889 9478 10355 9940 9206 9648 9659 9758 9197 10156 9888 9431 10139 9771 9441 9874 9468 10060 9949 9976 9668 9805 9598 9454 9263 9853 9488 9627 9713 10400 9451 9234 8987 10265 9719 10018 9241 9203 10093 9735 10651 9675 9858 10276 9741 9885 9758 9677 10519 9550 10046 9475 10423 9872 10091 9571 9380 10357 9045 9668 9932 10165 9868 9768 9915 10584 9886 10009 9190 10409 9390 9243 9952 10079 9876 9700 9771 10150 9766 9820 10338 9290 9761 10101 9966 9637 10234 9698 9512 10180 9420 9304 10030 10249 10169 9697 9456 9846 9973 10301 9201 9633 9677 9446 9367 9181 9846 9095 9629 9320 10079 10146 9490 9809 9862 9612 10328 10171 9429 9333 9232 9621 9516 9499 9727 9659 9563 10015 9656 9184 9763 9321 9458 9297 9454 9419 9603 9238 9795 9912 10239 9963 9887 10056 10477 9271 9731 9397 10199 10410 9302 9779 9766 9698 9867 10019 9425 9740 9720 10030 10065 9360 9691 9571 9732 10096 9457 9533 9769 8984 9267 9943 8962 10043 9892 9389 9403 10400 9991 9857 9903 10341 9902 9462 9604 9724 9145 9737 9644 9753 9789 9303 10240 9561 9745 9622 9538 9696 9410 10236 10115 9974 9871 9490 10248 9724 9657 9637 9922 10063 9602 9230 9211 9392 9464 10016 9281 9643 9830 9675 10067 9522 10654 10054 9242 9081 9816 9711 9730 10305 9679 10296 9526 10072 9629 9802 9766 9766 10128 9873 10154 9362 10242 9643 9443 9593 9619 9829 9900 9178 9894 10404 9221 9890 9993 9440 9897 10123 9369 9903 9495 10079 9407 9769 9483 9807 9727 9776 9865 10311 9924 9362 9619 9687 9617 9860 9679 9992 9800 9659 10020 9716 9517 9970 9549 10126 10299 9454 10328 9315 10235 9460 9946 9839 9853 10035 9316 9933 9496 9033 9706 9985 9398 9375 10003 10036
10052 9937 9561 9839 9581 9540 10709 9172 9790 9475 9282 10658 9768 9289 9811 9098 10057 8781 10138 10360 9584 9532 9586 9956 9953 9649 9542 9765 9860 10123 10549 10026 9668 10350 9470 9639 10525 9777 9576 10055 9620 9742 9856 10299 10360 9270 9107 9637 9815 9452 10176 9547 9775 9594 9946 9787 10218 9502 9426 9554 9882 9540 10105 10557 9783 9422 9918 9614 9530 10035 10483 9843 10181 9551 10163 9485 9731 9557 9122 9859 9904 9847 9978 10059 9922 9167 9649 9822 9895 10196 9809 9154 9723 9983 9727 9634 10108 9808 9174 9748 10107 9668 9348 9987 9932 9357 10448 10154 9374 10296 9625 10258 9934 10183 9657 9542 10027 9219 9726 9828 8963 9922 9466 10512 9459 9280 9149 10118 9411 9841 9930 9821 9232 9694 10431 9923 9598 9974 9534 10320 9625 9384 10353 9450 10395 9643 10037 10189 9988 9427 9634 10592 9372 9705 9770 10535 9757 9445 9996 10301 9622 9762 9758 9914 9393 9382 10039 9951 9962 9360 10238 10041 9792 9765 10456 9277 9973 10235 10058 9739 10117 9633 9849 10520 9452 9416 10187 10489 10211 9719 9379 9860 9711 10410 9374 9764 9808 9098 9624 9087 10054 9084 9698 9725 10444 9964 9550 10010 9493 9922 10203 10277 8962 9566 9430 9194 9893 10005 9250 9374 9557 9988 9938 9278 9992 9356 9588 9390 9482 9854 9381 9680 10033 10051 10556 9803 9616 9992 9984 9423 9419 9590 10007 10899 9448 9731 9468 9815 9729 10132 9361 9824 9453 9979 9882 9581 9730 9551 9428 10691 9449 9709 9549 9267 9713 9868 9557 9984 9518 9723 9113 10155 9675 9816 10194 10466 10077 10031 9362 9761 9374 9866 9372 9812 10304 9135 10263 9751 9565 9604 9895 9898 9010 10121 10262 9820 9746 9554 10016 10144 9805 9637 9920 10445 9888 9061 9393 10094 9216 9985 9136 9950 9790 9610 10030 9744 10047 9812 9651 9375 9813 9594 9857 9779 9566 9883 9552 10158 9827 9854 10150 9664 9967 9923 9762 9624 10129 9964 9556 9449 9613 9842 10234 9669 10228 10311 8968 9994 10239 9592 9475 10145 9415 10326 9589 9778 9631 9563 9196 9689 10284 9928 9705 9764 10084 9698 9883 9660 8941 9847 9843 10054 10014 9924 9930 9862 9831 9892 9777 10265 10038 9692 10256 9542 9732 9610 9946 10035 9469 10012 9954 10376 9915 9192 9536 9989 9349 9896 9736 9974
9098 9791 9704 10015 9837 9702 9932 9073 9962 9640 9437 10801 9624 9250 9878 8954 9752 8702 10040 9773 9837 9397 9542 9670 9832 10012 9735 9509 9325 9620 9801 10053 9625 10274 9669 9732 10149 9885 9876 10152 9138 9431 9737 9540 9654 9096 9217 9829 9800 9377 10194 9669 9978 9232 9378 10068 9764 9136 9805 9351 9639 9259 9517 10475 9208 9604 9230 9117 9612 9785 10491 9393 9864 9817 9766 8883 9991 9542 9025 9772 9697 9581 10327 9804 10238 9973 9617 9917 9908 9582 9433 8924 9630 9367 9414 9257 10306 9532 9446 9530 9136 9627 9718 10207 9334 9791 9915 10140 9610 10260 9267 9655 10142 10049 9281 9605 9891 9842 9567 9535 9036 9697 9621 9883 9493 9260 9455 10133 9433 9637 9528 9354 9381 9422 10678 9608 9853 9611 9990 9987 9335 9235 10523 9179 9977 9568 10133 10396 9432 9281 9724 10536 9394 9598 9664 10600 9529 9742 9753 10301 9432 9311 9497 9850 9437 9186 9832 9846 10199 9384 9736 10084 9502 9368 9996 9937 9915 10181 9349 9531 10379 9731 9379 10264 9365 9225 10014 10302 10144 9345 9528 9743 9761 9926 9187 9682 9485 9351 9777 9220 9920 9263 9367 9586 9553 10210 9757 9654 9515 9904 10354 10222 9388 9533 8955 9675 9584 9891 9587 9545 9770 9523 9967 9018 10047 9189 9551 9484 9782 9651 9691 9448 9891 9852 9822 9487 9893 10085 9839 9453 10062 9566 9808 10026 9441 9591 10119 9743 9343 9495 9499 9708 9543 9563 9919 9468 9544 9584 9653 10352 9377 9692 9497 9066 9368 9880 8947 9830 9958 9292 8883 9762 9809 10147 10293 10234 10129 9499 9355 9909 9972 9775 9792 9589 10322 9144 10028 9469 9584 9465 9036 9676 9225 10041 9837 9845 9692 9520 9744 10244 9751 9994 9854 9994 9714 9280 8899 9925 9449 10204 9391 9725 9794 9504 9835 9793 10580 10303 9474 9005 9910 9751 9925 10167 9684 9782 9301 9945 10308 9928 9715 9527 10025 9878 9857 9140 10159 9857 9358 9449 9432 9460 9501 9768 9928 10470 9033 9784 10010 9687 9657 10061 9237 10121 9754 9624 9183 9767 9074 9666 10192 9376 9534 9930 9802 9608 9857 9313 9306 9771 9778 10134 9983 9396 9710 9674 9752 10043 9655 10237 9253 9589 10170 9637 10042 9492 9751 9692 8910 10142 9357 9714 9884 9615 9522 9866 9082 9549 9636 9775
9855 9669 9711 9935 9869 9745 10114 8994 10169 9656 9486 10701 9813 9476 10057 9167 10114 8881 10058 10388 9852 9206 9806 9846 10053 9484 10006 9997 9667 9991 10403 10123 9609 10122 9736 9950 10281 9543 9480 10077 9467 9502 9876 9737 10146 9354 9085 9424 9633 9117 10209 9850 9803 9417 9532 9727 9791 9019 9513 9048 10008 9422 9692 10666 9244 9341 10071 9660 9588 10164 10452 9546 10052 9637 9517 9417 9834 9496 9464 9978 9777 9829 9588 9985 10101 9493 9539 9639 9695 9949 9315 9455 9550 9896 10438 9318 10059 10000 9235 9693 9687 9717 9604 9852 10191 9239 10548 9828 9904 9972 9460 10083 10487 10000 9899 9902 9987 9897 9534 9983 9092 9990 9815 10324 9567 9373 9396 10133 9492 9597 9696 9301 9659 9743 10519 10298 9975 9917 9703 9731 9556 9702 10312 9240 9877 9293 10278 10093 10193 9331 9711 10472 9407 9768 9666 10369 9878 9628 10023 10269 9934 9972 9653 9994 9306 9959 9885 10147 10068 9356 10053 10042 9543 9289 10935 9401 10139 10476 10022 9763 10476 9849 10055 10444 9514 9738 10081 10317 10230 9793 9422 9602 10037 10079 9228 9519 9552 9362 9986 9068 9995 9627 9674 9285 9949 10155 10099 9446 9455 10044 10141 10038 9558 9749 9618 9170 9539 9987 9559 9520 9829 9735 9876 9319 10473 9638 8916 9834 9771 9418 9822 9441 10017 9809 10214 9662 10073 10163 10062 9305 10311 9604 9876 10266 9532 9616 10004 9573 9759 9559 9683 9886 9608 9643 10118 9514 9843 9585 9346 10304 9681 9482 9624 9169 9129 9732 9081 10329 9427 9722 9014 10007 9788 9736 10123 10417 9531 9801 9249 9908 9702 9524 9660 9694 9755 9192 10187 9898 9706 9537 9426 9691 9359 10086 10254 9839 9897 9557 9974 10114 9888 9780 9590 10461 9635 9908 9074 9785 9363 9953 8991 9659 10021 9744 9964 9773 10288 10027 9888 9488 10035 9323 9717 9908 9654 10053 9805 10118 10220 9926 10296 9349 9802 10123 9644 9353 10430 9472 9867 9851 9427 9857 10189 9777 9892 10208 9207 9802 10389 9693 9476 10067 9195 9788 9564 9742 9400 9727 9106 9761 9871 9441 9634 10216 9740 10068 10041 9581 9258 9893 10217 10083 10217 9662 9935 9704 9754 10090 9429 9990 9906 9685 9987 9579 10081 9752 9806 10137 9795 10361 9504 9942 9462 9337 9594 10045 9515 9648 10010 9888
9910 9958 9954 9851 9780 9823 10341 9226 10066 9665 9650 10870 10095 9674 10019 9033 10133 9059 10120 10119 9646 9352 9978 9966 10187 9890 9847 9976 10029 9654 9952 10536 9999 10550 10191 10074 10570 9832 9850 10271 9613 9685 9848 9671 10430 9533 9128 9908 9985 9523 10392 9686 9834 9503 9509 9950 10083 9658 9285 9495 10304 9707 9943 10296 9804 10204 10025 10006 9913 10630 10283 9474 10165 10194 10165 9628 9984 9722 9079 9859 10000 10280 10394 9917 9987 9786 9568 10217 9857 9987 9508 9404 9702 9686 9706 9615 10418 10132 9239 10086 9849 9879 9479 9921 10583 9801 10525 9851 9540 10247 9619 10159 10351 10089 10017 9678 9887 9357 9527 10157 9624 9486 10085 10203 9744 9422 9917 10630 9665 9936 9756 9607 9435 9815 10615 9993 9835 9760 10036 10245 9695 9339 10698 9313 10175 9723 10183 10678 10206 9358 9332 11021 9771 9822 10194 10835 9932 9961 9814 10157 9886 9841 9420 9798 9917 9836 9727 10330 10485 9923 10256 10311 9757 9857 10272 9617 9544 10473 10259 9635 10616 10258 9913 10751 9667 9573 10271 10256 10212 9653 9674 10243 9730 10340 9609 9732 9661 9831 9718 9342 10072 9143 10002 9873 10300 10412 9831 9565 9808 10034 10349 10316 9722 9975 9199 9362 9566 10311 9555 9647 9944 9645 10069 9242 10128 9555 10115 9779 9595 9672 9800 9637 10001 9866 10446 10045 10257 10220 10096 9815 10074 9636 9771 10410 9509 9865 9931 9762 9332 10257 9505 9803 9902 10262 10005 9827 9893 9481 10037 10649 9901 10185 10063 8918 9872 10247 9595 10516 9646 9535 8836 9939 9977 10311 10069 10311 10085 9772 9991 10280 9782 9946 9988 10405 10376 9224 10357 9236 9967 9957 9807 9782 9325 10410 10703 10171 9611 10056 9701 10123 9670 9793 10072 10537 9204 9296 9629 9774 9866 10191 9694 9705 9986 9597 10162 9763 10181 9830 9480 9301 9945 10128 10245 9854 9974 10347 9686 10039 10000 9962 10086 9649 9906 9905 9781 9200 10456 9865 9814 9950 9393 9990 10224 9832 10116 10233 9330 9954 10120 9506 9416 9959 9333 10172 9982 9833 9573 10104 9116 9715 10019 10147 9805 10280 10546 9615 10004 9450 9725 9604 10401 10451 10192 9751 9908 9481 9722 10067 9647 10257 9888 9943 9969 9592 10184 10160 10185 10222 9303 10273 9886 10322 9737 9438 9699 9915 9468 9711 10059 9949
9487 9827 9625 9913 10040 10059 10505 9610 9956 9851 9597 10914 10260 9681 10349 9206 10405 8891 10397 10407 10140 9266 9593 9981 10441 9964 9997 10112 10018 9809 10391 10788 9886 10400 10211 9970 10599 9695 10031 10457 9248 9942 9997 10008 10091 9724 9232 10001 10020 9407 10500 9591 10152 9447 9942 10082 10439 9670 9546 9292 10128 9789 10099 10731 9920 9828 10006 9643 9843 10410 10404 9763 9693 9940 10125 9863 10171 9625 9413 10065 9726 9395 9843 10206 10075 9688 9818 10330 10276 9943 9466 9301 10186 9641 10238 9534 10584 9871 9776 9886 9665 9850 9359 10592 10187 9699 10275 10377 9797 10394 9583 9898 10244 10133 9999 9783 9884 9870 9644 9783 9483 9898 9963 10655 9640 9467 9194 10489 9819 9923 9689 9870 9499 10161 10543 10007 10316 10435 10117 10254 9971 9581 10640 9423 10105 9986 10357 10591 9616 9851 9846 10827 9606 10142 9784 10421 9467 9323 9779 10420 9653 10128 9627 10292 9883 10007 9641 10290 10483 9488 10165 10586 10019 9758 10181 9302 9771 9992 10139 10219 10750 9879 10154 10424 9526 9604 10198 10595 10050 9833 9901 10202 9994 10716 9332 10063 9401 9489 9827 9269 10328 9507 9578 9935 10290 10334 10029 9913 9768 9881 10275 10828 9581 9820 9786 9727 10307 10156 9574 9808 10042 9969 9627 9257 10233 9931 9719 9779 9730 9908 9916 9820 10212 10469 10702 9598 10063 9947 10545 9625 9836 9622 10340 10650 9763 10208 10103 9821 10123 9994 9996 9602 9699 10359 10433 9967 9575 9552 9893 10647 9696 9945 10073 9047 10158 10170 9651 10117 9905 10007 9335 10186 10033 9770 10353 10374 9886 10146 9838 10295 9291 10046 9796 10067 10105 9330 10240 9807 9872 9646 9504 9954 9526 10506 10195 9893 9861 9926 10210 10734 10108 10175 10436 10217 10157 9516 9651 9932 9678 10373 9390 10043 10180 9686 10061 10436 10373 9768 10071 9332 10251 9919 10044 10568 9996 10304 9699 10574 9718 10106 10620 9653 10182 10333 9957 9677 10893 9954 10152 9934 9759 10084 9691 9891 10157 10334 9305 10375 10191 10300 9545 10053 9667 10384 9822 9902 10079 9940 9559 10091 9718 10065 9722 10139 9827 9461 10398 9709 9514 9873 10101 10576 10355 9875 9562 10041 9858 9995 9474 10353 10012 9699 10320 9766 10567 10070 10000 10432 9916 10250 9714 10481 9969 9589 9945 10501 9645 10004 9976 9647
9422 9863 9687 9829 10255 9766 10192 9423 10130 9739 9067 10629 9979 9623 10111 9045 10264 9043 10069 10799 9860 9198 9495 9929 9954 9910 10229 10202 9691 10124 10514 10263 9620 10078 9957 10180 10413 9651 10038 10190 9608 9832 9903 9657 9854 9764 9131 9326 10028 9485 10188 9655 9725 9160 10126 10070 10276 9482 9592 9618 9843 9206 10050 10692 9572 9794 9834 9690 9627 10312 10536 9640 10053 9483 9953 9444 10026 9722 9076 10168 9932 9435 10214 9626 10445 9429 9702 10406 10080 9889 9874 9337 9652 9475 9842 9370 10072 9620 9581 10070 9775 9688 9715 10074 10093 9731 10443 10014 9498 10426 9435 10223 10433 10020 9382 9447 10229 9615 9419 10155 9480 9978 10143 10476 9581 9469 9347 10469 9606 9887 9784 9577 9799 10010 11013 10051 9829 10277 9990 10115 9426 9754 10302 9838 10112 9607 10349 10407 10267 9601 9586 10542 9613 9839 9897 10540 9733 9976 10257 10470 10256 10201 9580 10280 9434 9624 9999 10000 10419 9934 9996 10242 9675 9612 10451 9469 9831 10126 10431 10144 10663 10197 9741 10893 9324 9735 10165 10665 10614 9796 9199 9912 10370 10278 9255 9656 9646 9496 10049 9409 10374 9493 9838 9881 10382 10451 10112 9949 9628 9844 10105 10021 9331 9610 9739 9706 9909 10010 9440 10072 9821 10166 10102 9431 10359 9869 9456 9322 9731 10025 9973 9306 9921 10363 10322 9951 10264 10182 10200 9560 10070 9518 9700 10308 9564 10146 10351 9605 9703 10131 10014 9894 9439 9762 10147 9933 9719 9804 9787 10553 9614 9611 9464 9076 9551 9785 9688 9899 10071 9482 9254 10077 9755 10053 10455 10490 9869 9903 9533 10195 9572 9615 10093 9870 10487 9460 10234 9692 9400 9559 9427 10226 9148 10472 9629 9897 9667 10119 9845 10186 10034 9871 10593 10659 9915 9806 9689 10152 9473 10279 9813 9909 9846 10029 10178 9905 10492 10282 9534 9661 10367 9739 9574 9802 9749 10079 9695 10156 9449 9941 10559 9207 10236 10036 9585 9454 10335 10091 9661 9778 9909 10121 9732 9867 10429 10333 8884 10241 10418 9714 9656 10162 9781 10451 9799 10072 9639 10180 9862 9674 10254 9820 9961 9965 9733 9668 9939 9923 9174 9794 9904 10583 10176 10370 10044 9596 9998 10047 9979 10217 10050 9347 10626 9591 10092 9879 10048 10234 9706 10052 9790 10471 10030 9855 9735 9873 9695 9871 9756 10224
9687 9733 9833 9946 9777 9726 10430 9492 10198 9899 9771 10387 10007 9642 9860 9475 9979 9374 10003 10263 9459 9499 9708 9962 10150 9687 9456 9891 9805 9697 10579 10316 9857 10299 9708 10024 10424 9850 9294 10099 9168 9540 9865 9904 10456 9628 9150 9204 9933 9493 9970 9856 9943 9027 9872 9543 9926 9496 9394 9655 9833 9212 9875 10356 9834 9325 9443 9703 9818 10110 10298 9541 10079 9550 9443 9326 9853 9562 9451 10177 9449 9184 10103 9898 10309 9860 9829 10179 10226 9889 9674 9690 9660 9536 9522 9515 10204 9852 9339 9715 9837 9873 9711 10189 9516 9623 10637 10037 9747 9993 9410 9962 10145 10007 9664 9654 9942 9590 9799 9782 9443 9793 10037 9957 9629 9403 9551 9991 9638 9866 9679 9523 9408 9824 10699 9819 10224 9999 9829 10016 9582 9315 10692 9281 9903 9527 10220 10454 10171 9567 9595 10588 9211 9829 9970 10354 9660 9497 10222 10485 9962 9649 9481 9855 9743 9485 9614 9662 10434 9435 9700 10190 9658 9633 10807 9520 9722 10110 10132 9956 10442 10072 10115 10431 9632 9834 10363 10466 10808 9894 9792 9966 9838 10676 9447 9597 9446 9296 9878 9183 10061 9117 9701 9551 10125 10427 10058 9943 9684 9873 10074 10116 9140 9316 9486 9202 9318 9938 9816 10226 9975 9997 10115 9190 10111 9284 9518 9684 9866 9572 9717 9387 9765 10217 10050 9976 9801 10402 10218 9282 9631 9149 9530 10460 9323 9839 9976 9826 9858 9983 9533 9287 9713 9720 9899 9764 9464 9725 9791 10219 9241 9723 9385 9029 9619 10198 9454 10089 9986 9593 9154 9956 9955 10159 10320 10170 9590 9536 9654 10179 9041 9571 9802 10178 10240 9520 9784 9490 9769 9676 9620 10041 9209 10016 9910 9544 9884 9771 9705 10220 9695 9978 10077 10135 9838 9254 9055 9737 9387 10107 9251 9918 10394 9887 10359 9555 10309 9933 9627 9525 9847 9858 9492 9714 9961 10234 9563 9780 9690 9660 10169 9721 10054 9948 9499 9188 10233 9642 9552 9622 9452 9756 9899 9751 10391 9905 9653 10062 9998 9617 9584 10221 9189 10124 9508 9772 9458 10172 9334 9431 9949 9880 9378 9950 9857 9797 10064 9706 9406 9390 10247 10155 9885 9900 9778 9546 9953 9963 9667 10434 10249 9474 10207 9687 10146 10049 10038 10044 9608 10248 9698 10074 9536 9213 9711 9907 9395 9531 9961 9957
9884 10293 10397 10432 9957 10065 10847 9678 10439 9562 9561 11475 10553 9896 10069 9685 10862 9513 10405 10813 10627 9536 10024 10718 10692 10134 10472 10062 10258 10117 10687 10892 10829 10808 10315 10089 10633 10600 10195 10744 9783 10001 10450 10243 10695 9936 9449 10020 10226 10165 10629 10086 10304 9416 10563 10250 10462 9945 9660 10224 10497 9714 10578 11381 10013 9847 10239 10049 10214 10882 10844 10328 10603 10071 10439 9713 10366 9878 9898 10727 10325 9917 10245 10506 10316 10147 9932 10575 10512 10344 10433 9290 9927 9878 10022 10036 10660 10154 10190 10492 9936 10433 9905 10270 10148 9884 10779 10035 10408 10578 9800 10499 10242 10834 10023 9693 10323 10119 10143 10637 9895 10140 10130 10923 9751 9793 9664 10788 10062 10169 9942 9862 10128 10306 10969 10195 10376 10229 10544 10318 10074 10038 11133 9919 10094 10084 10778 10697 10415 9736 9795 10833 9865 9936 10130 10938 10234 9845 10465 11043 10168 10460 9985 10868 10299 9970 10482 10845 10389 10256 10352 10820 10073 10042 10475 9898 10147 10716 10668 10260 10907 10373 10458 11027 9636 9865 10666 10756 11129 10343 9980 10447 10062 11407 9974 10058 9905 9909 10227 9697 10268 9352 9949 9838 10391 10651 10482 10242 10302 9872 10411 10864 9538 10486 9950 9878 9874 10681 9976 10056 10417 10413 10361 9797 10435 10275 10187 9708 10176 10270 9773 9494 10270 10118 10809 10379 10710 10618 10589 9890 10290 10026 10311 10955 9761 10548 10230 10694 9875 10497 10344 10122 10330 10283 10462 10411 9703 9827 9719 10939 10007 10038 10091 9588 10115 10480 9485 10372 10001 9770 9702 10498 10290 10302 10785 10597 10420 10358 9801 10589 9604 10158 10162 10809 10712 9717 10355 9774 10002 10339 10398 10464 9691 10895 10429 10207 9909 9995 10240 11148 10105 10173 10564 10627 10019 9932 10001 10595 10002 10755 9822 10307 10303 10522 10505 10385 10951 10343 10210 9661 10101 9953 10492 10617 10701 10668 10348 10160 10245 10188 10504 9769 10539 10410 10259 10177 10569 10237 10215 9845 9910 10369 10527 10164 10571 10400 10112 11055 11105 10002 9933 10427 9862 10960 10132 10233 9849 10154 9423 10106 10431 10516 10329 10408 10093 10425 10359 9645 9482 9899 10588 10900 10870 10121 10358 10023 10368 10609 9984 10772 10539 10012 10919 9773 10294 10367 10173 10381 9838 10487 10072 10546 10260 9878 9855 10572 9982 10780 10612 10776
9610 9886 9673 9738 9812 10169 10296 9413 10309 9623 9028 11177 9777 9722 10315 9079 10343 9113 10246 10471 9929 9270 9485 9969 10349 9693 9680 9700 9603 10260 10434 10258 9726 10371 9790 9307 10371 9906 10055 10373 9092 9637 9799 9806 10509 9371 9085 9762 9848 9594 10388 9552 10016 9315 9722 9895 10204 9540 9730 9270 10008 9036 10023 10491 9631 9518 9975 9111 9908 10105 10511 9761 10119 9688 9854 9314 9880 9606 9154 10094 9362 9317 10245 9935 10157 9657 9383 10086 9932 9627 9454 9408 9689 9783 10078 9667 10178 9998 9068 9833 9288 9926 9773 10515 10203 9645 10374 10395 9634 10239 8939 10039 10096 9796 9736 9995 10141 9819 9863 10020 9549 9835 9885 9808 9566 9745 9195 9933 9618 9779 9686 9601 9228 9920 10791 9685 9743 9620 9683 9993 9439 9276 10719 9620 9988 9528 10432 10081 9823 9448 9436 10682 9068 9681 9738 10999 9928 9942 10081 10500 10008 10043 9468 9929 9846 9527 9970 10235 10071 9300 9754 10222 9563 9609 10591 9857 9980 10008 10296 9753 10671 9771 9871 10754 9650 9329 10204 10367 10370 9667 9812 9918 9842 10433 9327 9736 9457 9018 10035 9371 10417 9199 9809 9661 9799 10478 9938 9915 9538 10079 10208 10384 9304 9896 9319 9721 9793 9938 9801 9648 9838 10037 9637 9333 10019 9388 9485 9818 9600 9618 10030 9588 9951 9826 10160 9981 10057 10253 9963 9417 9959 9307 10298 10798 9303 9713 9804 9570 9809 9677 9440 9642 9734 10002 10146 9279 9653 9426 10022 10369 9472 9758 9472 9194 9508 10086 9972 9942 9937 9668 9040 9869 10278 10082 10012 10360 9625 9106 9394 10121 9219 9426 9948 10065 10142 9012 9983 9930 9882 9745 9428 9606 9255 10345 10013 9770 9773 10001 9540 10617 9907 9734 10021 10347 9684 9490 9459 9877 9452 9637 9287 9535 10256 9693 10236 9905 10328 9954 9346 9132 9803 9755 9781 10035 10192 9929 9548 9934 9908 9981 9985 9110 10337 9994 9846 9590 10095 9917 9822 9782 9616 9957 9670 9943 9813 10241 9129 9924 10251 9826 9666 9818 9039 10494 10102 10022 9526 9981 9180 9804 10238 9659 9472 9705 9981 9774 9670 9413 9607 9671 10247 9996 10115 9775 10094 9652 9483 10099 9814 10197 9836 9693 10565 9521 10400 10019 10111 9776 9821 10542 9482 10393 10036 9562 9401 10052 9518 10048 10095 10130
9590 9995 9668 10366 9979 9716 10360 9312 9923 9763 9847 10640 10216 9295 10109 9048 10462 9206 10373 10432 9903 9588 9752 10255 10338 9823 9816 9734 10060 9858 11008 10475 10125 10268 9750 9767 10273 9999 9989 10473 9722 10118 10312 9683 10269 9464 9379 10203 9902 9633 10183 9875 10097 9099 10004 10009 10126 9449 9416 10084 9847 9283 10160 10526 10021 9573 9997 9575 9749 9964 10411 9827 9638 9530 9813 9719 9621 9689 9659 10025 9889 9590 10344 9899 10195 9885 10014 10179 10294 10043 9979 9131 10194 9180 10260 9318 10741 9944 9651 10092 9856 10545 9770 10018 9850 9489 10319 10035 9872 10054 9396 10107 10275 10477 9332 9500 9936 9492 9600 10012 9384 10121 9725 10508 9328 9528 9511 10340 10001 9841 9667 9020 9845 9843 10490 9912 10118 10001 10116 10072 9649 9394 10767 9557 9906 9400 10173 10526 9570 9506 9932 10412 9403 9927 10386 10717 9996 9821 10408 10761 10074 10096 9827 10802 9587 9495 9713 10338 10298 9974 9760 10272 10058 10066 10202 9363 9995 10197 9880 9804 10457 9790 10093 10539 9715 9307 10199 10578 10459 9900 9489 9879 9925 10436 9348 9794 9628 9463 10113 9556 10214 9435 9686 9655 10404 10522 10031 10013 9917 9814 10401 10347 9290 9428 9500 9292 9467 9935 9496 9990 9807 9873 10116 9682 10304 9825 9763 9546 9768 10099 9592 9598 9887 10064 10402 10217 9580 10100 10270 9352 9787 9999 10340 10540 9745 9795 10018 10154 9653 10502 10274 9828 9829 10035 10020 9879 9381 9436 9746 10334 9707 9978 9990 8974 9654 10197 9026 10202 9777 9681 9703 10394 9644 9682 10592 10126 10034 9718 9761 10069 9322 9856 9793 9828 10513 9087 10210 9526 9943 9970 9634 9884 9337 10504 10213 9959 9608 10074 9897 10534 9611 9789 10365 10354 9901 9569 10062 10340 9466 10218 9644 9612 10003 10074 10183 9995 10575 10095 9672 9417 10364 9815 9665 10123 10113 10223 10021 10167 10340 9719 10161 9445 10270 10093 9994 9589 10505 9664 9459 9908 9585 9919 10096 9721 10161 10348 9523 10072 10122 9821 9654 10482 9317 10354 9958 9922 9262 9988 9355 9825 10023 10106 9708 10009 9882 10080 10178 9466 9566 9863 10105 10172 10333 9879 10193 10199 9920 10020 9704 10131 10205 9804 10518 9755 10439 9787 9450 10057 9690 10287 9848 10530 9649 9371 9607 10201 9957 9858 10466 10153
10820 11050 10367 10322 10913 10705 11225 10125 10474 10283 9860 11645 10698 9998 10582 9665 10784 9856 10784 11192 10739 10152 10510 10740 10896 10669 10120 10643 10260 10549 10907 10902 10148 10740 10534 10520 10903 10275 10590 10917 10229 10465 10512 10362 10856 10073 10194 10565 10443 10252 11056 10152 11009 10363 11007 10511 10990 10165 10468 10067 10823 9969 10845 11723 10262 10339 10789 10096 10655 10860 11528 10421 10920 10291 10622 10228 10537 10631 9533 10578 10414 10418 10666 10508 10591 10155 10193 10508 10646 10335 10335 9822 10753 10359 10797 9776 10959 10791 10388 11070 10351 10591 10242 11293 10936 10118 11384 10504 10466 10887 10571 10554 11156 11237 10469 10391 10959 10171 10873 10975 10107 10489 10541 11140 10086 10227 10108 11142 10260 10607 10519 9968 10431 10776 11508 10948 10967 10977 10161 10342 10351 10153 11248 10525 10557 10438 11342 11213 10950 10159 10347 11093 9773 10493 10725 11325 11085 10218 10795 11372 10592 10731 10097 10829 10491 10315 10555 10905 10931 10294 10587 11182 10393 10475 11583 10240 10642 11108 11191 10307 11670 10430 10736 11231 10466 10681 11150 11332 11118 10771 10416 10550 10629 11396 10099 10267 10355 10293 10613 9728 10939 9915 10289 10470 10980 10971 10642 9944 10638 11019 10982 10975 10167 10686 10580 9967 10171 11124 10375 10364 10907 10858 10411 10464 11138 10314 10038 10564 10801 10398 10478 10601 10588 11095 10988 10787 10920 11133 10823 10560 10927 10637 10745 11128 10031 10886 11104 10954 10635 10570 10408 10720 10738 10493 10829 10354 9880 10484 10689 11130 10317 10320 10601 10315 10492 10570 9841 10943 10284 10864 9517 11039 10301 10782 10797 11334 10562 10409 10465 10285 9890 10698 10559 11002 11038 9834 11282 10391 10719 10228 10740 10605 10021 11386 10862 10523 10399 10407 10890 10732 10682 10558 10785 11097 10645 10616 10213 10531 10513 11151 9806 10782 10536 10637 10703 10466 11356 10784 10557 10142 11296 10517 10724 10505 10618 10736 10835 10954 10564 10572 10763 10059 11048 10918 10622 10273 10805 10738 10124 10198 10686 10862 11238 10412 10966 11060 10024 11185 11222 10258 10577 10533 10005 11028 10768 10672 10586 10993 10198 10833 10900 10672 10615 10715 10780 10586 10676 10461 9642 10935 10462 11179 11109 10814 10838 10735 10730 11104 10174 10874 10652 10256 11334 10214 10853 10726 10404 10194 10327 11399 10691 10817 10784 10414 10443 11617 10557 11017 11117 10818
10354 9950 10006 10170 9938 9935 10474 9451 10410 9427 9926 11002 10223 9745 10150 9186 10761 9146 10487 10542 10042 9707 9934 10258 10345 9905 9974 10055 9823 10214 10313 10728 10317 10778 10073 10126 10383 9808 10244 10708 9924 9909 10453 10320 10199 9806 9446 9955 10471 9694 10592 9965 10133 9607 10209 10149 10551 9928 9519 9694 9988 9519 10218 10716 9739 9860 10186 10095 9842 10237 10755 9955 10391 9608 10258 9962 10264 9761 9325 10442 10003 9897 10334 10194 10447 10146 9913 10463 10284 9951 9578 9381 10029 9173 10361 9827 10044 10483 10107 9827 9820 9820 9801 9913 10293 9949 10702 10336 10157 10276 9794 10060 10662 10399 9496 9802 10257 9518 10063 10017 9802 10076 10706 10631 9740 9628 9705 10771 9373 10262 10449 9670 9989 10170 10480 9973 10368 10257 10421 10144 9859 9813 10642 9811 10374 9891 10536 10497 10046 9676 9315 10671 9112 10232 10014 10503 10451 9924 10611 10393 10066 10115 9615 10097 9751 9735 10226 10193 10684 9568 9992 10291 10128 9905 10267 9736 10050 10401 10396 10320 11119 10221 10380 10883 9432 9877 10265 10492 10926 9928 9754 10484 9473 10703 9621 9886 9551 9453 9926 9643 10107 9493 10066 10002 10437 10420 10284 9852 10022 10137 10660 10557 9621 9525 9946 9496 10240 10524 9726 10662 9965 10040 9855 9264 10333 9956 9788 9857 9947 9862 10204 9610 10097 10430 10507 10017 9967 10374 10725 9988 10468 9637 10560 10507 9628 10318 10580 10025 10172 10253 9642 10028 10191 10598 10369 9993 9565 9093 10309 10684 9951 9682 9740 9016 10048 10145 9686 10005 10318 9772 9345 10535 10048 10365 10808 10383 10105 10373 9519 10017 9203 10123 10135 10228 10535 9356 10430 9915 10141 9904 9878 10388 9229 10492 10461 10357 9986 9867 10274 10257 9970 10194 10457 10822 10194 9453 9994 10005 10009 10447 9879 9818 9807 9792 10393 9957 10597 10745 10067 9452 10550 9801 9993 9988 9923 10678 10011 10742 10171 10079 10521 9799 10032 10228 10402 9625 10124 10115 9789 10439 9819 10139 10506 10121 10230 10434 9467 10209 10729 9629 9756 10747 9760 10829 10150 9948 9928 10122 9996 10010 9896 10425 10252 10432 10390 9907 10143 10051 9587 10292 10478 10539 10732 10128 10007 10128 9940 10434 9584 10446 10356 9485 10667 9707 10612 10154 10600 10045 9429 10503 9934 10376 9764 9788 9645 10323 9456 9910 10724 10323
9599 9956 9219 9682 9416 9704 10308 9295 9707 9766 9431 10820 9847 9487 10058 8779 9863 9087 9794 10142 9900 9227 9333 9831 10103 9442 9615 9441 9498 9754 10241 10115 10092 10171 9773 9709 10379 9175 9868 10295 9339 9820 9724 9873 10110 9200 9113 9771 10076 9306 9833 9726 9756 8783 9556 9455 10328 9560 9504 9406 9852 9141 9694 10365 9725 9455 9315 9291 9695 10091 10100 9373 9615 9668 9453 9593 9859 9449 9383 10018 9548 9219 9913 9918 9754 9741 9380 9797 10255 9879 9283 9121 9588 9646 9533 9100 10499 9939 9224 10060 9337 10070 9332 10120 9819 9033 10115 10090 9445 9828 9512 9791 10401 10074 9607 9510 10078 9463 9469 9535 9030 9589 9566 10415 9324 9346 8979 9860 9500 9635 9521 9349 9535 9426 10102 10071 9756 9803 9908 9717 9482 9986 10225 9134 9952 9212 10113 10261 9569 9357 9591 10659 9337 9649 9653 10413 10140 9579 9734 10377 9609 9675 9087 9794 9510 9753 9940 10226 9911 9260 9653 9855 9609 9549 10147 9243 9637 10016 10018 9592 10451 9631 9732 10347 9301 9536 9865 10059 10206 9446 9552 9827 9759 10287 9462 9668 9508 9170 9509 9381 9744 9305 9369 9306 9917 10479 9795 9379 9644 9664 10566 10112 9046 9581 9589 9330 9505 10197 9763 9647 9535 9826 9736 8505 10262 9574 9571 9403 9842 9432 9634 9203 9686 9736 10336 9308 9736 9792 10205 9396 9690 9239 9771 10131 9324 9581 9491 9830 9564 10138 9921 9384 9741 9690 9836 9754 9704 9496 9732 10561 9435 9536 9634 8899 9524 9763 9088 9617 9253 9902 8987 9981 9904 9866 10012 10215 9833 9649 9667 9996 9305 9447 9483 9773 9934 9079 9843 9496 9578 9711 9544 9739 9002 10189 10286 9375 9655 9367 9657 10216 9765 9635 10103 10213 9573 9638 9380 9779 9874 9970 9473 9861 10014 9757 9836 9689 10194 9729 9473 9198 9957 9613 10188 9688 9638 10036 9648 9987 9719 9441 10095 9568 10015 9722 9882 8986 10327 9735 9359 9815 9009 9866 9963 9581 9948 10237 8941 10266 10277 9331 9519 10054 9283 10301 9927 9925 9408 9853 9267 9669 10122 9986 9633 9736 9622 9346 9739 9492 9366 9420 9683 10046 10057 9885 10375 9986 9563 10019 9589 9961 9832 9490 10164 9337 10394 9730 10026 9956 9535 10003 9431 10144 9547 9636 9502 10190 9615 9972 10047 9949
10091 10555 9943 10447 10287 10175 10948 9275 10441 10483 9668 11453 10196 9879 10544 9668 10723 9406 10675 10688 10255 10001 9701 10445 10408 9848 10384 10202 10032 10390 10548 11102 9932 11075 10290 10393 10840 10258 10472 10253 10038 10505 10534 10099 10461 10043 9985 9508 10237 9759 10404 9910 9964 10187 9976 9997 10568 10173 10038 10189 10070 9638 10290 11109 10000 9691 10160 9840 10121 10489 11167 9733 10151 10582 10362 9722 10265 10250 9733 10750 10088 10085 10519 10200 10530 10409 10202 10634 10494 10509 9907 9649 9896 9858 10386 10199 10455 10397 9717 10149 9754 10462 10093 10587 10234 9979 10425 10525 10193 10359 9772 10681 10307 10582 9988 10078 10342 9539 10088 10377 9827 10294 10691 10885 10115 10060 9760 10939 10419 10723 10438 9714 10094 10214 11221 10241 10331 10191 9852 10665 10162 10078 11189 10243 10402 9735 10887 10623 10808 9875 9792 10860 9940 10307 10158 11253 10578 10098 10941 10918 10535 10415 9806 10476 9864 10174 10418 10484 10707 10109 10367 10641 9994 10438 10804 9931 10077 10588 10546 10274 11166 9986 10194 11176 9998 10214 10418 11039 11153 10087 10270 10383 10457 10325 9814 9963 10406 9882 10021 9625 10812 9107 10294 9793 10628 10693 10580 10523 9924 10309 10689 10446 10008 10004 9949 10180 10238 10606 9875 10116 10343 10661 10060 9671 10611 10053 10004 10081 9945 10429 10293 9896 9980 10663 10489 10381 10460 10693 10323 10210 10152 9784 10312 10965 9355 10681 10364 10434 10157 10312 9744 10047 10168 10509 10275 10213 10059 10343 10313 10884 9672 10166 10235 9276 10007 10493 9949 10268 10077 10213 9460 10633 10519 10779 10577 11008 10077 10369 10192 10263 10039 10127 10025 10539 10702 9837 10508 10054 10720 10230 10032 10513 9691 10826 10501 10431 10230 10083 10259 10960 10081 10302 10224 11028 10200 9686 9708 10302 9772 10663 9680 10224 10164 10202 10756 10629 10747 10494 9934 9567 10256 10177 10216 10207 10378 10847 10111 10623 10226 10243 10621 9753 10369 10360 10446 9856 10314 10463 10022 10207 9862 10208 10556 10222 10635 10821 9684 10447 10736 10050 10140 10841 9914 10286 10514 10521 10211 10484 9869 9765 10461 10205 10024 10256 10566 9925 10535 10037 9758 10256 10539 10751 10739 10075 10217 10115 10069 10742 10258 10784 10326 9636 10485 9741 11017 10210 10684 10803 9539 10097 10407 10803 10310 9868 10083 10817 9463 10144 10589 10491
10271 10621 10260 10105 10090 10033 10618 9618 10304 10052 9692 11373 10005 9832 10561 9553 10738 9195 10530 10712 10418 10149 10030 10354 10436 9817 10456 10379 10200 10486 10552 10683 10132 10844 10422 10292 10775 10373 10464 10638 9980 10466 10498 9992 10390 9856 9538 10071 10546 9906 10782 10017 10289 9823 10208 10219 10663 9941 9786 9936 10434 9692 10198 10915 10188 9815 10181 10020 10019 10605 10726 9977 10448 9847 10154 9911 9987 10189 9627 10239 10107 10189 10568 10322 10424 10143 9750 10637 10239 10215 10186 9671 10146 10011 10129 9958 10575 10630 9434 10544 9978 10336 10110 10047 10525 9787 10498 10250 10037 10268 9663 9855 10645 10408 9949 10078 10432 9575 9981 10285 9697 10500 10254 10870 9955 9924 9846 10856 9831 10354 9962 9749 9789 10367 10899 10548 10192 9781 10042 10270 9774 9824 10947 10103 10318 10022 10636 10539 10217 9516 9629 10885 9521 10485 10294 11442 10481 9912 10544 10694 10635 10448 9805 10587 10078 10215 10468 10303 10720 10237 10100 10763 9937 10053 10523 9922 10276 11026 10948 10346 11029 10527 10405 11031 9882 10157 10364 10575 10908 10427 10282 10356 10350 10564 9995 10317 10250 9719 9666 9541 10806 9535 9994 9970 10702 10399 10243 9990 10347 10576 10759 10464 9991 10062 9979 9529 9950 10711 9972 10009 10193 10433 10108 9642 10749 10126 9811 10106 10156 10598 10596 9739 10138 10270 10481 10354 10382 10574 10831 10090 10546 9988 10416 10776 9523 10303 10035 10445 10082 10565 9841 10062 10546 10290 10068 10124 10167 9998 10330 11043 9896 9964 10013 9276 9841 10066 9980 10246 9796 10277 9357 10386 10161 10304 10426 10577 10383 10095 9903 10553 9413 10283 9848 10680 10540 9466 10774 9982 10175 10152 10116 9979 9902 10375 10589 10473 10408 10112 10234 10775 10070 10032 10325 10613 10335 9921 10127 10257 9868 10222 9900 10279 10348 9881 10550 10400 11279 10420 10297 9291 10397 10373 10310 9936 10520 10377 10055 10518 10222 10058 10390 9768 10437 10427 10322 9902 10762 10272 9915 10075 9532 10185 10451 10087 10638 10528 9626 10406 10693 9915 10013 10535 9709 10815 10581 10077 9820 10295 9504 10073 10487 10273 10037 9856 9770 10154 10345 9848 9719 10282 10509 10812 10329 10256 10305 10456 10087 10850 10031 10453 10031 10162 10919 10028 10504 10209 10217 10244 9734 10688 10249 10653 9714 9798 9993 10508 9842 10338 10658 10674
9839 10201 9889 9948 9893 9752 10044 9061 9617 10065 9483 10922 10049 9201 10227 8917 10565 8801 10308 10380 10409 9422 9549 9525 10363 9875 9670 9895 9831 9979 10272 10441 9734 10653 9986 10179 10578 9867 10051 10506 9509 9683 9921 9928 10308 9459 9190 9771 9837 9519 10686 9960 10082 9535 9841 9625 10321 9357 10122 9455 10029 9329 9812 10792 9669 9438 9735 9242 9788 10177 10737 9806 10283 9790 9800 9513 10151 9848 8770 10742 9701 9379 10265 10012 9953 9945 9915 10091 9570 9862 10080 9591 10099 9319 9707 9850 10365 9544 9354 9783 9760 9583 9798 10010 9965 9705 10321 10473 10206 10061 9391 9808 10455 10671 10058 9880 9937 9816 9843 10198 9777 10075 9767 10507 9656 9856 8933 10250 9671 9982 10117 9556 9645 10059 11027 10113 10177 10285 9725 9952 9786 9611 10751 9351 9937 9789 10818 10449 9902 9598 9411 10313 9267 10129 9750 10480 10164 9624 10000 10699 9989 9792 9635 10222 9664 9647 9925 10074 10624 9112 9970 10389 9717 9740 10419 9660 10107 10406 10438 10115 10742 9918 10008 10802 9906 9986 10311 10083 10463 10064 9832 10066 10311 10441 9397 10009 9868 9355 10063 9229 10426 9368 9606 10024 10018 10360 9839 10128 9716 9854 10563 9888 9279 9946 9813 9851 9739 10490 9917 9711 10124 10218 10093 9718 10212 9407 9600 9842 10007 10001 9903 9950 10162 10262 10108 9835 9935 10329 10293 9142 10013 9911 9792 10426 9438 10262 10044 9744 9757 9892 9593 9849 9951 10024 10005 9781 9465 9870 9692 10542 9588 9738 9842 9317 10028 10127 9545 9846 10219 9490 9321 10103 9998 10107 10335 10497 10106 9813 9505 10494 9446 9668 9992 9823 10072 9210 10237 9810 9932 9638 9605 10042 9590 10002 10339 9943 9915 9997 10310 10539 10430 9754 10048 10035 10269 9471 9545 10006 9844 10135 9444 9635 9761 9684 10346 9643 10489 10368 9887 9625 10096 9614 9892 10029 10067 10375 9802 10136 10048 9985 10549 9787 9974 10227 9961 9422 10173 10049 9816 10212 9845 10020 10591 10163 10167 10714 9551 10265 10204 10063 9464 10153 9504 10222 10289 9942 9867 10138 9177 9980 9644 10400 9634 9927 9999 9999 10018 9740 9155 9905 10327 10685 10636 10030 10368 9848 9610 10392 9643 10588 9859 9863 10719 10141 9983 9994 10104 10099 9518 10725 9376 10367 9995 9436 9773 10537 9517 9529 10204 10335
9201 9570 9103 9378 9722 9285 9804 8865 9134 9585 8942 10440 9417 9284 9893 8885 9748 8777 9925 10078 9543 8776 9335 9319 9646 9251 9509 9422 9683 9344 9529 10139 9360 10085 9116 9419 10540 9392 9882 9740 8978 9530 9648 9063 9516 9190 8710 9589 9545 9499 9483 9617 9705 8798 9332 9603 9737 9034 9234 9044 9682 8765 9553 10374 9219 9488 9713 9267 9493 9825 10096 9089 9471 9018 9779 9160 9544 9327 9099 9415 9271 9340 9608 9303 9797 9142 9353 9738 9696 9280 9342 8922 9461 8835 9354 9009 9635 9567 9287 9595 9586 9848 9510 9709 9461 9144 9928 9658 9407 9686 8800 9597 10208 10206 9128 9686 9834 9323 9307 9460 8784 9384 9416 10119 9330 9478 8849 9707 8857 10001 9381 9023 8958 9367 10062 9671 9593 9779 9271 9584 9176 9120 9930 9258 9504 9388 10073 9947 9785 9258 9370 9868 8748 9556 9179 10352 9538 9130 9893 10197 9494 9753 9202 9614 9327 8942 9723 9851 9573 9094 9547 9843 9307 9203 10155 9061 9914 9802 9631 9219 10486 9801 9393 10251 9293 9177 9729 9879 10064 9512 9488 9429 9669 9922 9403 9452 9280 9162 9589 9156 9731 8941 9079 9543 9849 10140 9891 9156 9403 9733 9784 9752 8613 9380 9221 9061 9568 9565 9241 9633 9588 9861 9437 9155 9839 9389 9280 9238 9363 9409 9384 9136 9360 9575 9379 9682 9413 9590 9683 8926 9946 9241 9562 9840 8889 9950 9812 9450 9712 9533 9358 9266 9785 9239 9463 9288 8967 9547 9329 10117 9019 9365 9093 8515 9030 9540 8688 9637 9255 9372 8654 9752 9417 9803 9934 9918 9319 9422 9245 9509 9135 9412 9523 9532 9723 8832 9601 9206 9512 9505 8995 9347 8649 9893 9761 9487 9612 9464 9914 10035 9261 9076 9695 10098 9685 9043 9090 9623 9552 10024 9149 9357 9303 9113 9933 9337 10200 9613 9762 9275 9554 9506 9318 9949 9443 9808 9530 10019 9627 9609 9877 9356 9858 9489 9404 9096 10138 9643 9537 9695 9058 9525 9802 9907 9732 10091 9183 9650 10044 9424 9466 10104 9056 9956 9627 9272 9042 9457 8963 9620 9737 9290 9444 9401 9643 9493 9435 9115 8792 9695 9674 10077 10010 9639 9474 9352 9523 10181 9436 9784 9504 9116 10324 9463 9432 9455 9110 9658 9232 10144 9095 9622 9503 9212 9049 9642 9285 9415 9939 9791
9749 9508 9777 9834 9848 9606 9934 9520 9841 9460 9638 10587 9866 9846 10175 9573 10450 8620 10196 10301 10073 9434 9618 10168 10143 9710 9816 9820 10234 10260 10302 10551 10026 10096 9803 10051 10371 9943 9933 10223 9537 9953 9835 9958 10473 9486 9385 10061 9954 9257 10195 9393 9884 9224 9621 9951 9764 9789 9413 9539 10150 9118 9968 10485 9510 9517 9429 9230 9934 10159 10536 9567 10016 9858 10030 9991 9658 9574 9725 10015 10338 9703 10129 9855 10342 9520 9587 9974 10022 10200 9606 9418 9868 9459 10126 9774 10427 9825 9591 9989 10092 9727 9514 10321 9768 9580 10260 10167 9657 10319 9660 9784 10489 10343 9699 9890 10078 10000 9300 9861 9141 9583 10306 10343 9555 9306 9455 10299 9408 10145 9829 9542 9632 10315 10481 9746 9940 9605 10147 9736 10044 9582 10668 9374 9838 9933 10191 10583 10207 9581 9593 10384 9693 9905 9468 10377 9823 9775 10112 10410 9711 10023 9556 10377 9732 10324 9603 10039 10002 9345 10315 10142 9820 9930 10917 9330 9717 10264 10120 9776 10444 10015 9822 10585 9739 9721 10296 10595 10547 9948 9625 9928 10100 10302 9262 9546 9862 9440 9487 9278 9921 9220 9773 9817 10292 10368 10185 9607 9848 10233 10496 9828 9546 9564 9455 9431 9730 9838 9641 10013 9944 9952 10279 9389 10049 9440 9510 9540 10079 9452 9620 9367 9940 10345 10486 9813 9893 10405 10048 9470 10225 9464 9611 10442 9365 10080 10054 9925 9982 9776 9367 9879 9871 10337 10043 9930 8945 9673 9860 10173 9884 9865 10177 9377 9345 9864 9471 10113 9859 9723 9668 10156 10083 10510 10489 10288 9932 9311 9907 10404 9751 9690 9513 9980 10117 9431 10135 9759 9914 10058 9697 10038 9172 10283 10290 9599 9642 9780 10025 10678 9822 9913 9845 10771 10001 9466 9752 9752 9615 10446 9116 9731 9726 9456 10077 10204 10325 9821 9773 9451 10176 9658 9875 10125 9947 10528 9695 10493 9870 9868 10097 9489 10234 10155 9456 9829 10235 10225 9723 9982 9555 9828 10195 10019 10174 10453 9155 10341 10463 9535 9650 10082 9643 10140 10024 9779 9623 9906 9450 9729 9999 10202 9826 9581 9660 9979 10267 9433 9040 9739 9839 10073 10260 9810 10004 9845 10110 10179 9617 10430 10009 9125 10488 9551 9996 9682 9868 9838 9980 10364 10053 10312 9713 9673 9920 9682 9707 9561 10054 10077
9718 9838 9764 10104 9938 10024 10407 9412 9874 10027 9667 10514 10160 9780 10276 9497 10329 8920 10072 10468 10136 9760 9435 9874 10094 9908 10088 9664 9578 9935 10338 10577 9457 10429 9723 9632 10280 9383 9508 10393 9840 10186 10007 9850 10289 9715 9596 9688 9741 9104 9982 9916 10300 9568 9626 10201 10133 9453 9653 9466 9773 9378 9575 10270 9979 9738 9910 9783 10446 10251 10679 9510 9772 10042 10212 9799 10076 9611 9287 10000 9663 9517 9948 9651 10448 9890 9934 10333 10052 9979 9455 8957 9769 9367 10055 9559 10244 10407 9549 9803 10021 9805 9252 10165 9843 9770 9993 10196 9850 10687 9548 10050 10496 10400 9957 9683 10200 9526 9586 10117 9239 10110 10286 10301 9473 9170 9425 10032 9515 9488 9807 9588 9574 9890 10746 9729 10202 10629 10244 10270 10188 9636 10565 9519 10459 9389 10230 10397 9987 9757 9894 10787 9463 9611 9623 10913 9902 9719 9943 10699 10092 9918 9451 9774 9721 9893 10114 10386 10381 9430 9708 9932 9914 9511 10574 9304 9902 9762 10259 9451 10543 10275 9938 10429 9492 9770 10305 10732 10248 9650 9557 9801 9633 10132 9334 9605 9561 9524 10179 9079 10340 9382 9991 9526 10113 10519 10075 9637 9883 10018 10240 10827 9733 9848 9420 9252 9544 9865 9616 9988 9955 10349 9851 9186 10336 9618 9532 9452 9526 9861 9982 9491 10321 10044 10139 9822 10320 10445 10096 9554 10239 9550 10014 10190 9733 9867 10334 9695 9944 10148 9931 9968 9766 10052 10025 9733 9661 9642 9752 10492 9749 9659 9479 9405 9535 9895 9582 10045 9719 9757 9349 10648 9657 10194 10228 10335 9868 9641 9874 9973 9478 9773 10003 10379 9845 8941 10230 9955 9745 10198 9877 9596 9376 10324 9949 9702 10069 9336 9956 10055 10150 10010 10184 10451 9964 9472 9669 10144 9187 10441 8648 10181 10274 10064 10143 9597 10404 10210 9946 9384 9957 9577 9967 9870 9891 10076 9937 10262 9872 9772 10356 9354 10159 10358 9535 9144 10182 9613 9923 10046 9962 10009 10107 9893 10042 10056 9568 10011 10356 9333 9180 10250 9663 10184 10225 9807 9525 9919 9487 9367 10115 9913 9891 10099 9934 9630 10297 9712 9459 9647 9453 10013 9968 9937 10318 9705 9888 10413 9553 10331 10240 9528 10488 9533 10324 10100 9845 10072 10137 10444 9468 10065 10168 9163 9609 9785 9560 9659 9904 10339
9547 9912 9760 10092 10093 9763 10280 9490 9930 9698 9232 10695 10025 9469 10269 9246 10599 8959 10237 10729 10107 9350 10034 9902 10310 9822 10010 10089 9768 10151 10611 10673 9953 10363 10213 9989 10107 9643 10079 10355 9504 10022 9771 9389 10221 9173 9275 9873 9922 9161 10306 9626 10332 9484 9701 9768 10176 9533 9461 9945 9982 8961 9978 10629 9801 9809 9727 9633 9668 10126 10262 9394 10107 9263 9901 9274 10112 9504 9376 10011 9602 9871 10245 9905 10299 9649 9219 10078 10006 9680 9643 9288 9870 9874 10435 9793 10336 10163 9383 9855 9721 9977 9863 10173 9872 9543 10477 10159 9813 10150 9413 10310 10690 10148 9528 10070 9927 9741 10156 9927 9396 9798 9733 10497 9420 9778 9342 10169 9751 9894 9490 10035 9330 9853 10598 9890 10228 10250 9953 9969 9641 9301 10462 9367 10186 9800 10173 10536 9835 9352 9332 10659 9594 10079 9995 10629 9654 9567 10219 10339 10282 9651 9582 9944 9429 9962 9925 10279 10379 9801 9976 10110 9855 9808 10258 9809 10335 10231 10122 9687 10768 9912 9900 10729 9174 9416 10557 10380 10221 10056 9408 10103 9731 10689 9365 9536 9527 9516 9932 9357 10266 9566 10047 9949 10273 10204 9926 9935 9759 9973 10077 9918 9308 9861 9210 9265 9758 10298 9605 10082 10120 9913 10046 9153 10249 10040 9692 9824 10270 9702 10244 9357 10098 10223 10148 10105 10058 9791 10205 9416 9824 9727 10157 10458 9820 10176 10232 9519 9875 10003 9296 9801 9755 9613 10103 9868 9431 9642 9678 10964 9532 10115 9665 9167 9872 9636 9022 10272 9988 9473 9114 9932 9885 9891 10207 10447 9731 9797 9354 9872 9883 9995 9618 9864 10099 9124 10081 9594 9938 9979 9417 10118 8969 10340 10226 10138 9956 9968 9730 10344 9836 9590 10222 10506 10023 9590 9510 10040 9418 10123 9334 9935 9614 9846 10347 10051 10291 10343 9571 9461 10130 9281 9810 10104 10131 10296 10042 10356 10203 9792 10530 9599 10307 10042 9838 9358 10284 10053 9853 9681 9706 9970 10264 9674 9922 10614 9461 9993 10514 9831 9697 9988 9805 9832 9832 9741 9505 9896 9378 9690 10098 9919 9988 9832 9884 10169 10037 9685 9402 9753 9822 10156 10103 9400 9898 9921 10202 10570 9796 10254 10038 9827 10314 9797 9810 10437 9916 10168 9568 10025 9433 10117 9749 9413 9601 9929 9637 9894 10190 10065
10364 10406 10060 10084 9934 10268 10755 9755 10141 10284 9880 10756 10156 9693 10632 9562 10552 9120 10603 10614 10138 9857 10044 10358 10699 10288 10180 10419 10138 10431 10293 10870 10203 11056 10197 9884 10545 10448 10605 10654 9759 10187 10415 10111 10327 10099 9763 10434 10283 9471 10624 10355 10560 9530 10361 9820 10208 9864 9862 10010 10437 9594 10128 11248 9961 10072 10106 10140 10448 10539 10661 9802 10160 10036 10367 9974 10230 9998 9777 10763 10128 10009 10069 10223 10255 10225 10610 10785 9844 9894 10297 9803 10053 9436 10262 9966 11048 10421 10131 10614 10343 10341 10227 10538 10541 10178 10765 10558 10187 10678 10130 10185 11007 10627 10418 10236 10770 10182 10066 10253 9549 10275 10624 10467 10009 9645 9669 10371 10003 10259 10248 9780 10074 10267 11132 10326 10323 10472 10709 9920 10168 10112 10927 10025 10246 10044 10948 10951 10492 10137 9996 10826 10050 10067 10449 11080 9897 10173 10324 11300 10331 9898 9562 10826 9564 10051 10002 10770 10698 9926 10257 10747 9947 9944 11215 9835 10116 10493 10239 10137 10605 10441 10358 11293 10118 10084 10568 10771 10971 10243 10118 10216 10392 11112 9793 10429 10154 9877 10315 9484 10732 9618 9837 10037 10166 10752 10715 10215 10041 10373 10476 10503 10076 10235 9765 9742 10099 10391 9703 10468 10091 10341 10184 9738 10618 9872 9870 10235 10153 10034 10086 10121 10368 10793 10202 10335 10556 10770 10741 9650 10639 10226 10357 10681 9719 10349 10305 10172 10189 10427 10078 10009 10304 10174 10616 10036 9829 10434 10165 10985 9738 9966 10316 9851 10034 10626 9436 10773 10249 10071 9590 10474 10381 10999 10629 10660 10206 9958 9885 10643 9595 9646 10259 10471 10498 9562 10388 10409 9914 10460 10063 10522 9459 10798 10791 10115 10167 10152 10347 10562 10164 10096 10786 10831 10223 10351 9847 10261 9982 10660 9551 10236 10303 10183 10551 10377 10973 10869 10038 9854 10816 10102 10017 10649 9998 10661 10055 10538 10045 10325 10596 10147 10527 10891 10414 9872 10887 9639 10244 10106 9869 10317 10563 10533 10375 10887 9870 10473 10471 10079 9981 10656 9639 10512 10611 10170 9650 10093 9788 10060 10832 10270 9935 10583 10274 9858 10027 10112 9446 10179 10609 10664 10907 10065 10299 10117 10362 11081 9558 10823 10285 9899 10371 10121 10646 10426 10530 9963 9932 10563 9902 10503 9924 9639 10065 10526 9855 9985 10563 10588
9490 9982 9814 9693 9838 9645 10163 8875 10252 10065 9070 10965 10069 9321 9938 8686 10211 8928 10331 10445 9949 9277 9589 10004 10220 9558 9630 9792 9446 9940 10379 10566 9570 10044 9861 10004 10060 9708 10096 10092 9617 9893 9917 9820 9757 9146 9393 9549 9880 9459 10166 9737 10242 9040 9311 10191 10324 9293 9682 9496 9699 9028 9432 10662 9711 9503 9878 9423 9841 10031 10257 9504 10151 9745 10009 9393 10149 9761 9029 10083 9731 9254 10098 9791 9807 9591 9375 10129 9879 9599 9053 9384 9664 9502 10089 9493 10149 10225 9235 9866 9498 9780 9828 9785 9737 9286 10246 10086 9656 10198 9328 9921 10604 10143 9750 9485 10088 9699 9658 9901 9066 9708 9977 10392 9376 9571 8986 10104 9624 9568 9818 9497 9952 9903 10530 9974 10066 9999 9704 9848 9884 9452 10656 9439 10235 9653 10254 10123 9820 9081 9613 10567 9400 9759 9713 10167 9999 9468 10061 10954 9915 10072 9528 10055 9703 9617 10021 10068 10720 9417 9914 10393 9702 9906 10235 9504 9908 9826 10237 9620 10447 9991 9639 10725 9568 9602 9990 10266 9811 9801 9497 9998 10084 10125 9511 10128 9684 9273 9900 9433 10460 9411 9766 9821 10414 10401 9945 9409 9699 9633 10405 10477 9841 9588 9658 9527 9684 10113 9775 9649 9683 9999 9893 9117 10407 9645 9702 9277 9677 9696 9967 9697 10027 10335 10015 9875 10052 10095 10217 9542 9922 9657 10070 10636 9244 9549 9777 9936 10191 9824 9493 9931 9606 9481 10255 9636 9704 9426 9758 10651 9573 9477 9599 9006 9430 9761 9555 9899 9708 9421 8817 10210 9898 9974 10198 10221 9812 9796 9686 10225 9064 9741 9928 10068 10668 9439 10093 9776 9529 9740 9678 9844 9149 10400 9814 9703 9468 9491 9847 10361 9752 9847 10319 10230 9920 9333 9463 9772 9643 10080 9269 9550 10100 9736 10088 9492 10255 9908 9845 9280 10051 9898 9563 9840 9916 9947 9833 10013 9930 9905 10508 9463 9989 9957 10093 9299 10455 10240 9606 9799 9679 9351 10220 10079 10063 10668 9584 9873 10167 9898 9618 10227 9304 9806 9902 10022 9365 9944 9329 9728 10224 9548 9434 9907 10088 9656 10313 9765 9263 9585 10194 10531 10418 9406 9961 10224 9869 10126 9430 10129 9994 9743 10388 9516 10004 9802 9936 9699 9417 10365 9863 10189 9433 9261 9600 9881 9333 9763 10229 9666
9574 9748 9969 9886 9848 9888 9953 9138 9840 9605 9302 10826 10005 9245 10126 9309 10147 8806 10201 10361 9740 9390 9652 10360 10210 10138 9913 9749 9539 9749 10277 10404 9910 10446 10157 9955 9930 9825 9833 10351 9630 9545 10009 9825 10109 9663 9406 9544 10089 9495 10040 9688 10107 9425 9679 9575 10204 9341 9441 9673 9940 9409 9787 10624 9692 10001 9864 9938 9510 10475 10583 9776 9980 10055 10118 9003 10028 9838 9340 10342 9816 9835 10349 9911 10032 9278 9493 10125 10118 9823 9822 9300 9523 9379 9971 9669 10333 10163 9289 9952 9659 9793 9928 9780 9845 9589 10522 9891 9545 10635 9477 10029 10419 10488 9419 9637 9769 9641 9562 10507 9175 10093 10036 10486 9250 9475 9629 10153 9784 9885 9748 9909 9547 9842 10839 9966 9816 9982 10035 9854 9554 9497 10807 9383 9805 9470 10171 10756 9957 9269 9388 10767 9605 9668 9923 10390 9750 9657 10079 10464 9955 10268 9458 9857 9319 9714 9957 10152 10343 9516 9662 10453 9680 9779 10718 9398 10031 10050 10414 9654 10044 9902 9767 10791 9525 9703 9889 10633 10095 9708 9645 9792 10044 10413 9234 9892 9687 9767 9573 9614 10378 8918 9604 9808 9947 10417 10174 9642 9770 9773 10446 10386 9492 10002 9455 9527 9754 10325 9478 9659 9643 9534 10368 9054 10306 9867 9416 9451 9998 9606 9713 9819 10329 10322 10229 10181 10194 10396 10314 9709 10168 9721 10044 10163 9419 9890 10168 9511 9700 9651 9827 9517 9720 9859 9512 9983 9430 9559 9755 10729 9683 9820 9813 9443 9479 9878 9229 9904 9601 9511 9124 10203 9966 10120 10182 10078 9576 9546 9608 10052 9345 9701 9938 10182 9808 9442 10118 9882 9894 9815 9386 9854 8958 10293 10108 9802 10074 9731 9846 10348 9886 10130 9975 10344 9712 9638 9126 10195 9590 10303 9386 9912 9838 9372 10338 9861 10234 10105 9727 9555 10274 9248 9900 9688 10015 10390 9887 10071 10062 9767 10244 9811 10103 10251 9660 9480 10192 9620 9955 9861 9427 10157 10066 9970 10026 10495 9150 10342 10243 9851 9668 10072 9432 9691 9588 9687 9815 10061 9504 10121 9981 9918 9814 10129 10025 9805 10243 9666 9371 9715 9675 10295 10091 9735 10186 9973 9712 10103 9634 10333 10172 9681 10241 9432 10270 10204 9871 10039 9401 10624 9644 10249 9767 9276 9562 10126 9555 9747 10201 10299
9745 10066 9882 9969 10073 10362 10477 9640 10229 9689 9623 11066 9936 9725 10340 9534 10618 9138 10424 10687 10543 9556 10057 10269 10695 9604 10010 10104 10124 10292 10924 10670 9766 10609 9890 10292 10660 9938 10331 10570 9986 10298 10410 10203 10106 9590 9515 9866 10288 9405 10354 10000 10406 9645 9910 10332 10317 10114 9391 9888 9851 9671 9928 10678 9988 9815 10175 9665 9940 10634 10969 9704 10020 9984 10153 9533 10213 9802 9595 10361 10178 9483 10170 10010 10437 10093 9799 10360 10244 10038 10093 9682 10140 9731 9969 9744 10073 10046 9616 9871 9356 10100 9581 10595 10105 9698 10951 10281 9941 10147 9811 10016 10506 10624 9818 10174 10325 10098 10161 10342 9604 9960 10246 10621 9648 9447 9669 10419 10192 10006 10281 9801 10186 10239 10780 10431 9967 10358 10321 10085 10205 9457 10901 9856 10656 10058 10426 10632 10217 9861 9769 10842 9749 10057 9906 10546 10256 10403 10153 10477 9980 9849 9934 10616 10238 10052 9856 10263 10391 9614 10009 10144 9775 10334 10593 9551 9856 10401 10374 10310 10778 10085 10154 10714 9698 9824 10565 10657 10793 10115 10003 10144 10157 10834 9570 10092 9752 9429 10066 9464 10396 9483 10301 9978 10278 10184 10203 9870 10000 10054 10589 10474 9337 10028 9545 9634 9941 10039 9721 10086 10141 10103 10065 9322 10415 9453 9724 9759 10287 9745 9729 9494 10273 10296 10671 9902 10252 10884 10581 9996 10391 10008 10343 10568 9555 10099 10357 10064 9797 10006 10048 9905 10052 9934 10216 9732 9704 9552 10135 10770 9872 9847 10105 9337 9914 10280 9652 10545 10175 9858 9599 10499 10242 9954 10316 10616 9881 9821 9647 10081 9880 10023 10033 10270 10095 9383 10549 9725 10299 10150 9909 10431 9800 10473 10967 10123 10170 10070 10190 10576 9901 9733 9983 10638 9997 9788 9675 9861 10047 10349 9204 9953 10145 9708 10421 9994 10724 10718 9938 9725 10264 10082 10080 9858 10489 10780 10089 10150 10268 10100 10579 9758 9950 10240 10309 10043 10614 10159 9820 10025 9741 9920 9861 9886 10062 10724 9684 10209 10386 9891 9649 10228 9937 10480 10055 10157 9967 10193 10156 10105 10429 10002 9475 10161 10051 10187 10254 10119 9469 10070 10840 10050 10616 10109 10126 10103 10175 10365 9956 10723 10597 9678 10558 9995 10629 10361 10031 10245 9827 10694 10296 10474 9936 9926 9663 10334 9574 9759 10558 10751
9244 9785 9922 10112 9881 9687 10062 9232 9769 9736 9659 10427 9826 9318 9878 9013 9867 8859 10291 10070 9865 9326 9920 10089 10154 9570 10248 9732 9579 9908 10661 10154 9536 10482 9984 9726 10349 9576 9972 10176 9298 9943 9953 9585 9983 9289 9069 9563 9760 9504 10378 9472 9930 9180 9987 10155 10098 9423 9372 9576 9843 9195 9902 10071 9775 9131 9935 9630 9303 9577 10344 9374 10035 9383 9818 9539 9735 9460 9441 10103 9451 9641 9934 9785 10091 9701 9751 9963 10034 9691 9410 9001 9553 9008 9750 9520 9769 9692 9291 9634 9800 10039 9232 9926 9613 9505 10714 10129 9694 10041 10053 9844 10226 10052 9832 9602 9829 9692 10168 9992 9333 9817 9649 10100 9225 9772 9131 10329 9780 9755 9457 9368 9653 9679 10172 10050 10218 9990 9820 10130 9724 9297 10603 9421 10137 9398 10303 10161 10022 9876 9632 10305 9439 9838 9910 10462 9715 9298 9709 10287 9879 9647 9414 9880 9589 9508 9745 10449 10143 9195 9572 10017 9755 9444 10505 9439 9476 10014 10251 9927 10436 9916 9591 10566 9220 9642 10082 10184 10601 9789 9556 9768 9972 10227 9199 9952 9540 9240 9582 9149 9982 9270 9662 9563 9996 10347 10112 9689 9677 10023 9914 10261 9629 9441 9514 9467 9528 9925 9556 9709 9886 10112 9751 9344 10198 9720 9397 9583 9401 9658 9364 9323 9957 9873 10035 9640 10060 10275 10327 9584 9814 9357 9919 10570 9380 10074 10181 9708 9853 9778 9790 9695 9422 10029 10075 9570 9487 9650 9678 10424 9708 9685 9100 9188 9327 9903 9077 10045 9811 9877 8877 9781 10015 9758 10128 9659 9479 9745 9493 10048 9189 9716 9568 10220 10055 9298 10106 9964 9885 9609 9295 9825 8876 10304 9957 9664 9398 9574 10056 10528 9491 9713 10148 10015 9947 9563 9380 10086 9490 9908 9048 9580 9626 9577 10193 9673 10786 10130 9907 9406 9857 9585 9527 9941 9683 10091 9523 10362 9813 9759 9746 9398 10106 9999 9870 9491 9832 9513 9440 9774 9565 9663 9942 9615 10355 10092 9121 9985 10293 9676 9446 10493 9571 10510 9865 9569 9538 9906 9615 9247 10043 9924 9516 10293 9792 9594 9289 9550 9162 9636 10212 10289 10056 9970 9806 9719 9836 9652 9275 10611 10275 9558 10543 9495 10155 9707 9882 9911 9441 10241 9542 9867 9769 9058 9570 10104 9564 9684 9891 10164
9941 10017 9867 10042 9321 10012 9958 8959 10125 9834 9804 11154 10063 9217 9910 8918 10474 8648 10296 10196 9917 9306 10024 10174 9997 9807 10424 9825 9944 9967 10043 10176 9822 10219 10143 10002 10311 10139 9825 9949 9578 9957 9761 9885 10118 9712 9149 9904 9781 9330 10361 9756 10003 9293 9683 9904 10024 9378 9826 9506 10141 9398 9864 10281 9886 9568 9581 9461 9760 9993 10294 9782 10121 9891 9884 9550 10054 9829 9417 10162 10169 9829 10248 10061 10279 9420 8981 10149 10099 9808 9752 9335 10087 9384 10078 9506 10380 9760 10005 9683 10098 9894 9222 10299 10126 9537 10231 10140 10029 10538 9464 10168 10530 10496 9667 9676 9695 9713 9773 10025 9157 9794 9805 10574 9920 9535 9231 10190 9426 10065 9921 9396 9260 9851 10656 10064 10405 10211 9767 9830 9678 9599 10592 9386 9890 9649 10112 9847 9876 9641 9416 10570 9422 9703 9808 10267 9979 9592 9994 10800 9612 9801 9624 10245 9424 9735 10017 10264 10261 9802 10376 10422 9674 9914 10445 9574 9667 10154 10151 9632 10709 9997 9855 10643 9519 9576 10098 10397 10207 9961 9502 10112 9840 10299 9280 9893 9723 9450 9907 9171 10119 9593 9671 9663 10376 10335 9638 10135 9637 9604 9914 9851 9424 9820 9725 9610 9566 9852 9450 9761 9711 10007 10031 9380 10388 9945 9786 9653 9932 9594 9726 9518 9937 10268 10531 9772 9893 10149 10282 9486 9918 9682 9926 10542 9715 10015 10427 9787 9381 9813 9398 10024 9824 10004 10064 9637 9805 9452 9741 10729 9552 9782 9908 9082 9645 10367 9222 10046 9906 9690 9189 10376 9889 9921 10371 10134 9971 10230 9711 10403 9407 10017 9831 10153 9874 9455 10000 9695 9952 9429 9680 9924 9046 10452 10361 9708 9835 10024 10087 9928 10308 9932 10519 10585 9823 9244 9556 9673 9472 10391 9533 9840 10116 9852 10301 10035 10448 10070 9860 9472 10198 9831 10142 10294 9791 9901 9791 9938 9895 9799 10536 9554 9968 10207 9914 9515 10466 9961 9489 9487 9723 10261 10297 10042 9828 10736 9326 10189 10372 9800 10054 10281 9251 10371 9784 9789 9666 9862 9287 9600 10331 10191 9596 9914 9694 10170 10334 9753 9892 9676 9741 10500 10399 9607 10111 9910 9761 10132 9719 10203 9903 9556 10957 9206 10077 9765 10189 10038 9957 10396 9473 10363 10060 9497 9325 10235 9742 9887 9843 10057
9713 10029 10036 10321 10077 10036 10274 9581 10075 9791 9743 11261 9833 9677 10299 9586 10301 9346 10542 10219 10010 9600 9993 9828 10262 10033 10057 10231 9757 10185 10049 10525 10109 10583 10197 10180 10621 10030 10040 10638 9883 10074 10290 9851 10337 10020 9541 10039 10359 9533 10272 10205 10355 9431 9810 10211 10578 9648 9536 9839 10580 9727 10225 10315 9882 9929 9754 9891 9975 10066 10335 9655 9962 10198 10597 9954 10329 10086 9795 10318 10145 9756 10000 9697 10397 9951 9975 10591 10728 10238 9990 9415 9740 9993 10089 9674 10414 10341 9439 10318 9993 9994 9924 10281 10064 10241 10790 10064 10050 10414 9772 9829 10899 10419 9830 9627 10288 9752 9645 9971 9601 10292 10677 10955 9878 9523 10019 10414 9922 10092 9682 9802 10046 10424 10670 10246 10145 10209 10326 9897 10117 9627 10853 9744 10137 10071 10828 10604 9928 9758 10310 11020 9867 10140 9953 10864 9999 9858 10300 10745 10117 10242 9738 10239 9790 9506 10287 9996 10537 9731 10039 10570 9978 9576 10978 9902 10043 10484 10366 10037 10695 10281 10155 10776 9597 9936 10182 10571 10494 10106 9658 9956 9859 10491 9499 9760 9598 9692 9939 9600 10806 9770 10190 9838 10294 10729 10385 10288 9550 10376 10259 10277 9663 9981 9856 9642 10211 9786 9951 10327 10060 10031 10600 9519 10329 9543 9887 9339 10251 9947 10395 9652 10058 10052 10294 10273 10302 11072 10986 9710 10497 10495 10164 10572 9486 10230 10040 10166 9919 10296 10352 9678 10112 10942 10443 10107 9670 9943 10064 10535 9904 9760 9736 9398 10155 10471 9985 10026 9897 9906 9360 10173 10321 10308 10722 10741 9976 9985 10052 10303 9413 9922 10279 10254 10331 9599 10735 9742 9993 10129 9752 9884 9358 10568 10331 10298 9984 10186 10117 10755 10107 10050 10369 10736 10509 10030 9693 10379 9911 10508 9757 9718 10277 9868 10459 9955 11093 10302 10263 9721 10223 10170 10119 10051 9642 10326 9911 10281 10187 10330 10760 9917 10474 10252 10024 9728 10750 9718 10577 9969 9859 9885 9967 10087 10364 10562 9427 10367 10953 9709 9772 10505 9565 10670 10264 9478 9758 10073 9463 9979 10283 10222 9761 10089 9932 10198 10509 9963 10095 9770 10420 10670 10203 10052 10024 9809 10036 10411 9615 10491 10282 9601 10820 9765 10563 10105 10138 9969 9449 10509 9958 10337 10031 9541 9763 10385 9865 9713 10281 10232
9740 10045 10009 10347 10160 10157 10590 9274 10291 9817 10217 11382 9948 9854 10394 9568 10012 9633 10113 10770 10238 9791 9548 10384 10729 9969 9725 10056 9795 10131 10316 10690 9613 10377 10074 10074 10780 10077 9717 10389 9766 9942 10184 10227 10644 9621 9179 9992 9736 9496 10666 9899 10449 9461 9996 10147 10381 9600 9550 9799 9824 9567 10639 10927 10101 9746 9898 9672 9861 9952 10481 9808 10076 10000 9964 9601 9989 9646 9409 10610 9969 9594 10291 9818 10395 9783 9985 10637 10036 10067 9877 9171 10057 9636 10059 9882 10168 10283 9404 9785 9343 9903 9734 10331 10198 9803 10729 10393 10155 10118 10090 10253 10481 10376 9881 9663 10111 9465 9921 10174 9730 9996 9931 10451 9590 9368 9559 10298 10053 9771 9689 9918 9927 9841 10832 10468 10418 10058 10043 10402 10138 9288 10665 9738 10320 9679 10228 10664 10058 9727 9940 11249 9608 10148 9597 10837 9801 9848 10242 10713 9961 9860 9868 10490 10095 9686 10294 10153 10447 9251 9932 10249 10270 10073 10513 9581 10043 10059 10477 10120 10701 10023 9979 10861 9747 9839 10422 10540 10492 10069 9477 10188 10072 10465 9561 9596 9886 9620 9908 9664 9862 9570 10306 10046 10638 10903 10486 9648 9875 9804 10321 10142 10176 9931 9844 9974 9632 10292 9489 9878 9918 10231 10293 9395 10381 9680 9762 9649 9786 10005 9992 9432 9918 10386 10314 9443 10279 10692 10381 9704 10536 9727 10104 10430 9424 9732 10462 9953 9750 10009 10096 10027 10152 10186 10110 10261 9715 9914 10057 10613 9678 10144 10045 9540 9888 10090 9246 9714 10099 10273 9377 10538 10073 10440 10876 10689 10235 9989 10041 10507 9542 10066 9954 9830 10355 9413 10468 9729 9788 10207 9898 10275 9411 10786 10342 10001 9947 9739 10038 10525 10313 10253 10545 10800 10050 9944 9512 10075 9873 10385 9143 9955 10168 10459 10199 10374 10636 10373 9837 9857 10274 10045 9728 10128 10727 10440 10155 10234 10248 10216 10310 9538 9996 10198 10030 9546 10555 10192 9797 10219 9877 9668 10082 9986 9910 10318 9345 10318 10503 10214 9748 9959 9667 10112 10367 9974 9602 10359 9639 9345 10372 10420 10006 10034 9974 10094 10228 9988 9355 9555 10335 10431 10532 9657 10306 10038 10045 10265 9670 10571 10122 10119 10709 9968 10577 9755 10221 10059 9898 10480 10298 10227 10119 9494 9593 10422 9577 10153 9885 10475
10048 10398 10505 10440 10528 10123 10408 9873 10778 9958 10045 11202 10628 10094 10187 9901 10768 9511 10625 10879 10499 9645 10088 10393 10666 10202 10363 10552 10322 10216 10984 10979 10189 10729 10061 11171 10827 10275 10425 10725 10145 9886 10318 10195 10551 9915 9844 10221 10286 9683 10750 10065 10383 9785 10374 10341 10261 10149 9975 9783 10389 9912 10340 11201 10333 10212 10159 9874 9965 10624 10784 9870 10583 10277 10177 9947 10566 9981 9611 10746 9869 9985 10603 10354 10291 9969 9950 10482 10224 10353 9920 9630 10216 9909 10879 10242 10901 10365 9573 10285 10151 10077 9811 10531 10415 10173 10873 10420 10550 10870 9593 9983 10312 10697 9918 10107 10335 10269 10164 10175 9851 10403 10677 10675 10143 9842 9573 10896 9881 10269 9960 10205 9914 10074 10963 10290 10460 10663 10193 10196 10253 9679 10757 9949 10324 10798 10829 10985 10158 10179 10173 11429 10004 10052 10047 10824 10177 10160 10289 11107 10693 10475 10078 10520 10115 9980 10452 10567 10702 9585 10235 10590 10025 9642 10652 9973 10427 10607 10753 10597 10244 10325 10659 10940 9729 10171 10545 10816 10877 10166 10316 10564 10556 11055 9933 10230 10386 9805 10187 9462 10712 9912 10234 10174 10718 10906 10639 10126 10180 10528 10491 10925 9679 10010 9814 10133 9980 10388 10014 10247 9991 10390 10536 9471 10621 9805 10050 10205 10594 10305 9985 9923 10471 10861 10839 10239 10532 10510 10378 9621 10477 10267 10589 10751 9974 10572 10455 9983 10123 9830 10111 10491 10260 9953 10763 10311 10215 9955 10148 11267 10474 9951 10370 9538 10199 10264 9703 10501 10253 9687 9349 10702 10642 10747 10824 10720 10385 10203 9814 10832 10109 10054 10088 10486 10620 9579 10466 10099 9989 10408 9678 10615 9594 10758 10449 10301 10179 10251 10783 10782 9806 10207 10408 10665 10294 9856 9728 10551 9611 10658 9707 10228 10018 10100 10654 10083 11063 10604 10295 9926 10223 9857 10284 10672 10186 10707 10186 10591 10531 10615 10509 9976 10833 10571 10193 9916 10546 10161 10471 10549 10163 10273 10528 10713 10225 10479 9802 10484 10854 10102 9963 10712 9984 10950 10431 10208 10281 10406 9733 10134 10338 10504 10446 10604 10012 10326 10214 10289 9646 10505 10735 11029 10590 10250 10013 10083 10364 11040 10233 10761 10339 9677 10447 10226 10462 10198 10415 10614 10122 10382 10053 10542 10149 9694 10240 10492 9641 10317 10191 10590
9719 9413 9643 9781 9386 9709 10164 9188 9673 9863 9459 10693 10055 9268 9879 9366 10335 8857 10345 10090 9510 8700 9613 9800 10037 9902 10021 9602 9619 9573 10480 10563 9749 10421 9626 9139 10124 9889 9943 10072 9361 9553 10173 9191 10109 9601 9217 9314 9868 9340 10092 9533 9861 9166 9763 9628 10458 9496 9369 9806 9433 9111 10001 10451 9514 9364 9595 9651 9667 9917 10280 9595 9772 9330 9617 9305 9782 9581 9234 10270 9532 9363 9901 9683 9981 9085 9779 10035 10160 9457 9482 8833 9870 9147 9731 9646 10213 9936 9310 9707 9454 10005 9123 9862 9419 9306 10061 9640 9611 9831 9298 10057 10320 9915 9113 9607 9955 9474 9439 9597 9592 9395 9650 10116 9194 9252 9043 10080 9366 9643 9431 9166 9286 9720 10197 9581 9865 10157 9787 9984 9506 9428 10495 9670 10117 9637 10006 10398 9870 9360 9300 10148 9055 9359 9552 10863 9716 9813 10046 10150 9443 9862 9672 9840 9330 9736 9562 9983 9835 9568 10000 10111 9379 9839 10388 9209 9803 10053 9820 9702 10213 9513 9490 10684 9509 9270 9858 10342 9963 9689 9560 9961 9708 10211 9099 9411 9371 9339 9547 8885 9690 9163 9803 9423 10100 9828 9719 9444 9805 9568 9915 10289 9289 9618 9400 9176 9300 9950 9427 9423 9484 10189 9538 9394 10553 9337 9808 9202 9418 9586 9472 8814 9925 10031 9714 9794 9559 10082 9820 9200 9565 9523 10015 10569 9310 10132 9594 9733 9653 9747 9717 9140 9583 9810 9612 10009 9337 9674 9776 10334 9284 9665 9488 9404 9550 9938 9238 10255 9767 9658 9367 10203 10111 9911 9913 9985 9532 9768 9363 9830 9082 9685 9229 9606 9860 8827 10006 9453 9979 9766 9992 9926 8888 10201 9857 9801 9629 9417 9480 9804 9575 9330 9813 10691 9686 9369 9185 9634 9344 10157 9129 9917 9683 9570 10123 9843 10386 9964 9341 9026 9792 9547 9537 9936 9656 10062 10035 9820 9682 9568 10484 9583 9780 9864 9836 9269 9916 9705 9485 9428 9325 10073 9977 9106 9869 9950 9203 10087 10110 9268 9161 9814 9451 10245 9679 9781 9443 9729 9314 9479 9920 10045 9545 9654 9409 9511 9848 9469 9057 9645 9973 10032 10084 9563 9563 9422 9701 10191 9785 10008 10311 9280 10294 9222 9971 9720 9851 9791 9859 9938 9508 10176 9463 9316 9347 9928 9664 9745 9926 9848
10054 10516 10100 10388 10047 10340 10911 9586 10387 10034 10119 11198 10240 10297 10450 9436 10567 9437 11014 10645 10301 9766 10209 10089 10634 9970 10178 10473 9731 10114 10779 10727 10090 10928 10445 10304 10867 10203 10359 10669 10010 10288 10250 10344 10639 9416 9593 10052 10628 9479 10307 9840 10444 9977 10153 10617 10605 9895 9719 10216 10321 9487 10295 10858 10081 10238 10152 9759 10407 10249 10951 9852 10715 10282 10486 9911 10516 10216 9898 10643 10018 9806 10643 10249 10463 10049 9912 10870 10352 10232 10067 9391 10121 9731 10497 9646 10407 10441 9706 10163 10220 10398 9964 10516 10057 10070 10512 10750 10043 10649 9863 10484 10868 10680 10299 9867 10098 10142 10192 10105 9656 10324 10127 10840 9902 9783 9544 10485 10327 10685 9901 10150 10080 10081 10884 10258 10443 10709 10750 10596 9934 9705 11244 9692 10927 10169 10792 10993 10492 9842 9894 10854 9938 10243 10207 10845 10435 10311 10441 11079 10456 10267 9641 10293 9901 10036 10281 10094 10859 10003 10279 10737 10134 10234 10842 9685 10109 10489 10468 10109 10952 10410 10280 10762 9622 10205 10439 10450 10579 10281 9995 10285 10071 10549 9816 10251 9652 9700 10067 9360 10285 9696 9868 9945 10366 10538 9937 10249 10339 10422 10473 10442 10154 9913 9949 9801 9982 10124 10094 10132 10001 10070 10518 9489 10923 9812 10083 9985 10365 10096 10341 9854 10723 10575 10739 10002 10156 11140 10890 10001 10182 10009 10529 10653 9714 10397 10252 10285 10000 10505 9989 10307 10010 10494 10646 9802 10094 9982 10256 11175 9568 9920 10274 9746 9924 10360 10142 10360 10564 10285 9681 10378 10600 10415 10061 10469 10044 10127 10045 10582 9773 10213 10187 10423 10487 9406 10821 10229 10209 10333 10106 9868 9813 11086 10386 10621 9868 10192 9903 10961 10178 10359 10161 10676 10627 10175 9789 10465 10149 10460 9880 10436 10444 10121 10797 9972 10722 10702 10261 9706 10649 10494 10090 10158 10291 10426 10113 10859 10432 10160 10677 9834 10644 10270 10504 9724 11109 10369 10091 10041 10099 10465 10203 10197 10892 10810 9571 10532 10716 9960 9984 10834 9581 11046 10193 10308 9860 10275 9818 9963 10701 10047 10106 10063 10093 9962 10303 10046 9602 10138 10300 10635 10514 10350 10484 10525 10063 10115 9825 10821 10568 10073 10749 10242 10351 10171 10373 9987 10144 10979 9922 10263 9903 9715 9901 10584 10047 10191 10480 10721
9357 9333 9625 9789 9724 9621 10504 9433 10403 9684 9414 11044 9730 9668 10329 8994 10235 8813 10137 10258 9685 9680 9636 10088 10222 9849 9958 9834 9564 9654 10366 10361 9882 10228 9874 9725 10374 9835 9980 10096 9562 9325 9866 9777 9977 9582 8900 9318 9846 9339 10508 9432 10404 9540 9850 9413 10286 9474 9469 9486 9681 8975 9966 10644 9801 9728 10038 9833 10139 9880 10492 9644 9996 9074 10045 9192 9701 9253 9156 10227 9914 9904 9900 9837 10042 9802 9559 10028 9875 9866 9744 9180 9880 9497 9942 9483 10157 9615 9016 9835 9458 9781 9493 10088 10112 9543 10036 10132 9371 10312 9624 9900 10569 10385 9448 9415 10341 9614 9446 9831 9265 10094 9798 10296 9348 9807 9474 10182 9598 9650 9475 9483 9609 9363 10807 10242 9962 9715 9917 9788 9697 9564 10206 9505 9861 9987 10194 10231 10139 9713 9701 10365 9324 10320 9843 10656 9946 9549 9709 10554 9832 9875 9365 10242 9561 9819 10005 10410 10394 9562 9520 9975 9500 9468 10469 9527 9899 10289 9949 9804 10622 9946 10018 10603 9150 9563 9948 10145 10401 9806 9511 9747 10010 10458 9431 9855 9734 9269 9915 9133 10330 9102 9863 9514 10042 10706 10312 9225 9625 9855 10270 10031 9712 9685 9733 9288 9729 10277 9325 9391 9787 10356 9929 9207 10317 9718 9383 9393 9941 9611 10033 9714 9739 9858 10250 9579 9973 10311 10478 9606 10470 9695 10121 10575 9412 10140 9989 9812 9510 10003 10072 9520 9638 10169 10117 9604 9882 9537 9894 10608 9435 9760 9336 9294 9640 9870 9440 10036 9631 9936 8830 10278 9761 10038 10004 9914 10011 9755 9607 9983 9881 9455 9786 9928 10207 8840 10052 9773 9784 9429 9535 9710 9142 10446 10386 10124 9597 10124 9817 10416 9728 9823 9917 10021 9861 9489 9020 9737 9414 9940 9642 10058 9701 9577 9842 9979 10770 9967 9598 9216 10161 9903 9667 9698 9766 9981 9965 10410 9926 9622 10357 9448 10022 10047 9942 9259 10655 9875 9626 9700 9602 10114 9774 9740 10142 10426 8959 10230 10347 9588 9519 9954 9267 9870 10246 9628 9599 10031 9269 9909 10073 9770 10132 9913 9594 9702 9704 9660 9352 9959 9743 10002 10229 9511 9550 10015 9701 10181 9834 9989 9851 9853 10144 9507 10472 9920 9787 9784 9769 9966 9562 10194 9666 9889 9959 10208 9779 9984 9766 10283
9560 10159 10109 10068 10085 9835 10462 9222 10074 9909 9243 10723 10346 9544 9936 9393 10379 8913 10155 10734 10127 9360 9691 9721 10617 10163 9912 10004 9506 10037 10135 10253 10130 10303 10081 10025 10451 10003 9986 10523 9357 9542 10093 9760 9972 9778 9477 9875 10005 9326 10584 9582 10047 9103 9916 10389 10163 9393 9977 9681 9893 9460 10236 10634 9865 9768 9843 10087 10094 10280 10101 9753 10164 9613 10386 9325 10044 9685 9691 10233 9718 9938 10381 10204 10491 9713 9581 9961 9969 9873 9764 9525 9389 9347 10192 9608 10239 9922 9476 9842 9957 9839 9351 9679 10064 9932 10679 10373 9846 10190 9646 10575 10645 10571 9942 9412 10316 9626 9726 9922 9407 9715 10086 10666 9736 9540 9387 10305 9649 9777 9949 9543 9277 9994 10430 9873 9894 10053 9957 10248 9699 9381 10587 9550 10225 9421 10470 10433 9947 9601 9919 10811 9543 9905 9907 10652 10415 9765 10262 10671 10178 10155 9757 10284 9897 9883 10362 10055 10717 9654 10050 10022 9552 9860 10560 9233 10286 9942 10200 10204 10844 10263 10238 10927 9705 9453 9861 10287 10140 9980 9546 9744 9923 10097 9551 9963 9840 9477 9851 9374 10214 9313 10192 10096 10288 10597 10374 9989 9885 10219 10361 10268 9340 9791 9577 9427 9478 10130 9918 10067 10243 9803 10146 9403 10190 9973 9616 9515 9658 9700 9921 9816 9924 10194 10318 10075 10209 10134 10320 9575 10096 9772 10027 10869 9570 10062 10264 10155 9737 9945 10027 9925 9773 9815 10111 9693 9709 9721 9745 11168 9356 9765 9394 9081 9670 10474 9365 9783 9969 9666 9379 10058 9842 9847 9928 10354 10089 9660 9570 10301 9490 10113 9837 10341 10492 9391 10354 9787 9904 9830 9844 9726 8986 10509 10139 10104 9526 9704 10039 10572 10078 9685 10263 10659 9993 9640 9576 10079 9830 10124 9265 9666 10126 10204 10273 9872 10583 10336 9802 9619 9931 9522 9818 9767 10140 10286 9681 10183 10077 10096 10566 9328 10133 10360 9660 9610 10435 9843 10186 10383 9857 9971 10167 10014 9962 10495 9321 10441 10447 9798 9519 10169 9443 10432 9786 10171 9855 10075 9445 9530 10381 9958 9971 10232 10074 9561 10143 9801 9464 9777 10368 10302 10517 9950 9887 10307 10038 10118 9902 10278 10210 9456 10550 9510 10246 9975 10114 10209 9525 10233 9517 10374 10001 9289 9607 9881 9951 9757 10101 10057
9373 9574 9451 9921 9599 9738 10099 9232 10063 9848 9590 10721 9964 9694 9734 9292 10324 8928 9959 10217 9869 9519 9730 10237 10265 9697 9496 9701 9957 9575 10570 10371 9764 10348 9668 9594 10390 9633 9799 9901 9504 9912 9795 9544 10059 9518 9257 9467 9916 9129 9949 9493 9938 8924 9868 9888 10149 9330 9283 9384 10036 9332 10323 10535 9630 9812 9971 9991 9832 9951 9920 9590 9864 9306 9505 9738 9931 9533 8807 9659 9600 9716 9860 9726 9997 9819 9466 9902 9905 9685 9347 9333 9446 9528 9752 9164 10347 9616 9434 9589 9923 9831 9809 10125 9901 9283 10082 9979 9901 10130 9445 10057 10245 10212 9819 9475 9504 9675 9388 9491 9341 9564 9793 10602 9556 9427 9098 10266 9905 9666 9236 9577 9518 9679 10154 9983 9905 9792 9600 9996 9569 9489 10230 9273 10290 9409 10119 10336 9669 9545 9632 10276 8950 9862 9764 10634 9412 9420 9946 10338 9676 9896 9175 10089 9626 9362 9938 9911 10282 9622 9874 9869 9754 9325 10087 9301 9545 10418 10010 9650 10216 9666 9741 10484 9606 9306 10734 10431 10242 9165 9366 10021 9890 10535 9139 9627 9547 9310 10069 8986 9769 9266 9709 9476 9938 10386 9680 9406 9515 10056 9910 9999 9304 9564 9314 9329 9870 9693 9639 9686 9879 10091 9983 9432 10084 9743 9493 9464 9290 9702 9829 9405 9707 9656 10451 9915 9765 9777 9972 9941 9832 9363 9408 10035 9137 9813 9855 9753 9836 10024 9454 9822 9409 9674 10051 9361 9711 9420 9540 10526 9499 9579 9379 9245 9581 9706 9056 9997 9435 9729 9243 9987 9957 9823 10028 10106 9567 9922 10060 9999 9124 9320 9829 10295 10349 8947 9888 9520 9682 9848 9659 9551 9134 10429 10098 9855 9677 9668 10149 10234 9352 9950 9569 10181 9429 9699 9652 9792 9487 10085 9524 9668 9925 9296 9951 9647 10102 10091 10046 9317 9790 9337 9728 9559 9903 10207 9522 10043 9712 9877 10374 9702 9969 9853 9876 9332 10307 9844 9739 9993 9762 10081 10005 9745 9418 10337 9059 10026 10378 9657 9287 10083 9293 10318 10321 9976 9538 9870 9416 9485 9993 9670 9669 9853 10206 9576 9981 9669 9140 9300 10259 10155 9801 9982 9806 9606 9994 9980 9341 10383 9765 9380 9963 9726 10506 10050 9837 9483 9821 10013 9544 10139 9437 9145 9302 9974 9371 9579 10153 9727
9760 9939 9394 9586 9621 9547 10134 9235 9511 9409 9105 10071 9544 8963 9390 8827 9563 8677 9752 10165 9645 9135 9601 9637 10202 9666 9647 9354 9367 9643 10073 10077 9542 9953 9672 9599 10023 9664 9477 9873 9346 9316 9523 9416 9913 8961 8965 8955 9890 9040 10012 9263 9710 9222 9305 9621 9783 9393 9085 9620 9598 9227 9540 10176 9387 9825 9648 9463 9539 9817 10215 9197 9656 9504 9876 9114 9507 9412 8823 9776 9560 9284 10113 9547 9460 9393 9359 9665 9699 9418 9264 8938 9609 9312 9694 9317 9748 9787 8827 9557 9530 9534 9252 9592 9747 9293 10365 9248 9452 9635 9265 9754 9997 9951 9743 9366 10031 9271 9271 9639 9356 9498 9893 10165 9354 9293 9214 9704 9230 9997 9379 9361 9253 9622 10280 9398 9760 9793 9826 9174 9436 9288 9784 9103 9920 9337 9845 10076 9507 9135 9350 10452 9390 9413 9528 9934 9681 9194 9617 10021 9190 9755 9223 9711 9419 9317 9386 9791 10002 9114 9555 10009 9146 9417 10244 9583 9668 10067 9874 9972 10275 9505 9926 10416 8912 9228 9747 10385 9963 9630 9481 9821 9644 10723 9122 9691 9448 9018 9576 8942 9709 8884 9558 9665 9734 10088 9639 9414 9382 9195 10149 9661 8883 9642 9319 9280 9150 9833 9425 9662 9708 9615 9517 8969 9966 9127 9899 9248 9643 9334 9837 9493 9814 9965 10154 9655 9778 10062 10103 9420 10089 9671 9663 10302 9062 9415 9707 9352 9616 9276 9696 9254 9555 9404 9755 9407 9135 9275 9510 10123 9783 9483 9600 9157 9376 9785 9465 9887 9298 9372 8820 10043 9266 9331 9952 9874 9717 9328 9217 9948 8558 9089 9310 9818 9903 8638 9723 9259 9551 9541 9380 9471 8891 10225 10071 9655 9244 9362 9322 10057 9540 9807 9721 9994 9591 9528 9487 9651 9666 10133 8789 9417 9712 9577 9808 9488 10119 10017 9688 9209 9809 9375 9271 9623 9713 9779 9465 9485 9544 9411 9893 9050 9615 9960 9221 9461 10379 9385 9592 9653 9105 9591 9690 9435 9605 9896 8954 9688 9975 9609 9147 9931 8789 9835 9871 9486 9366 9362 9137 9785 9811 9527 9326 9858 9729 9658 9478 9324 9064 9442 9897 9426 9675 9637 9550 9371 9663 9777 9052 9897 9851 9018 9940 8898 9571 9810 9554 9701 9214 9852 9246 9638 9467 9190 9098 9668 9485 9563 10098 9891
9892 9911 10107 9826 10003 9855 10363 9166 9995 9950 9905 10824 9820 9801 9601 9293 10191 9105 9960 10564 9882 9739 10082 10061 10129 9655 10086 10228 9691 10030 10194 10697 9739 10395 9839 9694 10411 10266 9988 10344 9707 9888 9689 10295 10345 9466 9615 9747 10094 9202 10164 9839 9883 9405 9833 9887 10643 10060 9374 9870 10035 9459 10304 10662 9711 9896 10164 9835 10024 10391 10333 9804 10247 9847 9933 9886 10081 10093 9349 10330 10185 9606 10448 10234 10373 9981 9966 9890 10615 10199 9661 9241 10019 9574 10456 9457 10184 9843 9667 10002 9580 9753 9558 9907 10079 9741 10194 10242 9847 10286 9515 10172 10199 10699 9637 10023 9904 9502 9976 9905 9464 9838 10296 10346 9807 9906 9636 10193 9746 10380 9502 9879 9893 10046 10589 9772 9954 10148 9933 9868 9552 9520 10487 9502 10214 9882 10283 10492 10079 9516 9837 10700 9538 9935 9994 10851 10004 9701 10279 10509 10009 10574 9526 9996 9639 9850 9937 10038 10262 9707 9732 10577 9819 9613 10509 9800 9447 10277 10661 10093 10681 9923 10064 10590 9670 9966 10118 10502 10431 9907 9551 10017 10415 10763 9751 10020 9931 9604 9968 9801 10107 9519 9734 9821 10294 10593 9644 9577 9662 10292 10587 10311 9549 10150 9422 9676 9604 10097 9296 10108 9834 10069 10146 9335 10540 9874 9822 9608 10021 9694 9597 9810 10316 10358 10421 9994 9792 10366 10501 10106 10247 9561 10238 10470 9422 10285 10157 9831 9691 9656 10000 10009 9833 9973 9920 9953 9699 9752 10158 10782 10267 9788 9819 9424 9674 9991 9424 10037 9708 10050 9149 10341 10188 10380 10372 10420 10163 10092 9783 10054 9463 9937 9960 10479 10281 9297 10229 9684 10332 9896 9942 9666 9513 10722 10332 10185 9697 9364 10167 10222 9825 9871 9907 10686 9712 9842 9705 9928 9960 10457 9396 10003 10022 9889 10464 9950 10564 10169 10104 9345 10219 9890 10046 9816 10055 10592 9863 10372 9954 9805 10321 9300 10074 10317 10060 9548 10609 9841 9968 9966 9463 10005 10105 10169 10066 10655 9293 10490 10674 9761 9440 10231 9102 10628 9921 9799 9940 9604 9600 10366 10255 10011 10101 10258 10153 9460 10384 9952 9562 10286 10037 10198 10365 9945 10108 10220 9822 10046 9847 10263 10148 9440 10734 9758 10324 9999 9913 10315 9725 10144 9990 10427 10110 9529 9448 10254 10073 10267 10056 10269
9528 9604 9255 9441 9440 9418 9621 8929 9424 9822 9628 10564 9671 9202 9268 8633 9830 8405 9795 9619 9134 9026 9456 9195 9630 9300 9886 9319 9234 9352 9822 10100 9427 10305 9445 9094 9744 9551 9332 9845 9017 9349 9445 9714 10077 9062 8943 9362 9220 9372 9645 9122 9770 8850 9027 9868 9956 9085 9219 9692 9599 9168 9871 9954 9020 9132 9264 9106 9663 9526 9821 9233 9367 9447 9956 8922 9453 9305 8656 9753 9189 9409 9661 9287 10009 9216 9293 9555 9681 9731 9560 8792 9538 9134 9653 9227 9602 9467 9158 9298 9439 9441 9206 9572 9456 9124 10031 9736 9426 9478 9103 9624 9927 10162 9143 9178 9607 9141 9492 9564 9055 9561 9651 9937 9150 9056 9117 9662 9515 9525 9314 8819 8989 9395 9812 9499 9390 9757 9420 9603 9335 9241 10010 8890 9386 9048 9391 9769 9206 9172 9176 9990 9000 9439 9431 10069 9613 9318 9752 10088 9255 9440 9573 9569 9443 9580 9623 9737 9878 9111 9544 9658 9644 9641 9995 9301 9564 10082 9723 9707 9834 9661 9190 10405 9013 9608 9784 9975 9865 9349 9410 9317 9809 9820 9083 9575 9237 9298 9117 8969 9549 8852 9397 9273 9918 9607 9497 9352 9259 9311 10031 10072 8682 9472 9095 8960 8868 9659 9164 9191 9314 9616 9666 9231 9959 9641 9187 9214 9286 9438 9568 9085 9535 9740 9933 9473 9548 9913 9788 9027 9624 9537 9288 10365 9232 9441 9699 9546 9428 9760 9381 9473 9527 9405 9414 9690 9148 9384 9306 9763 9151 9215 9156 8726 9239 9450 8861 9680 9454 9235 9197 9946 9851 9503 9827 10002 9627 9537 9304 10082 8967 9174 9326 9761 9483 8641 9732 9446 9652 9482 9239 9237 8865 9952 9860 9262 9483 9060 9686 9534 9406 9422 9939 9846 9537 9062 9204 9426 9128 9877 9120 9489 9532 9505 9715 9594 10239 9655 9337 9102 9635 9448 9288 9480 9522 10064 9555 9570 9499 9388 10187 9137 9946 9866 9230 8848 9704 9293 9321 9261 9330 9602 9781 9476 9526 9711 8937 9560 10278 9269 8787 10041 9302 9584 9458 9237 9121 9635 8963 9163 10096 9760 9766 9934 9144 9570 10026 8922 8927 9614 9702 9584 9825 9776 9525 9588 9169 9863 9055 9926 9603 9205 9991 9236 9632 9234 9631 9459 9326 9880 9046 9732 9317 8902 9226 9515 9194 9807 9690 9745
9815 9760 9677 9575 9960 9875 10180 9180 10313 9771 9371 10955 9465 9543 10110 9159 9755 9172 10061 10237 9924 9342 9673 9880 10251 9955 9722 9843 9475 10009 10052 10320 9766 10462 9903 9914 10266 9790 9575 10093 9487 9625 10023 9649 10210 9523 9424 9413 10264 9391 10113 9906 10112 9364 9311 10168 9912 9584 9463 9013 9879 9377 9786 10696 9991 9652 9834 9297 10218 10461 10297 9311 9964 9633 9994 9629 9628 9672 9194 9997 10231 9965 10131 9701 10155 9514 9677 10004 9690 9896 9466 9519 9641 9218 10332 9364 10304 10183 9233 9927 9535 9426 9837 10067 10357 9377 10285 10331 9724 10147 9424 9631 10241 10056 9851 9940 9984 9727 9292 9848 9290 9881 10441 10119 9890 9783 9458 10589 9335 9911 9543 9830 9048 9852 10482 9683 9683 9807 9932 9825 9518 9945 10440 9441 10124 9643 10565 10229 9580 9465 9670 10690 9367 9708 10108 10445 10020 9417 10006 10527 9896 9856 9462 10088 9831 9851 9756 9904 10736 9671 10014 10077 10013 9463 10066 9637 9938 9958 10600 10039 10608 10347 10092 10683 9366 9582 9935 10266 10741 9656 9662 9619 10432 10423 9533 10085 9759 9520 9997 9254 10435 9508 9543 9917 9976 10674 9971 9635 9633 10207 10204 9999 9437 9781 9299 9215 9615 9764 9626 9637 9923 9801 9924 9530 9927 9627 9719 10036 9391 10093 9672 9628 10278 10110 10306 10075 9929 9984 9898 9413 9802 9960 9921 10287 9554 10282 10016 9575 9774 9702 9695 9846 9447 9997 9873 9647 9894 9380 9529 10418 9740 9332 9325 9250 9851 10089 9178 9688 9660 9859 8915 10032 10366 10333 10099 10288 9565 9957 9593 10335 9517 9488 9788 9784 10189 8950 10111 9783 9763 9181 9655 9511 8900 10472 10240 9916 9919 9957 10337 10021 9878 9976 10235 10331 9813 9379 9556 9673 9629 10272 9421 9625 9927 9749 10275 9683 10577 10326 9558 9096 10154 9689 9956 10217 9410 10087 9735 10145 9994 10247 9971 9504 9981 10183 9605 9269 10511 9855 9827 9933 9416 10138 10233 9895 10164 10569 9488 10492 10487 9478 9625 10211 9391 10030 9838 9605 9576 9944 9403 9376 10302 9836 10058 10012 10075 9600 9758 9239 9642 9713 10132 10287 9949 9622 9965 9738 10082 10092 9574 10113 9986 9239 10187 9813 10282 9890 10248 9998 9274 10276 9649 10248 10085 9571 9391 10342 9362 9665 10210 9935
9909 10405 9906 9892 10111 10245 10354 9521 9893 9682 9505 10946 10154 9939 10031 9363 10182 9088 10322 10376 10316 9840 9671 9973 10241 10174 9770 9775 9882 10322 10570 10641 9791 10603 10153 10498 10408 10084 10170 10479 10064 9879 9833 9952 10195 9710 9653 9934 10007 9461 10083 9978 10110 9565 9892 10103 10458 10080 9679 9881 10646 9578 10062 11027 10066 9732 10394 9737 10331 10521 10556 9645 9924 9820 10294 9427 9925 9706 9472 9997 10333 9674 10171 10312 10187 9890 9821 10332 10386 9654 9765 9546 10022 9988 10064 9621 10267 10430 9665 10097 9762 9975 9844 9764 10355 9373 10408 10257 10097 10417 9689 10303 10476 10911 9905 9490 10253 9752 9863 10178 9086 10138 10028 10541 9309 9772 9763 9933 10125 10170 9809 9711 10148 9771 10721 10410 10326 10097 9969 10202 10158 9424 10405 9620 9949 9998 10476 10539 10207 9674 9591 10806 9661 9852 10094 10722 10232 9768 10060 10660 10492 10322 9919 10356 9683 9752 10255 10450 10276 9542 9795 10184 9640 9587 10849 9526 10070 10470 9855 9849 10671 9864 10127 11088 10079 10217 10306 10771 10313 9963 9984 10285 9985 10526 9497 10193 10085 9125 10184 9289 10281 9585 10396 9863 10273 10819 9794 9593 9870 10147 10685 10597 9535 9896 9860 9933 9916 10241 9814 9888 9952 10146 10338 9353 10485 9647 9479 9304 9669 9900 9889 10099 10100 10999 10837 9952 10473 10440 10583 9973 10394 10025 10162 10514 9447 10053 10032 10283 10146 9801 9760 10178 10151 10455 10333 10111 9350 10122 10318 10926 9599 10219 10128 9292 9847 10059 9640 9927 9741 10198 9202 10777 10104 10270 10336 10609 10064 9971 9890 10389 9613 10133 9960 10483 10222 9620 10451 9884 10049 10103 10205 9694 9441 10599 10325 10105 9811 9792 9835 10527 10021 9990 9707 10521 10040 9752 9873 9949 9770 10641 9004 10506 9673 9300 10549 9866 10849 10098 10620 9579 10203 9927 9863 10126 10006 10618 9879 10180 9589 9905 10364 10116 10412 10611 10326 9359 11060 10188 9885 10085 9803 10308 10374 10036 10516 10425 9254 10569 10565 10062 9612 10464 9534 10495 10186 9645 9740 10043 9509 9978 10025 10141 9815 9984 10242 9802 10024 9749 9081 9802 10290 10555 10707 10361 10142 9976 9699 10204 9642 10318 10331 9564 10420 9898 10217 10059 9736 9940 9766 10854 10097 9919 10117 9844 9929 10684 9825 9990 9944 10077
9390 9905 9202 9543 9888 10002 10075 9544 9834 9598 9274 11137 9831 9656 10003 9039 10083 8967 9711 10372 9664 9336 9354 9755 9815 9768 9477 9695 9696 9579 10126 10312 9870 10594 9652 9775 9862 9496 9851 10152 9301 9573 9798 9571 9898 9031 9068 9791 9623 9544 9963 9837 9805 9245 9707 9772 10516 9462 9391 9239 10183 9640 9484 10142 9709 9411 9832 8995 9512 9859 10201 9396 9822 9571 9708 9279 10078 9500 9162 9996 9517 9631 10038 9962 10290 9357 9513 10207 10037 9705 9143 9306 9874 9322 9639 9579 9845 9898 9448 9698 9279 9729 9094 10256 9883 9363 10086 10283 9483 10023 9150 9789 9820 10037 9389 9603 9950 9040 9654 9887 9306 9642 9877 10337 9640 9666 9180 9926 9398 9680 10033 9459 9424 10133 10909 9716 9795 10112 9531 9620 9782 9484 10075 9177 9757 9643 10033 10031 10009 9469 9333 10674 9158 9709 9495 10410 9897 9662 9806 10033 9738 9647 9376 9949 9764 9135 9924 9688 10221 9534 9919 9924 9720 9484 10402 9467 9742 9619 10048 9969 10761 9878 9761 10670 9566 9596 10028 10367 9939 9554 9328 9418 9679 10054 9247 9588 9434 9012 9764 9398 9934 9190 9932 9525 10102 9974 9462 9804 9655 9942 10179 9802 9171 9661 9744 9095 9481 9908 9594 9825 9408 9841 9640 8984 10130 9498 9401 9471 9957 9435 9669 9291 9584 9929 10166 9530 9709 10054 10082 9354 10011 9614 9908 10200 9122 9457 9840 9596 9489 9751 9230 9773 9360 9326 9631 9196 9409 9450 9740 10397 9510 9484 9230 9353 9527 9703 9591 10005 9508 9616 8876 10152 9657 9898 9953 10431 9672 9588 9762 9887 9136 9863 9686 10142 10151 8711 9810 9402 9494 9921 9768 9887 9419 9969 9870 9234 9591 9528 9759 9867 9743 9812 10030 10381 9689 9053 9612 9967 9441 9786 9205 9635 9852 9759 10121 9691 10406 9498 10102 9323 10110 9774 9956 10030 10086 9982 9620 10399 9712 9776 9889 9214 10122 10112 9460 9035 10396 9951 9805 9714 9729 9825 10142 10023 10166 10169 9115 9704 10146 9459 9446 10173 9406 10243 10223 9681 9369 9562 9322 9489 9962 9821 9629 9871 9444 9563 10119 9543 9152 9621 9871 9892 10535 9422 9926 9330 9398 9988 9594 10093 9611 9319 10340 9756 9625 9522 9881 9787 9522 10184 9126 10025 9615 9189 9296 10009 9506 9767 9806 9878
9735 10142 9630 10314 9771 10009 10377 9487 10021 9432 9166 10990 10234 9793 9981 9155 10588 9122 10000 10633 10245 9734 9628 10064 10137 10148 9921 9974 9876 10264 10622 10810 10006 10490 9838 10123 10526 9621 10170 10067 10192 9786 10140 10070 10181 9452 9488 9836 10083 9658 10413 9777 9665 9477 9877 9951 10097 9946 9760 9789 10242 9543 9769 10654 9894 9869 9825 9774 10075 10180 10925 9680 10237 9804 10130 9720 10091 9744 9486 10395 9880 9664 10421 10231 10248 9808 10065 10762 10122 10043 9805 8848 9892 9569 10086 9802 10500 10182 9471 10169 9441 10449 9600 10173 9602 9622 10548 10192 9859 10232 9601 9873 10216 10069 9853 9516 10059 9790 9882 10255 9805 9856 10149 10606 9381 9648 9680 10811 10108 10229 9735 9614 9594 10167 10993 9855 9999 10416 10126 9957 9911 9694 10699 9947 10273 10202 10382 10378 10242 9688 9391 10729 9776 10160 9869 10457 10060 10015 9934 10624 9947 10194 9628 10213 9639 9817 10176 10542 10456 9657 10073 10475 9708 9702 10427 9923 10120 10565 10292 10103 10971 9608 10019 10933 9833 9554 10313 10658 10839 10119 9643 9887 10153 10363 9272 9873 9734 9231 9816 9288 10308 9604 9930 9859 10034 10416 10173 9819 10190 9881 10572 10227 9632 10109 9637 9789 9914 10449 9889 10288 9955 10051 10146 9302 10378 9849 9744 9629 9954 9757 9924 9922 9874 10457 10250 10272 10601 10321 10265 9546 10073 10029 10381 10707 9406 10084 10089 10037 9846 10065 9647 9844 9843 10473 10131 9558 10129 9736 10141 10705 9816 9843 9852 9225 9948 9884 9357 10289 9753 9988 9236 10390 10031 10093 10311 10631 10191 10138 9684 10281 9737 9994 9872 10140 10733 9328 10057 9574 9774 10086 9868 10284 9618 10268 10091 10101 10065 10054 9875 10373 9852 10039 10182 10637 10209 9524 9534 10024 9651 10496 9727 9868 9970 9765 10277 9904 10489 10442 10160 9456 10205 9952 9971 10384 10127 10727 10178 10529 10164 10080 10056 10032 10404 10314 9942 9623 10406 10189 9527 10335 9491 10029 10406 10395 10125 10195 9237 10286 10509 9891 9493 10477 9478 10456 10148 10089 9685 10036 9823 9959 9632 9902 9969 10314 10116 10070 10181 9712 9558 10101 9923 10297 10280 9925 10474 10133 9621 10178 9556 10185 10354 9533 10716 9759 9953 10030 10063 10109 9717 10534 10172 10001 10055 9871 9730 10199 9741 10102 10275 10081
10187 10747 10358 10964 10136 10548 11002 9338 10473 10183 9508 11634 10299 10054 10359 9607 10831 9413 10456 11057 10522 9737 10283 10658 10667 10205 10318 10242 10384 10644 10695 11183 10145 11111 10013 10002 10783 10205 9988 10571 9987 10365 10734 10357 10904 9848 9687 10364 10526 10204 10871 9845 10265 9592 10150 10630 10317 10255 10018 10587 10452 9764 10530 11020 10095 9953 10441 10175 10444 10704 10908 10125 10629 9997 10377 10011 10272 10185 9904 10760 10300 10307 10892 10410 10472 9930 10121 10540 10478 10438 10163 9446 10153 9663 10282 10033 10858 10038 10324 10346 10033 10727 10263 10310 10435 9848 10685 10498 10221 10640 10207 10695 10922 10862 10328 10002 10332 10356 10275 10216 9791 9967 10627 11114 10291 9798 9765 10966 10032 10668 10058 10295 10227 10365 10963 10273 10387 10681 10302 10297 10129 10192 10875 10343 10491 10052 10849 11094 10518 9729 10143 11069 9866 10401 10341 11075 10343 10107 10688 11341 10555 10041 9887 10350 10374 10343 10736 10805 10541 10140 10247 10972 9921 10162 10605 10089 10711 10535 10541 10115 11490 10233 10669 11515 10087 9895 10382 10945 10485 10150 10299 10759 10213 10972 9810 10368 10240 9683 10020 10156 10690 9811 10172 10338 10692 10935 10204 10492 10557 10157 10836 10279 10051 10291 9976 9943 9952 10534 10320 10502 10484 10394 10675 9651 10766 10434 10252 10062 10400 10156 10376 9946 10079 10464 11171 10145 10770 11025 10559 10384 10443 10123 10213 11294 9910 10542 10413 10529 10373 10203 10395 10326 10445 10411 10515 10128 9859 10168 10200 11409 9980 10351 9952 9468 10012 10315 9949 10811 10284 10155 9502 10947 10268 10429 10567 10970 10530 10044 10346 10773 9946 10278 10037 10768 10488 9663 10679 10138 10337 10387 10520 10229 9790 11141 11004 10453 10168 10123 10183 10545 10113 10451 10604 11138 10248 9861 9946 10317 10134 10563 10345 10306 10419 10308 10643 10599 10868 10588 10380 10343 10531 10516 10240 10426 10597 10489 9931 10173 10508 10044 10805 10099 10633 10239 10740 10049 11161 10425 10284 10251 10276 10000 10229 10507 11112 11001 9864 10783 11135 10458 10012 10784 9740 10967 10053 10454 10358 10231 9814 9929 10736 10305 10294 10481 10580 10444 10586 10113 9836 10009 10758 10925 10764 10482 10602 10470 10599 10565 10455 10692 10580 9671 11441 9971 10504 10125 10438 10637 10174 10500 10118 10810 10077 9716 10280 10285 9943 9915 11068 10578
9755 10345 9917 9902 10124 10150 10559 9777 10190 9937 9524 10975 10036 9663 9702 9440 10325 9418 10483 10727 10352 9703 9699 9789 10933 10210 10183 9813 9661 10273 10795 10559 9997 10978 9992 9995 10591 10191 10082 10959 9671 10285 10150 9562 10189 9503 9573 9520 9851 9771 10710 10172 10357 9449 10102 10122 10520 9909 9960 9711 10008 9435 9686 11020 9923 10084 9720 9512 10235 10227 10562 9551 10242 10275 10066 9987 10241 10182 9774 10332 9805 9895 10438 10100 10542 10224 9832 10498 10110 10015 9725 9664 10294 9752 9952 9843 10489 10173 9469 10244 9592 10164 9791 10425 10315 10176 10769 10212 10352 10593 9474 10234 10346 10440 10110 9667 10402 9886 9665 10295 9345 10177 10314 10466 10104 9777 9975 10446 9761 10269 10085 9950 9638 10055 10647 10188 9846 10380 10038 10134 9683 9892 10605 9808 10286 9581 10596 10946 10091 10157 9802 11082 9858 9617 9715 10993 10338 9773 9820 10792 10161 10020 9680 10442 9508 9896 9960 10535 10490 9815 9993 10243 10094 9910 10627 9926 10244 10758 9920 10143 10493 10429 9832 10979 9483 9684 10374 10661 10760 9668 9757 10100 10349 10623 9630 9913 9900 9398 10154 9569 10131 9773 9642 9952 10252 10763 10335 10263 9824 10344 10324 10469 9680 10278 9649 9527 9711 10035 9927 9926 10252 10409 10279 9329 10435 10015 9999 10068 10487 10012 10164 9761 10528 10259 10574 10072 9982 10538 10344 9471 10348 9962 9877 10693 9698 10104 10423 9844 10124 10254 9874 9891 9917 9833 10134 10168 9657 9894 10164 10480 10171 9977 9781 9659 9927 10232 9334 10246 10065 10043 9747 10250 10164 9853 10889 10752 10025 10271 9877 10120 9883 9836 10421 10327 10351 9645 10561 9837 9972 10018 10088 10280 9566 10747 10177 10113 9650 9780 10365 10398 10299 10157 10430 10390 9933 9793 9918 10326 9712 10377 9368 10133 10307 9922 10502 10088 10887 10299 10096 9841 10220 10061 10150 10258 10290 10154 9758 10253 9909 10255 10344 9777 10231 9998 9917 9556 10285 9770 10272 10223 9647 10306 10416 10033 10519 10690 9251 10267 10936 10017 9603 10329 9715 10541 10248 10010 9928 10021 9801 10154 10546 9960 9785 9981 10353 10023 10403 9984 9593 10091 10408 10391 10612 10056 10135 10361 10337 10641 9853 10657 10201 9631 10217 9833 10243 9539 10129 10162 9589 10560 9837 10015 9892 9429 9987 10487 9633 10155 10086 10129
9253 9812 9916 9555 9732 9527 10450 9269 9679 9761 9695 10465 9851 9284 10012 9014 10143 9053 10236 9948 9768 9555 9902 9845 10128 9195 10136 9512 9568 9871 10121 10650 9609 10823 9598 10035 10381 9824 9566 10216 9341 9804 9468 9671 9832 9050 9125 9566 9943 9346 10248 9982 9814 9043 9534 9633 10525 9628 9290 9527 9344 9012 9599 10317 9698 9664 9975 9603 9789 10003 10185 9362 10039 9445 9456 9487 9594 9594 9488 9793 9434 9820 9650 9763 9998 9729 9594 10274 9938 9905 9330 8904 9701 9436 9818 9757 9949 9761 9539 9683 9381 9437 9082 9943 9680 9445 10421 9921 9866 9977 9480 9869 10488 9726 9380 9734 9854 9376 9999 9609 9215 9705 9728 10174 9393 9253 9035 9902 9481 9998 9092 9186 9355 9423 10497 9947 9709 9912 9806 9729 9888 9530 10639 9214 9929 9440 10305 9869 10118 9760 9165 10518 8940 9422 9688 10282 9915 9442 10019 10296 9777 9816 9477 9993 9425 9835 10018 9911 9970 9637 9653 9907 9487 9506 10046 9280 9777 9966 9719 9886 10291 9932 9854 10840 9294 9570 9727 10242 10419 9425 9622 9813 10391 10535 9217 9525 9415 9358 9430 8845 9929 9307 9617 9284 10530 10473 9852 9562 9762 9583 10342 10354 9394 9454 9029 9325 9592 9883 9346 9381 9594 9563 9579 9201 9732 9486 9563 9653 9838 9659 9694 9441 9546 9638 10676 8963 9933 9878 10229 9182 9628 9508 9911 10552 9229 10089 9956 9532 9746 9821 9454 9861 9450 9646 10028 9643 9621 9319 9774 10327 9257 9870 9551 9150 9648 9819 9339 10152 10052 9578 9252 10181 9811 9715 9872 10169 10122 9845 9256 9683 9472 9945 9800 10223 9876 9277 10247 9569 9361 9799 9893 9844 9097 10277 10204 9569 9384 9406 9533 10129 9570 9523 9991 10096 9234 9615 9496 10105 9549 10024 8950 10118 9964 9777 10065 10326 10515 10416 9463 9250 9901 9642 9689 10261 9984 10307 9474 9788 9462 9583 9876 9329 9728 9668 9854 9161 10252 9404 9562 9775 9066 10067 9685 9662 9693 10276 9401 9844 10125 9429 9297 10012 8928 10166 9568 9468 9599 9481 9517 9417 10353 9839 9557 10045 9521 9657 9491 9754 9226 9571 9943 9986 9971 9586 9535 9974 9683 10184 9709 10701 10361 9191 10296 9360 9965 9701 9575 10001 10086 9957 9569 9849 9640 9218 9319 10104 9500 9652 9784 10223
10460 10340 10191 10727 10387 10578 10989 10018 10857 10386 10047 11713 10810 10215 10960 10065 10717 9634 10867 11021 10675 10114 10214 10553 10679 10294 10441 10453 10570 10757 10838 11209 10427 11272 10626 10325 11224 10326 10626 10936 10087 10674 10868 10398 10990 10197 9837 10607 10839 10319 11049 10494 10637 9479 10195 10886 10961 10210 10227 10376 10781 10021 10597 11768 10417 10518 10807 10277 10751 11008 11283 10482 10701 10252 11030 10273 10863 10084 10202 10638 10484 10649 10546 10705 11240 10727 10439 10872 10595 10605 10161 9983 10034 10230 10490 10241 10824 10738 10147 10623 10668 10777 10627 10496 11036 10183 11355 11112 10683 11316 10113 10785 11176 11431 10390 10674 10828 10370 10629 10698 10327 10746 10564 11245 10007 10158 9989 10919 10604 10349 10684 10261 10080 10510 11507 10558 10619 10825 10491 10801 10369 10184 11133 10188 10565 9989 10876 11222 10774 10138 10149 11411 10183 10347 10196 11282 10487 10218 10651 11322 10559 10861 10079 10877 9985 10440 11170 11191 11127 10239 10484 10815 10297 10244 11199 10020 10800 10982 10969 10223 11410 10798 10706 11565 10043 10219 10934 11344 11126 10342 10242 10622 10823 11295 10031 10362 10406 10071 10400 10015 10885 9818 10458 10290 11242 10772 10596 10823 10680 10554 11511 11008 10093 10698 10604 10449 10455 11014 10099 10413 10792 11203 10908 10037 10984 10410 10471 10337 10603 10336 10585 10207 10649 10820 11142 10729 11081 10769 10915 10283 10675 10447 11239 11574 10038 10885 10837 10685 10672 10656 10071 10124 10864 10706 10598 10703 10068 10792 10116 11178 10485 10668 9988 9663 10131 10711 10014 10755 9972 10421 9768 11158 10604 10522 11112 11023 10643 10722 10344 10810 9970 10531 10596 11023 10816 10059 10669 10436 11035 10340 10561 10476 9451 11168 10979 10694 10812 10487 10347 10975 10531 10861 10836 11373 10726 10463 10200 10986 10219 11190 9931 10767 10613 10216 11237 10645 11218 10730 10440 9937 10658 10439 10714 10711 10413 11059 10332 10945 10835 10523 11119 10315 10705 10890 10237 10629 10811 10501 10674 10493 10508 10565 11059 10775 10856 10571 10252 11137 11192 10068 10541 11088 10124 11140 10864 10909 10263 10720 10302 10177 10966 10859 10404 10850 10812 10422 10563 10060 10004 10470 10931 10937 10943 10895 10565 10410 10390 11018 10499 11100 10703 10213 11377 10554 10932 10722 10921 11026 10199 11125 10731 10841 10786 10135 10218 10714 10328 10543 10812 10914
9712 9813 9520 9681 9824 9795 10202 9640 9955 9153 9270 10519 9820 9642 9852 8674 10060 8984 9829 10538 9979 9027 9119 9854 9890 9380 9570 9789 9455 9946 10139 10111 9658 10117 9641 9900 10496 9723 9741 9946 9267 9768 9663 9629 9745 9075 9044 9128 9984 8952 9811 10066 9452 9212 9356 9889 9939 9547 9342 9478 9485 9159 10029 10474 9367 9678 9589 9679 9795 9656 10349 9661 9761 9412 9607 9322 10137 9486 9424 9843 9593 8994 9752 9586 10029 9691 9650 10152 9769 9632 9486 8834 9574 9397 9869 9595 9900 9801 9288 9690 9132 9684 9534 10030 9791 9453 10103 9919 9396 9623 9137 9592 10291 9591 9325 9716 9545 9237 9632 9774 9365 9845 9786 10402 9095 9538 9057 10075 9622 9913 9487 9404 9277 9573 10242 9565 9850 9614 9945 10040 9917 9625 10335 9411 9834 9513 9826 10127 9592 9546 9648 10158 9044 9559 9834 10800 9723 9607 9546 10188 9873 9968 9417 9767 9396 9307 9554 9961 10093 9315 9525 9860 9457 9336 10328 9130 9222 9905 9960 9652 10611 9685 9911 10535 8968 9320 9670 10239 9991 9439 9452 9950 9593 10232 9513 9703 9535 9319 9925 9101 10194 9463 9735 9593 10191 10221 9685 9714 9512 9585 10106 9974 9288 9617 9470 9504 9457 9746 9566 9703 9361 9908 9569 9022 10437 9867 9405 9371 9610 9499 9646 9419 9850 10029 9889 9596 9690 10180 10022 9446 10204 9244 9892 10245 9003 9629 9796 9684 9473 9686 9426 9687 9738 9393 9952 9315 9459 9535 9617 10436 9522 9196 9853 8646 9564 9728 9344 9913 9707 9508 9291 9986 9633 9804 10364 10084 9818 9313 9609 9825 9483 9425 9285 9750 9980 8925 9920 9310 9514 9706 9454 9516 9507 10195 9782 9799 9685 9536 9456 10337 9904 9684 9837 10299 9711 9445 9334 9538 9588 10527 8990 9748 10250 9632 9747 9831 10289 9647 9976 9245 9745 9359 9590 9554 9575 9886 9761 9997 9486 10145 9913 9519 9795 9726 9436 9498 10136 9717 9779 9401 9339 9780 9994 9799 10027 10075 8985 9800 10556 9517 9098 10199 9042 10076 9771 9837 9513 9830 9540 9388 10032 9833 9377 9558 9438 9917 9733 9515 9016 9753 9660 9984 10279 9773 9676 9856 9470 9868 9472 10059 9882 9490 10144 9787 9978 9595 9490 10027 9581 10098 9743 9870 9411 8899 9444 10160 9349 9950 9614 9876
10046 10646 10512 10551 10183 10364 10431 9694 10372 10100 10272 11314 10397 9994 10701 9408 10664 9652 10238 10922 10464 9970 10249 10327 10808 10049 10197 10130 10475 10159 10458 10880 10258 11262 10333 10471 10909 9911 10167 10593 10041 10584 10696 10664 10654 10015 9913 10273 10413 9534 10791 10148 10696 9807 10395 10465 10540 9999 10141 10178 10409 9732 10436 11403 10053 10168 10133 10293 10232 10692 10981 10058 10379 9839 10519 10139 10291 10096 9610 10245 10167 10471 11008 10435 10718 9957 10003 10537 10239 9965 10259 9933 10209 9977 10417 9938 10565 10505 9732 10079 10065 10482 10191 10823 10309 10107 10770 10265 10520 10459 10010 10357 10924 10774 10236 10358 11173 9719 10137 10203 9758 10596 10695 11354 10347 9917 9746 10452 10449 10566 10083 10194 9833 10124 11550 10438 10713 10197 10539 10414 10049 9814 11028 9827 10657 9717 10836 10775 10501 10253 9736 11227 10055 10416 10245 11149 10397 9841 10466 11001 10195 10154 9821 10497 9866 9895 10403 10348 10685 10165 9965 10851 10207 9919 11146 10062 10256 10581 10618 10805 11390 10454 10380 11141 9949 9938 10825 10678 10730 10019 10108 10761 10368 11135 9987 10137 9974 9659 10266 9487 10464 9543 9974 10012 10623 10431 10610 10215 9973 10457 10981 10549 10098 10124 9997 10051 10499 10526 9924 10339 10578 10465 10254 9868 10774 10028 10271 10247 10599 10491 10214 10104 10090 10774 10767 10221 10482 10625 10958 10097 10713 10286 10037 10971 9970 10405 10368 9745 10360 10347 10393 10115 10237 10255 10633 10232 10159 9995 10550 11026 10275 10153 10181 9630 10426 10350 10063 10599 10198 10296 9598 10577 10090 10615 10788 10863 10363 10474 9957 10587 9649 10043 10627 10369 10940 9445 10670 10238 10562 10420 10116 10521 9713 10773 11275 10738 10433 10253 10334 11056 10286 10416 10807 10811 10286 10159 9836 10395 10002 10396 9860 10286 10594 10203 10556 10399 10953 10723 10371 10185 10436 10273 10178 10366 10098 10438 10320 10548 10211 10271 10776 9961 10687 10488 10436 10112 10965 10193 10163 10468 9908 10673 10566 10363 10481 11045 9886 10562 10603 10164 9611 10232 9907 10746 10930 10718 10092 10502 9790 10032 10302 10398 10120 10715 10200 10106 10463 10361 10044 10265 10517 10872 10535 10296 10076 10070 10183 10878 9799 10949 10390 10075 11023 10504 10682 10382 10658 10258 9675 10959 10243 10472 9664 10120 9951 10726 10181 10174 10505 10224
9469 9737 9578 9526 9914 9742 10206 9386 9790 9636 9253 10461 10138 9496 9959 9132 10322 8881 9937 10141 9361 9480 9474 9685 9947 9799 9820 9655 9679 9818 10111 10169 9832 10607 9673 9525 9907 9418 9513 9831 9524 9555 9781 9470 10001 9188 8796 9264 10020 9291 9884 9675 9955 9075 9936 9749 10013 9462 9252 9370 9659 9066 9767 10727 9402 9588 9823 9577 9862 9963 10081 9637 9715 9424 9747 9544 9478 9379 9402 10069 9984 9598 9880 9629 9919 9547 9499 9838 9678 9859 9760 8985 9768 9383 9844 9183 9766 9413 9378 9706 9448 9839 9567 9956 9843 9309 9955 9775 9435 10211 9567 10177 10114 10026 9339 9385 9763 9484 9639 9723 9254 9875 10000 10280 9442 9256 9439 9807 9471 9352 9373 9329 9670 9277 10614 10103 9623 9912 9689 9819 9718 9625 10101 9127 10035 9632 10049 10229 9842 9498 9446 10477 9126 9821 9324 10602 9646 9496 9573 10421 9865 9727 9362 10189 9590 9393 9568 10169 9893 9257 9807 10117 9375 9357 10083 9216 9695 9867 10247 9646 10219 9622 9545 10597 9576 9218 9898 10298 10461 9752 9729 9963 9788 10255 9537 9375 9819 9464 9678 8898 10689 8771 9670 9444 9822 10500 9794 9726 9530 9713 9926 10089 9504 9399 9012 8807 9462 9917 9337 9548 9699 9970 9728 9214 10130 9224 9164 9488 9410 9333 9815 9637 9787 9773 10077 9770 9882 10098 10014 9206 10189 9326 9815 10093 9189 10213 10243 9635 9661 9996 9219 9234 9328 9909 9937 9469 9246 9478 9638 10252 9507 9443 9574 9446 9674 9446 9056 9732 9491 9571 8985 9730 9467 9445 10058 10135 9609 9550 9184 9619 9349 9608 9688 9824 10250 8920 10133 9501 9455 9632 9668 9249 8969 10228 9954 9973 9611 9663 9562 10208 9802 9703 9772 10458 9727 9335 9291 9498 9264 10041 9401 9792 9991 9645 9707 9270 10739 10060 9965 9423 9818 9342 9455 9428 9787 10230 9489 10097 9713 9576 9969 9190 9896 9824 9704 9405 10281 9541 9618 9623 9127 10066 9605 9677 9997 9948 9201 10011 9975 9377 9315 10304 9235 9939 9711 9466 9361 9593 8961 9268 9773 9969 9793 9945 9677 9663 9839 9144 8844 9352 9320 9948 9883 9798 9700 9417 9606 10185 9346 10069 10065 9672 10086 9601 10001 9703 9209 9946 9533 9982 9531 9960 9647 9172 9788 9974 9550 9247 10218 9952
9762 10179 9868 10335 10083 9808 10186 9343 9837 9931 9571 11373 10123 9404 10243 9276 10145 9124 9881 10494 10115 9115 9962 10200 10415 9906 10131 10151 9845 10234 10478 10527 9658 10673 10087 9666 10441 9809 10071 10440 9587 10193 10336 9828 10358 9558 9307 9922 9986 9435 10418 9728 9912 9509 9861 10089 10229 9558 9312 9687 10086 9351 9969 10662 9730 9507 9811 9856 9961 10186 10518 9875 10472 10228 9846 9525 9804 9655 9540 10490 9557 9761 10103 9833 10092 9567 9891 10094 10192 9972 9753 9689 9794 9647 9977 9411 10370 10080 9861 9951 9552 10136 9728 9960 10406 9669 10757 10419 9944 10225 9650 10013 10530 10406 9757 9975 9924 9558 9801 10195 9356 10528 10075 10653 9523 9204 9432 10078 9788 9881 9857 9630 9638 9946 10850 10247 10425 10603 9975 10084 9808 10033 10829 9823 9817 9706 10370 10550 10151 9737 9694 10889 9610 9869 10060 10447 9688 9606 10418 10559 10167 10151 9550 10100 9742 9678 10292 10116 10111 9632 9971 10450 9809 9398 10670 9846 10141 9900 10365 10468 10972 10118 9996 10795 9502 9732 10234 10558 10655 10135 10001 9771 10082 10480 9612 9842 9842 9540 10193 9265 10381 10008 9493 9929 10067 10465 10251 9700 10075 10018 10810 10295 9669 10002 9684 9561 9623 10171 9625 10102 10203 9971 9970 9547 10558 9928 9539 9629 10011 9780 9870 9642 10195 10185 10458 10273 10562 10166 10597 9550 10119 9944 10149 10589 9358 10187 10226 10240 10118 10231 9998 10024 9665 10243 9870 9811 9567 9796 9872 10446 9858 9965 9753 9437 9614 9839 9457 9833 9646 9561 9338 10357 10307 9952 10799 10740 9975 10273 9455 10081 9216 9768 10011 10077 10284 9793 10195 9884 9835 9940 9769 10155 9573 10664 10537 10214 10004 9745 10211 10836 10124 9885 10517 10614 9893 9758 9536 9931 9474 10441 9529 10120 10058 10204 10227 9812 10466 10425 10361 9660 10078 9878 9974 10525 10388 10087 9750 10440 10269 10094 10169 9696 10310 9963 10224 9819 10705 9932 9802 9852 9870 10185 10853 10001 10368 10049 9548 10421 10678 9989 9663 10303 9392 10504 10049 9932 9981 9642 9604 9873 10083 10082 10030 10013 9688 10126 9921 10081 9271 9930 10334 10404 10077 10118 9885 9903 10170 10125 9286 10391 10091 9393 10740 9604 10248 10490 10015 9949 10089 10614 9515 10121 10200 9792 9730 10407 9815 9800 10111 10392
9632 10174 9903 9973 9810 9891 10602 9257 10087 9927 9592 10736 9978 9411 10230 9743 10242 9492 10376 10064 10144 9161 9851 10277 10404 9728 10067 10073 9921 9998 10687 11009 9857 10415 9717 9861 10354 9310 9723 10528 9560 9999 9925 9926 10235 9575 9835 9925 9772 9549 10101 9905 10042 9369 9924 10212 10538 9807 9568 9708 10250 9455 10008 10882 9287 9363 9859 9474 9997 9888 10798 9646 10062 9748 9690 9505 10269 9375 9152 10222 9924 9868 10222 9583 10192 9606 9752 10347 10146 9863 10122 9495 9668 9718 10295 9951 10228 9973 9319 10353 9809 10251 9759 10109 10019 9384 10290 10035 10258 10205 9428 10175 10221 10334 9674 9700 10392 10083 9331 10141 9371 9721 9807 10303 9752 9495 9406 10440 9760 9758 10013 9723 9553 9974 10469 10093 10323 10122 9641 9843 9741 9622 10412 9509 10054 9818 10348 10719 9931 9842 9636 10515 9705 10221 9542 10990 9937 9746 10285 10665 10105 9856 9574 10415 9909 10134 10057 10208 10577 9917 9775 10355 10095 9734 10377 9070 9890 10448 10712 9793 10428 9928 9722 10666 9829 9684 10207 10523 10151 10001 9707 9920 10414 10573 9559 10145 9641 9032 10071 9558 10427 9190 10115 9746 10193 10676 10232 9948 9462 9910 9752 10097 9694 9805 9873 9361 9435 10046 9970 9846 9838 9952 10094 9231 10331 9574 9285 9982 9784 9491 9910 9388 9921 10247 10395 9652 10006 10102 10188 9609 10233 9579 9816 10621 9542 9870 10006 9426 9617 9994 9965 9982 9866 9992 9912 9898 9484 10049 9798 10628 9708 9736 9247 9493 10183 9615 9740 10568 10090 10056 9203 10392 10113 10005 10103 11001 9826 9887 9725 10004 9732 9410 9663 10281 9998 9074 10283 9816 10196 9779 9800 9941 9071 10679 10262 10097 10081 9660 10259 10547 9922 9777 10011 10715 9986 9720 9259 10002 9763 10142 9517 9911 9942 9769 10087 10016 10338 9946 9937 9235 10256 10167 9571 9887 10128 9995 9938 10056 9683 9819 10433 9525 10505 9958 9753 9614 10301 9960 9931 10458 9838 9631 10284 10138 9989 10504 9266 10123 10649 10017 9629 10107 9523 9824 9986 9941 9925 10202 9509 9909 10359 10317 9815 9938 10035 9941 9933 9665 9074 9560 10216 10442 10092 9852 10034 9747 9641 10326 9477 10477 10046 9548 10588 9658 10292 10012 10041 9924 9889 9890 9742 10297 9923 9273 9925 10007 9957 9801 10436 10253
9746 10138 9776 10220 9936 9421 10446 9488 9886 10140 9574 10933 9918 9625 10102 9474 10470 9038 10058 10753 10417 9329 9691 9967 10266 9789 10150 10175 10012 10041 10404 10510 9699 10114 9878 9928 10802 9952 10003 10530 10181 9989 10160 10149 10514 9611 9397 9848 10099 9108 10423 9928 10026 9377 9826 9990 10276 9913 9777 9404 9992 9842 10135 10523 10019 9820 10105 9700 10029 10052 10651 9541 9847 9847 10225 9497 10218 9790 9478 10605 10227 10054 10288 10010 10046 10021 9726 10104 10108 9965 10100 9623 9850 9673 10035 9338 10439 10214 9594 10424 9922 10415 10016 10176 10324 9684 10698 10022 9798 10607 9508 10306 10238 10712 10022 9770 10602 9840 9308 9663 9556 10236 9883 10498 9611 9528 9520 10268 9794 9658 9779 9701 9696 10408 10697 10068 10232 10353 9696 10418 9637 9378 11035 9836 10195 9880 10637 10735 10108 9966 9420 10848 9698 9989 9931 10471 9951 10118 9914 10710 9890 10051 9918 10633 9532 10087 10403 10382 10896 9858 10347 10128 10011 9903 10541 9452 9930 10318 10251 9983 10371 10028 10034 10412 9702 9842 10617 10709 10558 10261 9765 10174 10539 10625 9583 9939 9429 9565 10051 9692 10368 9390 9949 9925 10077 10526 10328 9933 9983 10081 10247 10369 9413 9908 9521 9699 9898 9862 9971 10023 9950 9754 10391 9056 10629 9501 9468 9624 9670 10004 9824 9446 9949 10534 10526 10262 9959 10187 10145 9732 9741 9816 10266 10798 9552 10166 10131 10180 9581 10256 9780 9902 10292 10159 9940 9672 9682 9925 9784 10812 9904 10044 9906 9219 9927 9897 9398 10017 9723 9477 9290 10232 10025 10012 10309 10684 10153 10339 9436 10217 9125 9738 9923 9866 10442 9415 10218 9904 10092 9635 9695 10107 9945 10441 10303 10281 10294 9918 10041 10566 10095 9902 9864 10386 10320 9665 9745 10178 9560 10308 9498 9925 10064 9770 10201 9936 10498 10381 9888 9487 10147 9992 9926 10150 10291 10319 10108 10105 10475 10259 10394 9803 10410 10527 10139 9609 10486 9713 9692 10108 9490 10170 10331 10067 10289 10141 9442 10444 10903 9890 9996 9923 9365 10150 10238 9971 9869 10451 9186 9988 10427 10227 10341 10029 9926 9890 9949 9642 9761 9858 10519 10404 10042 9884 9980 10009 10080 10050 9936 10242 9935 9670 10636 9599 10342 10202 10173 10202 9430 10290 9702 10326 10076 9745 9780 10201 9501 9890 10283 10323
9452 9666 9797 9839 9356 9452 9968 9400 10026 9772 9383 10621 9902 9522 9588 9165 10262 9002 10281 10191 9892 9467 9829 10045 10428 9916 9915 9875 10008 9550 10185 10406 9766 10127 9841 9776 10355 9605 9459 10374 9614 9556 9918 9800 9825 9570 9391 9586 9858 9493 10311 9677 10202 8850 9522 9923 10141 9247 9433 9325 9933 9259 9626 10426 9851 9116 9744 9526 9718 10090 10370 9589 10029 10079 9884 9348 10042 9627 9348 10072 9662 9610 10104 9822 10154 10025 10002 10010 10327 9710 9683 9246 9757 9689 9724 9014 10252 9744 9679 9365 9888 9438 9404 10016 10149 9881 9763 10285 9570 10246 9432 10122 10224 9935 9391 10056 9595 9497 9443 9857 9361 9806 10046 10212 9579 9476 9244 10162 9478 9605 9664 9545 9267 9510 10314 10128 9831 9937 10071 10059 9663 9720 10212 9282 10325 9607 10146 10004 9699 9553 9336 10295 9309 9623 9915 11099 9804 9754 10256 10012 9942 9759 9526 10151 9588 9272 9531 10002 10109 9221 9552 9970 9785 9396 10003 9479 9679 10066 10142 9903 10366 9842 9683 10643 9456 9558 10224 10233 10030 9699 9365 9774 9926 10249 9352 9426 9720 9302 9954 9152 10024 9607 9940 9514 10138 10046 9933 9393 9514 9640 10436 10069 8994 9721 9465 9107 9443 9636 9500 9388 9766 10075 9714 9050 10345 9763 9561 9758 9130 9542 9679 9506 9877 9837 9825 9755 9656 10575 10079 9609 10103 9895 10066 9968 9347 9959 9783 9696 9722 9825 9539 9702 9626 10024 9751 9724 9619 9221 9564 10608 9618 9901 9561 9065 9631 9835 9434 9727 9932 9671 9094 10005 9874 10048 10054 10150 9636 9612 9761 9856 9231 10028 9510 9904 9920 9148 10031 9831 9764 9884 9768 9664 9477 10568 10043 9839 9825 9726 10057 10238 9460 9617 9784 10580 9452 9636 9544 9729 9270 10480 9199 9869 9987 9764 10000 10103 10486 10203 9832 9233 10019 9644 9118 9717 9673 10392 9743 10006 9741 9637 10202 9234 10077 9907 10243 9304 10249 9416 10023 9921 9413 9738 9867 9600 9814 10259 8974 10078 10387 9551 9343 10142 9063 10472 10071 9829 9285 9805 9258 9575 9899 9863 9492 10095 9983 9592 9790 9550 9206 9504 9763 9652 10014 9806 9994 9432 9602 9864 9258 10337 10232 9606 10291 9498 10273 9513 9896 10058 9413 10377 9795 9954 9759 9302 9173 9941 9656 9424 9752 9711
9163 9283 9320 9961 9608 9351 9797 9098 9803 9137 9367 10698 9674 9377 9949 9190 9563 8831 9769 10163 9996 8888 9041 10014 9869 9256 9620 9418 9406 9898 9853 10208 9734 9866 9438 9699 10273 9485 9662 9861 9126 9432 9850 9808 9748 9308 9392 9605 9905 9321 10095 9500 9448 9141 9654 9416 9832 9351 9018 9332 9758 9119 9684 10517 9057 9481 9907 9140 9449 10237 10470 9584 9673 9476 9649 9188 9743 9319 8772 10076 9593 9447 9890 9756 9810 9148 9466 9605 9907 9609 9520 8793 9558 9358 9777 9419 10016 9463 9365 9645 9265 9821 9413 9573 9674 9292 10234 10226 9696 9925 9356 9661 9979 10253 9029 9753 9787 9352 9252 9694 9115 9701 9549 9960 9324 9304 9197 10395 9477 9378 9551 9332 9569 9827 10149 9497 9517 9491 9440 9957 9481 9659 10284 9168 9882 9502 10016 10055 9722 9225 9274 10459 8761 9526 9470 10196 9631 9333 9616 9904 9948 9592 8957 9613 9938 9474 9978 9783 10319 9466 9588 9746 9610 9610 10033 9208 9220 10209 9889 9361 10162 9482 9537 10571 9371 9446 10099 10079 10152 9444 9536 10003 9735 10311 9158 9258 9678 9129 9226 9354 10115 9143 9171 9342 9818 10166 9337 9335 9304 9544 10196 10114 9229 9454 9535 9161 9780 9797 9197 9260 9518 10219 9796 9194 9920 9162 9224 8935 9710 9557 9266 9188 9588 9970 10362 9456 9743 10249 10012 9518 9550 9273 9920 10239 9310 9417 9585 9498 9806 10050 9671 9166 9742 9762 9920 9478 9678 9262 9632 10484 9351 9549 9399 9241 9802 9372 9142 9632 9545 9803 9059 10087 9799 9816 9785 9974 9730 9599 9425 9612 9035 9140 9437 10017 9588 8973 9638 9061 9349 9409 9342 9648 8962 10264 9826 9692 9873 9308 9853 9981 9419 9609 9632 10205 9527 9098 9214 9645 9916 10045 8594 9511 10000 9408 9766 9174 10255 9665 9738 9274 9545 9426 9412 9396 9519 9829 9691 10286 9706 9481 10083 9538 9870 10244 9576 9523 10025 9695 9310 9751 9219 9578 9587 9372 9984 9663 8881 10086 9921 9504 9490 9829 8904 10287 9542 9301 9284 9773 9335 9789 10106 9784 9428 9756 9482 9321 10039 9416 9040 9346 9712 9925 10000 9888 9615 9588 9872 9831 9609 9869 9882 9492 10141 9540 10020 9692 9740 9767 9515 10228 10017 9740 9655 9283 9510 10092 9375 9789 9715 9954
9538 9793 9430 9234 9269 9230 10159 8682 9474 9435 9142 10559 10029 9174 9498 8952 9651 8768 9816 9633 9172 8723 9195 9315 9937 9663 8979 9540 9722 9740 9943 9867 9233 9954 9523 9665 9969 9565 9166 10169 9294 9679 9688 9615 9517 9084 8975 9234 9448 8983 9499 9438 9892 9160 9636 9538 9471 9383 8984 9043 9379 8502 9673 10151 9241 9368 9613 9394 9670 9812 10252 8843 9571 9386 9521 8762 9759 8766 8804 9529 9322 8913 9551 9531 9831 9222 9040 10025 9282 9590 9136 8528 9316 9257 9532 9225 9808 9526 8873 9811 9200 8984 9317 9723 9518 9124 9959 9517 9429 10214 8858 9695 9968 10058 8917 9382 9438 9345 9204 9634 8745 9843 9926 10020 8889 8893 8799 9555 9706 9503 9247 9725 9224 9159 10320 9804 9313 9633 9634 9539 9123 8810 9804 9159 9603 9337 9981 9910 9740 9094 8876 9882 8898 9343 9046 10030 10145 8969 9649 10306 9428 9792 9174 9793 8980 9555 9623 9522 9933 9058 9392 9947 9012 9402 10052 8705 9477 9412 9255 9316 10134 9451 9312 10192 9095 9176 9517 10125 9742 9288 9092 9311 9705 9690 8837 9214 9436 9201 9496 8778 9921 8697 9418 9699 9925 9875 9392 9414 9083 9553 9504 9440 8754 9452 8803 9074 9260 9853 9398 9101 9594 9256 9800 8900 9907 8925 9040 9256 9696 9169 9197 9402 9454 9828 9581 9078 9633 10038 9845 9100 9498 9360 9660 9978 9071 9348 9290 9511 9159 9303 8809 9215 9237 9505 9550 9451 9374 9068 9368 10270 9238 9569 9232 9044 9382 9428 9519 9169 9679 9182 8759 9854 9335 9284 9808 9817 9614 9238 9359 9468 9187 9491 9438 9598 9493 8800 9565 9500 9026 9369 9232 9448 8765 10129 9350 9964 9305 9341 9533 10025 9465 9554 9831 10076 9469 8961 9135 9449 9223 9655 8828 9691 9786 9276 9896 9632 10103 9409 9310 9048 9674 9014 9463 9178 9492 9690 9377 9650 9577 9307 9759 9073 9412 9784 9852 9329 9729 9219 9289 9160 9637 10165 9309 9433 9793 10263 9068 9718 9705 9194 9087 9569 8753 9830 9386 9733 9112 9649 8890 9121 9676 9867 9184 9147 9608 9227 9526 9522 8945 8969 9643 9831 9765 9390 9658 9155 9243 9615 9535 9658 9505 9172 10038 9039 9775 9483 8956 9493 8987 9752 9445 9431 9594 9038 8971 9873 9031 9571 9636 9659
10195 10698 10172 10861 11083 10413 11448 9789 10761 10273 10321 11576 10949 10132 10782 10173 10711 9683 10812 11416 10580 10109 10440 11208 10944 10408 10689 10395 10387 11000 11128 11200 10220 11007 10323 10799 10970 10434 10738 10822 10327 10439 10601 10650 10555 9982 9911 10117 10346 9775 11211 10342 10446 10025 10755 11013 11082 10200 9863 10148 10440 9800 10448 11500 10058 10347 10502 10125 10662 10483 11508 9885 10891 10373 10889 10454 10741 10259 10089 10861 10639 10576 10794 10643 10844 10262 10414 10910 10645 10830 10384 9779 10583 10106 10968 10177 11281 10617 10030 10798 10400 11047 10236 10939 10616 10316 11152 10769 10868 11399 9968 10983 11488 11240 10405 10766 10927 10320 10233 10665 9821 10347 10788 11130 10181 9861 10141 10735 10379 10459 10499 10204 10288 10488 11436 10679 10665 10544 10449 10819 10522 9915 11132 10528 10833 10110 10819 10785 11116 10562 10259 11377 10055 10311 10390 11485 10814 10650 10968 11744 10409 10634 10060 11235 10358 10093 10664 10493 11087 10077 10635 10802 10185 10415 10897 10275 10571 10640 10763 10408 11641 10500 10409 11507 10362 9809 11135 11072 11365 10569 10197 10541 10975 10980 10137 10200 10306 10005 10060 9983 10898 9690 10312 11025 10803 11144 10646 10661 10337 10528 10939 11199 10046 10452 10297 10270 10100 10838 10233 10289 10679 10657 10456 10060 11010 10255 10197 10216 10904 10413 10288 10092 10455 10719 11192 10919 10691 10925 10857 10314 10750 10087 10848 11105 9952 10617 10792 10754 10700 10946 10563 10369 10774 10687 10814 9782 10172 10105 10580 11724 10611 10500 10395 9769 10222 10781 10326 10643 10332 10807 10292 11409 10591 10748 10755 11069 10921 10701 10349 10619 9948 10685 10500 10747 11070 10087 10827 10463 10490 10213 10533 10678 9732 11417 10789 10705 10624 10609 10265 11051 10783 10538 11024 11377 10803 10076 10133 11016 10452 11051 9804 10829 10774 10283 11245 10892 11137 10739 10351 9837 10692 10553 10336 10947 10930 10889 10496 10824 10827 10990 10911 10043 10684 10785 10893 10457 11256 10025 10455 10478 10164 10730 10935 10615 10934 10990 9782 10877 11528 10368 10231 10997 9827 10945 10846 10602 10870 10844 10095 10268 10979 10648 10600 10093 10546 10625 10605 10278 10026 10988 10851 10807 11031 10868 10733 10435 10430 10947 10719 10854 10809 10227 10962 10516 10431 10356 10877 10979 10341 11114 10470 10597 10723 10254 10504 10746 10258 10577 10575 10978
9982 10387 10088 10616 10232 10312 10313 9637 10414 9715 10109 11476 10031 10041 10535 9589 10508 9482 10871 10791 10598 10281 9987 10673 10818 10076 10507 10633 10110 10420 10809 11092 10115 10953 10444 9999 10822 10663 10322 10750 10037 10351 10280 10895 10715 10155 9576 9976 10065 9763 10207 10205 10566 9596 10238 10542 10986 10051 9888 10041 10311 9875 10169 10973 10107 9899 10338 10250 9906 10905 10974 10016 10620 10275 10672 10192 10264 10078 9939 11021 10522 10278 10553 9901 10753 10366 10161 10759 10712 10667 10102 9685 9949 9798 10676 10329 10603 10452 9602 10204 10016 10262 10095 10193 10239 10439 10948 10397 10439 10984 10032 10344 10554 10789 10190 10286 9998 10139 10193 10773 9765 10338 10707 10796 9706 9674 10097 11220 10106 10284 10152 9799 10354 10222 11186 10442 10547 10429 10569 10389 10362 10135 11254 10217 9910 10081 10781 10971 10521 10120 9910 10729 9806 10201 9923 11012 10657 10004 10806 10909 10609 10693 10185 10356 9939 10094 10350 10576 11015 9844 10798 10587 10081 9797 10903 9889 10475 10766 10583 10308 10943 10513 10339 11007 10190 10219 10625 11009 11151 10216 9705 10529 10531 10991 9545 10122 10238 10145 10252 9871 10713 9616 10204 10144 10667 10891 10614 10278 9540 10719 11035 10646 9659 10396 9623 9783 10348 10898 9650 10305 10001 10276 10315 9576 10711 9998 9914 9928 10259 10078 10386 9955 10539 10859 10741 10261 10463 10968 10823 10029 10409 9876 10488 11088 9893 10588 10509 10134 10057 10788 10085 10233 10258 10852 10518 10353 10326 9754 10153 10726 10406 10449 9826 9419 10278 10257 9802 10404 10500 9726 9317 10756 10454 10564 10904 10646 10463 10415 10238 10476 10201 10287 10649 10319 10608 9745 10709 10220 10021 10063 10346 10190 9535 11005 10780 10528 10869 10298 10416 11030 10613 10451 10648 10883 10194 9794 9841 10310 10330 11010 9855 10343 10383 9799 10359 10286 11017 10552 10196 9815 10343 9995 10240 10433 10217 10540 10209 10579 10495 10479 10383 10034 10375 10422 10463 10052 10749 10145 10119 10380 9899 10503 10725 10496 10900 10726 9910 10911 11044 9793 9944 10672 9945 10446 10624 10087 10240 10458 9806 10062 10296 10556 10451 10217 10316 10410 10383 10168 9560 10125 10780 10548 10547 10114 10042 9882 9946 10332 10003 10824 10793 9947 10801 9893 10526 10341 10522 10520 9884 10756 10512 10532 10306 10258 9762 10832 9775 10142 10768 10875
9482 9847 10052 9935 10141 9520 10378 9226 9960 9533 9455 10896 9957 9402 9745 9071 10058 9176 10172 10078 9837 9571 9958 10184 10094 9927 9755 9880 9520 9745 10454 10386 9866 10469 10159 10083 10000 9875 10170 10015 9438 9628 10152 9725 9818 9424 9128 10051 10078 9707 10113 9853 10068 9154 9792 9835 9985 9796 9159 9560 9830 8907 9818 10587 9735 9416 9991 9839 9978 10206 10373 9529 10050 9623 9856 9303 9640 9419 9620 10091 9702 9746 10129 9567 10779 9619 9972 10170 10215 9968 9612 9144 9409 9553 9723 9584 9857 9955 9361 9836 9259 9892 9630 10118 9849 9656 10604 10272 9829 10353 9524 10013 10287 10172 9582 9950 10242 9613 9817 10051 9406 9960 9738 10662 9673 9482 9110 10413 9979 9976 9553 9587 9673 10020 10989 10001 10030 9806 10059 10055 9820 9458 10134 9765 9881 10002 10048 10444 9935 9394 9606 10639 9362 10000 9437 10813 9748 10033 10149 10716 10098 9968 9612 10146 9309 9574 9989 10007 10527 9405 10127 10028 9629 9502 10226 9744 9756 10133 10410 9935 10663 9822 9751 10510 9761 9422 10264 10603 10484 9744 9637 9989 10171 10350 9380 9659 10025 9303 9715 9232 10431 9477 9771 9606 10460 10319 9978 9984 9869 10105 10068 10300 9399 9381 9181 9525 9504 10339 9804 10110 10401 10132 9991 9178 9912 9404 9756 9602 10003 9828 9929 9543 10074 9778 10133 9720 10454 10165 10222 9576 10225 9865 9947 10791 9362 9841 10248 9763 9416 10039 9703 9857 10063 9768 10067 9798 10004 9444 9569 10178 10153 9718 9284 9205 9873 9672 9269 10007 9744 9487 8860 10208 10038 10013 10239 10289 10255 9580 9267 9623 9867 9542 9942 9764 10502 9295 9986 9420 9788 9766 9828 9856 9232 10270 10164 10186 9720 9814 9949 10392 10113 9973 10247 10356 9839 9710 9637 9967 9602 10113 9281 9777 10116 9450 10324 9669 10576 10396 9750 9370 9880 9344 9873 9980 9857 10321 9737 9992 9724 9777 9798 9545 9778 9597 9670 9358 10307 9758 9507 9679 9664 9886 9757 9701 10382 10200 9565 9936 10331 9951 9419 10375 9486 10272 9944 9750 9488 9789 9359 9782 10100 9913 9916 9849 10006 9985 10074 9727 9337 9390 10088 10522 9811 10291 10009 9447 10234 10486 9642 10167 10019 9487 10467 9798 10093 10012 10071 10178 9405 9654 9796 9999 10192 9631 9438 9680 9368 9726 10079 10260
9996 10474 10060 10669 10668 10385 10760 9917 10318 10164 9971 11632 10414 9943 10559 9520 10440 9295 10595 10951 10560 9934 9944 10386 10759 10383 10340 10501 10256 10719 11157 10940 9836 10638 10525 10319 11258 10346 10449 10856 10278 10318 10681 10431 10762 9986 10166 10328 10770 10230 10895 10667 10806 9561 10526 10572 10796 10213 10034 9901 10989 9882 10821 10860 10186 9825 10220 9971 10149 10767 10851 9875 10667 10354 10044 9914 10454 9873 9694 10213 10319 10164 10394 10273 10771 9976 10423 10553 10152 10242 9940 9890 10340 9918 10743 10129 10873 10732 9808 10148 9924 10018 9986 10895 10361 10151 11363 10906 10512 10551 10097 10520 10828 10940 10074 10392 10255 9817 10509 10604 9919 10412 10729 10870 9771 9891 10036 10725 10593 10663 10112 10265 10145 10641 11328 10567 10657 10684 10319 10684 10211 9999 11048 10088 10496 10207 10651 11050 10379 10151 10246 11421 9913 10891 10497 11089 10585 10385 10402 11000 10602 10265 10045 10795 10377 10124 10143 10502 10591 9725 10595 10653 10381 10075 10732 10084 10125 10334 10692 10673 11291 10235 10347 11229 10318 9869 10574 11002 10708 10628 10136 10429 10852 11002 9520 10103 10041 9954 10442 9665 10698 9742 10005 10004 10706 11088 10584 10763 10262 10724 11146 10625 9788 10181 10043 10365 9987 10451 10243 10568 10331 10194 10358 10001 10550 9937 10028 10137 9989 10380 10375 9970 10206 10703 10730 10454 10686 10896 10774 9865 10525 10081 10217 10986 9973 10499 10391 10598 10435 10296 10222 10336 10209 10360 10669 10094 10379 10107 10196 11403 10029 9934 10491 9844 10450 10536 9740 10490 10176 10326 9855 10473 10462 10590 11037 10791 10459 9958 10074 10862 9617 10039 10529 10397 10945 9606 10582 10157 10251 10139 10097 10556 9683 10912 10770 10792 10246 10271 10377 11023 10392 10590 10654 10866 10492 10166 10405 10014 9934 10615 9970 10347 10370 10587 10816 10397 10987 10582 10126 10037 10456 10078 10849 10394 10570 10748 10584 10673 10633 10452 10541 10490 10637 10576 10465 9907 10842 10168 10109 10314 10248 10466 10638 10038 10543 11094 10042 10657 11086 10216 9858 10552 9826 10827 10583 10154 9898 10657 9924 10041 10725 10633 10042 10402 10405 10225 10621 10486 10048 10018 10853 10818 10714 10401 10588 10354 10584 10858 10031 10783 10687 10077 11071 10390 10600 10308 10137 10520 10295 10835 9862 10482 10263 10172 9909 10812 10089 10407 10906 10690
9278 9710 9506 9207 9246 9026 9084 8902 9139 8708 8873 10515 9192 8858 9406 8390 9804 8258 9355 9590 9446 9089 9460 9510 9404 9536 9387 9288 9015 9123 9687 9912 9057 9696 9777 9398 9788 9339 9314 9708 8832 9222 9582 9445 9835 8816 8604 9208 9377 9209 9457 8900 9649 8639 9091 9098 9489 8855 8624 9094 9583 8527 9285 10039 9287 9085 9358 8692 9282 9453 10026 8616 9874 9194 9349 8874 9509 9190 8926 9387 9051 8817 9549 9417 9377 9484 8765 9860 9314 9129 9270 8502 9295 8801 9083 9225 9410 9425 8903 9035 9206 9223 9013 9830 9127 9236 9884 9064 9133 9312 8842 9423 9775 9994 9362 9272 9467 9249 8874 9127 8996 8883 9480 9682 8934 8908 8862 9571 9188 9515 9240 9142 9014 9172 9741 9287 9396 9490 9545 9213 9258 8972 10093 9099 9471 9309 9601 9677 9292 8973 8816 10143 8956 9018 9362 9574 9532 8895 9578 9898 9163 9096 9033 9656 9244 9100 9155 9053 9957 9091 8996 9876 8844 9184 9790 8797 9369 9465 9478 9432 10138 9334 9593 10156 8928 9126 9838 9576 9768 9612 8919 9597 9294 9747 9287 8848 9110 8775 9639 8769 9352 8834 9346 9375 9979 9883 9201 9055 9296 8971 9612 10069 8940 9560 8880 8601 8968 9489 9121 9312 9423 9623 9376 9029 9894 9059 9180 8855 9247 9128 9041 8730 9214 9725 9598 9452 9588 9708 9820 8970 9520 9243 9428 9772 8990 9442 9800 9482 9160 9384 9276 9327 9362 9374 9322 8975 8945 9272 9216 9591 8931 9195 8790 8699 9382 9658 8973 9414 9303 9535 8510 9916 9292 9247 9696 9673 9323 9172 9391 9498 8885 9333 9102 9554 9506 8583 9296 8962 9473 9526 9085 9062 8798 9665 9443 9467 8914 9221 9524 10036 9295 9098 9481 9939 9369 9445 8876 9311 9007 9815 8632 9229 9632 9314 9436 9464 9801 9689 9164 8953 9518 8725 8953 9266 9596 10175 9651 9379 9483 9369 9522 8936 9393 9413 9031 9650 9897 9306 9158 9327 9255 9129 9258 9685 9340 9494 9093 9834 10164 9457 9168 9741 8884 9898 9222 9361 9242 9433 8695 9057 9389 9276 9503 9244 9774 9356 9565 9149 8751 9479 9314 10002 9753 9495 9394 9161 9260 9377 9133 9645 9654 9012 10049 9130 9106 9430 9198 9580 8997 9918 9106 9528 8852 8929 9202 9368 8777 9005 9410 9665
9546 9878 9624 9777 9828 9724 10148 9324 9601 9633 9709 10858 9552 9739 10169 9500 10209 9036 10003 10433 10154 9119 9542 10130 10060 9961 9617 9796 9757 9599 10112 10066 9825 10040 9660 9847 10266 10059 10108 10185 9501 9739 9840 9625 9954 9189 8873 9580 9866 9279 10305 9577 9943 9306 9745 9798 9794 9385 9272 9392 9685 9054 9789 10433 9633 9630 9533 9472 9732 10155 10105 9666 9743 9632 9689 9374 10089 9614 9283 10210 9752 9618 9753 9485 9964 9975 9565 9833 9933 9846 9529 9396 9063 9638 9931 9609 10014 9633 9170 9671 9697 9655 9651 10087 10213 9306 10076 10001 9783 9938 9339 9816 10052 9880 9829 9666 9995 9715 9485 9843 9566 9698 9724 10562 9794 9420 8950 10194 9192 10133 9340 9339 9399 9832 10475 9675 9750 9743 9829 9981 9704 9490 10415 9851 9689 9564 10302 10053 9774 9781 9368 10215 9628 9518 9825 10577 9647 9604 9687 10429 9707 9942 9421 10134 9399 9397 9740 10067 10107 9375 9955 9928 9867 9357 10376 9283 9876 9762 10037 9761 10323 9707 9812 10222 9347 9373 10081 10278 10157 9592 9515 9855 9553 10346 9259 9180 9660 9280 9680 9283 10153 9056 9516 9493 9885 10303 10172 9867 9583 9893 10478 9878 9498 9634 9574 9105 9570 10205 9466 9946 9524 9569 9887 8875 10197 9318 9300 9395 9654 9511 9882 9511 9532 9662 10112 9816 9723 9979 9971 9124 10305 9435 9299 10112 9418 9832 9825 9612 9662 9782 9810 9697 9700 9863 9921 9703 9201 9432 9448 10318 9505 9680 9425 9214 9842 9717 9449 9871 9856 9479 8914 10070 9938 9650 9975 10167 9736 9437 9444 9645 9235 9626 9871 9902 10260 9269 9917 9419 9709 9492 9734 9494 9312 9843 9996 9519 9739 9837 9753 10257 9579 9790 9612 10415 9795 9668 9534 10098 9709 10219 9063 9403 10004 9604 9925 9868 10419 10060 9486 9210 10134 9648 9661 9726 9904 9961 9862 10039 9753 9877 9745 9430 9791 9349 9526 9307 10023 9745 9633 9983 9236 9849 9986 9707 9907 10065 9284 9935 10123 9336 9255 9942 9534 10041 9958 9442 9255 9699 9365 9803 9859 9885 9893 9521 9676 9644 9781 9677 9113 10077 9965 10290 10140 9651 9931 9244 9864 10111 9463 10547 9570 9408 10123 9337 10035 9683 10127 9731 9220 10161 9512 10016 9441 9067 9774 10039 9053 9359 9919 9881
10233 10526 10006 10626 10094 10577 10601 10127 10506 10220 10074 11450 10354 10260 10458 9794 10594 9471 10725 10950 10548 9576 10081 10593 10483 10054 10352 10241 10298 10210 10537 10868 10529 11028 10446 10216 10773 10336 10655 10330 10292 10358 10571 10453 10721 10043 9827 10428 10168 9846 10793 10282 10653 10145 10340 10364 10843 10147 9881 10051 10481 9827 10208 11014 10034 10248 10457 10041 10552 10727 11075 10107 10163 10145 10782 10145 10370 10329 9730 10426 10234 10109 10534 10560 11099 10479 10074 10746 10648 10118 9993 9814 10418 10021 10284 10007 10581 10357 9651 10586 10091 10769 10402 10966 10513 10121 10784 10819 10437 10618 10039 10592 10574 10789 9816 10504 10410 9995 10198 10562 10290 10287 10312 10802 10105 9819 9768 10499 10326 10510 10205 10031 10107 10675 11288 10359 10627 10505 10216 10478 10312 10086 11235 10178 10177 10356 10166 10802 10544 10021 9992 11530 9890 10471 10306 11292 10594 10175 10496 10529 10543 10197 9912 10773 9984 10082 10337 10875 10824 9891 10191 10855 10093 10003 10633 9936 10390 10466 10688 10556 11350 10244 9980 10914 9922 9751 10482 10945 11117 10012 10135 10652 10431 11100 9916 10425 10271 9912 10479 9654 10651 9437 10149 10027 10461 10686 10281 10365 9957 10292 11024 10357 10130 10519 9830 9891 10101 10656 9912 10171 10655 10591 10471 9815 10831 10071 9917 10199 10422 10409 10343 9860 10730 10584 10604 10490 11178 11103 11177 10193 10958 10148 10650 11410 9911 9967 10560 10205 10092 10505 10173 10298 10193 10843 10521 10102 10144 10252 10178 11038 10187 10218 10016 9494 10509 10477 10112 10433 10187 10253 9231 10697 10633 10731 10891 10798 10189 10432 10205 10575 9829 10206 9833 10339 10850 9625 10230 10399 10152 10373 10222 10474 9656 11076 10632 10169 10615 10447 10335 10773 10517 10014 10821 10860 10579 9975 9975 10402 10370 10613 9854 10256 10310 9692 10736 10295 10791 10565 10134 9653 10736 10133 10500 10050 10279 10924 10167 10824 9996 10496 10257 10134 10549 10620 10308 10249 10749 10253 10357 10599 10095 10606 10259 10358 10492 10874 9541 10643 10959 10127 9961 10625 9734 11295 10823 10435 10450 10864 10113 10288 10875 10489 10274 10552 10642 10473 10172 10151 9944 10362 10464 10982 10794 10431 10279 10186 10198 10871 10149 10625 10395 9955 11208 10185 10949 10139 10506 10297 9989 10539 10441 10475 10301 10089 10428 10708 9938 10595 10383 10502
9781 10045 9873 9983 9882 10314 10450 9478 10207 10080 9852 11278 10059 9921 10540 9330 10149 9307 10381 10755 10315 9465 10263 10278 10432 9992 10122 10208 9935 10028 10763 10548 9552 10531 10057 9889 10381 9912 10006 10270 9807 10008 10253 9999 10462 9611 9466 9811 10173 9555 10145 9802 10247 9610 10190 10316 10246 9643 9497 10216 9836 9666 9779 10583 10161 9807 10208 9762 10430 10111 10624 9762 10600 9515 9847 9530 9962 9510 9753 10353 9985 9691 10407 10460 10587 9675 9781 10122 9978 9962 10200 9510 9993 9885 10085 9843 10451 9962 9778 10300 9850 9997 9951 10099 10407 9772 10544 9964 10346 10256 9418 10295 10467 10953 9706 9987 10137 9516 9611 10408 9379 10418 10004 10948 9736 9612 9854 10127 10258 9922 9929 9786 9620 10153 10903 10388 9985 10239 9981 10254 10127 9909 10928 9592 10251 9940 10588 10710 10307 9547 9349 10716 9453 9948 10108 11376 10065 9674 10192 10636 9786 9906 9620 10315 9754 10110 10122 10393 10526 9949 10244 10331 9936 9875 10374 9841 10354 10346 10243 10617 10741 10004 10231 10479 9669 9665 10134 10843 10799 9705 9463 10247 10476 10574 9668 9845 9501 9926 10439 9806 10633 9589 9866 10078 10361 10592 10154 10299 9733 10165 10566 10459 9619 10127 9930 9652 9812 10148 9806 10330 9871 10267 9926 9360 10427 9576 9825 9544 9977 9908 10191 9798 10185 10248 10187 10029 10456 10070 10732 9480 10260 9909 10166 10723 9418 10174 10378 10028 10337 10002 9733 10188 10042 10056 10137 9816 9863 9622 10057 10788 10028 9739 9642 9110 9877 10303 9505 9916 9565 9859 9514 10749 10201 9553 10771 10179 9952 10027 9593 10335 9714 9891 10078 10213 10643 9168 9958 9946 9413 10189 10363 9938 9762 10708 10449 10328 10120 9935 10103 10112 10052 9850 10342 10789 9912 9320 9919 10003 9729 10353 9276 10333 10145 9879 10111 9861 10613 10356 9951 9436 10052 9617 9644 9912 9887 10504 10156 10546 10155 9999 10263 9729 10151 10222 9919 9454 10542 9944 9952 10198 9675 10439 10112 10134 10257 9926 9597 10406 10544 10031 10105 10497 9597 10228 10452 9982 9414 10295 9528 9734 10128 10560 10053 10005 9940 10244 10003 9623 9416 9733 10054 10252 10252 10448 10205 10106 10015 9909 10056 10446 10181 9693 10486 9575 10040 10114 9887 10043 9608 10238 9944 10009 9805 9740 9315 10484 9734 10170 10273 10533
9735 10275 9541 10410 9925 10120 10441 9820 10146 9283 9358 10914 10097 9577 9616 9264 10375 8808 10397 10322 10223 9667 9884 10302 10055 9707 9869 9984 9808 9700 10529 10390 10261 10212 9777 10073 10521 9986 10115 10253 9788 9752 9961 9540 10075 9784 9361 9652 10039 9481 10446 9742 10328 9455 10119 9933 10125 9579 9633 9668 10278 9342 9866 10623 9905 9546 10014 9682 9639 10458 10477 9513 10093 9930 10211 9556 9956 9473 9368 10208 9670 9654 10263 9987 10252 9573 9844 10272 10046 10108 9971 9225 9866 9420 10079 9422 10601 9928 9324 9914 9793 9807 9594 10499 10073 9470 10539 10146 10329 10385 10022 10269 10291 10127 9698 9848 9778 9631 10318 10024 9400 10245 9458 10597 9545 9387 9795 10208 9827 10031 9656 9550 9576 10031 10706 10234 10003 10299 9757 9806 10184 9748 10887 9747 9850 9737 10009 10416 10070 9265 9394 10910 9697 9737 9537 10575 9840 9965 10185 10502 10261 9896 9813 10199 9486 9909 10033 10434 9936 9631 10028 10629 9650 9471 10305 9446 10123 10172 10245 10105 10723 9911 9950 10753 9101 9505 10474 10466 10475 9743 9756 10091 10315 10603 9731 9743 10046 9479 9813 9348 10430 9401 10028 9805 10843 10077 10003 10105 10011 9630 10486 10462 9462 10057 9520 9490 9505 10121 9498 9719 10085 10208 10137 9377 10582 9786 9758 9515 9872 9617 9859 9593 10153 10461 10222 9956 9883 10019 10100 9774 10385 9713 10131 10814 9670 10485 10152 9744 9845 9857 9702 9853 9966 9748 10374 10052 9621 9696 9828 10712 9666 9932 9736 9601 9820 10069 9377 9980 9751 9562 9132 9938 10064 9894 10172 10459 9762 10053 9455 10203 9562 9905 9859 10020 10044 9336 10089 9683 9777 10064 9833 10007 9376 10575 10220 9904 9794 9684 10527 10277 9949 10058 10179 10050 10139 9661 9588 9762 9586 10417 9506 10056 9980 9791 10240 10100 10420 10001 9839 9440 10181 9792 10056 10335 9791 10023 9817 10389 9880 9751 10325 9992 10137 10036 9827 9817 10220 9797 10194 9753 10014 10198 10454 9564 9814 10501 8932 10505 10739 9641 9270 10304 9539 10401 10081 10275 9750 10149 10019 9776 10084 10219 9863 10283 9628 10054 10372 9665 9117 9651 10129 10535 10416 9964 9669 10076 9886 10307 9766 10404 10245 9659 10597 9786 10066 9583 9850 10021 9853 10535 10099 10396 10113 9579 9927 10415 9358 10399 10207 10473
9898 10315 10130 9704 9776 10098 10098 9836 10125 9813 9700 11099 10658 9702 10150 9399 10517 9241 10402 10862 10092 9577 10027 10201 10756 10021 9870 10222 9877 10155 10482 10351 9715 10722 10281 10199 10579 9821 9931 10699 9690 9891 9870 9773 10570 9677 9480 10340 10069 9634 10354 9985 10488 9451 9996 9754 10451 9844 9864 9921 10530 9535 9943 10785 10268 10279 10285 9972 10456 10404 10568 9875 10297 10200 10174 9914 10422 10002 9381 10092 9856 9931 10690 10107 10729 9847 9828 10279 10669 10036 9861 9422 10068 9766 10089 10090 10175 10295 9781 10513 9591 9972 10156 10184 10336 10247 10971 10298 10237 10215 9466 10501 10376 10788 9604 9899 10503 9682 9964 10339 9777 9980 10194 10333 9938 9433 9410 10163 9670 9885 10079 9605 9740 9992 10929 10253 10230 10644 9977 9979 10151 9795 10842 9866 9940 9980 10461 10867 10217 9773 9596 11204 9763 9890 10564 10857 10270 9814 10169 10391 10162 10148 9556 10459 10109 9447 10269 10069 10435 9890 9807 10767 9530 9899 10618 9848 10037 10195 10169 10068 10516 10434 10142 11049 9695 9966 10153 10406 10946 9671 9989 10326 9814 10921 9960 9691 10090 9305 10222 9455 10158 9376 10059 10177 10254 11079 9734 9925 10203 9893 10777 10893 9783 10484 9675 9774 9929 10177 9670 10066 10170 10064 10434 9526 10642 9613 9812 9820 9939 10024 10179 9874 9910 10547 10652 10338 10238 10690 10790 9807 10515 9745 10432 10517 9484 9820 10067 10198 10547 10564 10048 9937 10215 9881 9899 10003 9659 9895 10055 10980 9664 10056 9535 9348 9860 10561 9611 9908 10092 10097 9300 10823 10166 10472 10416 10619 9826 10001 10197 10202 9425 9897 10009 10353 10614 9214 10345 10030 9776 10159 9886 10171 9551 10660 10608 10168 10018 9985 10165 10882 10279 9882 10329 10965 10008 9660 9773 10222 9963 10605 9608 10143 10622 10090 10487 10248 10819 10299 10045 10051 10383 9722 9863 10260 10200 10427 9820 10239 9886 9888 10453 9844 10567 9999 10050 10105 10651 9679 10401 10198 9626 10337 10389 10031 10287 10435 9586 10519 10899 9880 9487 10487 9300 10942 10530 10269 9604 10705 9991 9934 10372 10458 9846 10170 10247 10425 10446 9864 9487 10101 10121 10548 10420 10422 10324 10149 9949 10417 9724 10676 10534 9806 11090 9546 10070 9940 9804 10105 9699 10519 10152 10907 10011 9673 10007 10105 9992 10167 10332 10429
9503 9967 9584 9866 9484 10083 10512 8975 10391 9780 9585 10907 10075 10045 10119 8684 10512 8999 10242 10498 10177 9228 9841 9818 10359 9894 9673 10053 9979 10241 10247 10286 10145 10488 10130 9918 10278 9876 9711 10152 9603 9890 9834 9783 9926 9560 9535 9526 9922 9796 10337 9883 10188 9216 9396 10104 10532 9582 9563 9753 10127 9687 10059 10510 9923 9601 10121 9912 10354 10158 10251 9851 10416 9901 10040 9822 9830 9528 9790 9900 9656 9439 10412 9645 10456 9496 9710 9569 10010 10069 9821 9409 9748 9615 9792 9497 10285 9898 9328 10129 9788 9847 9736 9912 10646 9776 10510 9932 9607 10255 9557 10454 10379 10213 9688 9226 10001 9765 9700 9814 9580 9765 10353 10420 9679 9685 9372 10391 9979 9660 10079 9330 9620 10211 10412 9864 9929 10229 9815 10104 9960 9870 10603 9598 9864 9368 10121 10255 9874 9645 9457 10454 9143 9940 9406 10600 10419 9994 10264 10491 10119 10062 9546 10310 9785 9870 10451 10139 10561 9477 9979 10617 9502 9654 10301 9899 9886 10325 10271 10083 10727 10272 10046 10582 9908 9411 10230 10694 9834 9582 9582 9899 10022 10293 9153 9458 10278 9471 9807 9308 10407 9423 9571 9654 10319 10284 10371 9741 9953 10348 10694 10016 9643 9463 9580 9565 9802 9994 9726 9658 9553 10163 10262 9321 10135 9637 9499 9644 9603 9580 10017 9676 9945 9820 10357 9992 10281 10409 10579 9677 10238 9763 9890 10335 9434 9877 10015 9857 10023 10283 9553 9635 9693 10139 10068 9518 9710 9471 9913 10782 9666 9623 9654 8977 9928 10178 9506 9870 9618 9819 8950 10040 9920 9853 10413 10330 9953 9635 9640 9666 9239 9773 10192 10409 10433 9223 10124 9722 9798 9454 9685 9973 9640 10494 10269 10065 9770 10050 10285 10163 9987 9802 10126 10710 9637 9536 9729 9799 9938 10569 9888 9822 10123 9850 10259 9739 10705 9807 9807 9413 10147 9963 9824 9936 9871 10299 9778 10474 9718 9768 10223 9357 10207 10004 9669 9516 10248 9793 9812 10075 9598 10210 10072 9766 9920 10458 9403 10295 10699 9748 9721 9978 9188 10530 10149 10052 9508 9892 9406 9452 10229 10221 10028 10464 9691 10032 10313 9355 9260 9633 9786 10136 10184 9740 9919 10222 9647 9767 9286 10267 9934 9865 10358 9764 10429 9943 10182 10094 9827 10449 10199 10460 9451 9546 9991 10036 9815 9778 10237 10017
9855 10312 9822 10369 9887 9528 10415 9305 10460 9915 9659 11352 10265 9619 10137 8977 10197 9217 10343 10534 10051 9633 9681 9892 10567 10002 10044 10208 10089 10209 10554 10507 9631 10494 10145 10084 10478 9708 10230 10342 9692 10210 10323 10032 10541 9399 9618 10225 9778 9587 10430 9506 10285 9366 10201 10281 10244 9448 9471 9882 9980 9437 10190 10854 9670 9726 10422 9667 9852 10213 10367 9832 10469 9592 10051 9832 10186 9720 9544 10324 9998 9921 10515 9757 10280 9971 9564 10069 10191 9776 9906 9244 9836 9657 10239 9663 10340 10041 9828 10200 9733 10303 9322 9962 10130 9890 10398 10205 10223 10315 9929 10472 10500 10835 9758 10282 10391 9843 9859 10315 9490 10001 10354 10763 9777 9505 9120 10669 10034 10152 10088 9825 9671 10202 10976 10273 9983 10186 10127 9944 9578 9769 10624 9767 10230 9665 10525 10603 10186 9727 9729 10687 9683 9982 10111 10764 10026 9674 10519 10767 9944 10146 9742 10080 9574 10130 10436 10390 10584 9780 10033 10619 10018 9803 10676 9438 9942 10379 10504 10214 10835 10071 10021 10721 9605 9740 10265 10373 10826 9903 9991 10328 10322 10380 9815 9745 9750 9218 10189 9551 10413 9621 10005 9739 10272 10262 10426 10281 10187 9823 10446 10149 9748 9903 9703 9282 9995 10133 9682 10076 10245 10195 10309 9429 10330 9671 9719 9610 9963 9820 10036 9842 10203 10705 10547 10132 10404 10579 10639 9588 10313 10004 9971 10543 9456 10111 10177 10205 9686 10108 9884 9884 10107 10444 9924 9979 10009 9833 10200 10570 9955 9974 9812 9342 9796 10216 9475 10328 10029 9894 9512 10660 10434 10305 10482 10497 10142 10183 9697 10192 9776 10079 10224 10179 10408 9162 10173 9815 10005 9945 10201 10145 9561 10646 10544 10305 10022 10241 10281 10961 10028 9825 10357 10910 9856 9952 9626 10034 9839 10243 9517 10032 10220 9880 10379 9941 10244 9974 9876 9606 9987 9828 9991 10041 9882 10425 10282 9905 10454 9798 10476 9532 10022 9879 10091 10257 10624 9942 9628 9801 9580 10152 10317 9949 10085 10387 9330 10497 10704 9939 9956 10316 9537 10318 10298 10163 9807 10146 9482 10086 10227 10144 10046 10194 10119 10104 10422 9980 9825 10156 9895 10475 10404 9690 10469 10161 10055 10429 9576 10435 10414 10014 10646 9506 10353 10254 10235 9928 9391 10427 10255 10389 9694 9640 9571 10458 9765 10009 10402 10519
9660 9997 9783 9869 9888 9441 10298 9090 9984 9858 9452 11084 9933 9700 10144 9079 10099 9481 9799 10735 10273 9128 9777 10040 10325 9731 9658 10202 10164 10019 10173 10393 10122 10199 9751 10051 10783 9977 10138 9909 9569 9744 10191 10128 10152 9768 9619 9957 10116 9745 10352 9706 10256 9206 10130 9707 10442 9263 9270 9464 10233 9262 10158 10692 9859 9693 10158 9725 9475 10301 10333 9819 9955 9797 10301 9507 9799 9329 9426 10136 9336 9566 9914 10033 10087 9394 9884 10144 9992 9843 10048 9193 9714 9534 9849 9251 10535 9889 9935 9930 9714 10574 9742 10049 10322 9307 10493 10503 10000 10393 9363 10188 10555 10249 9478 9753 10515 9800 9963 9738 9318 9810 10154 10696 9416 9491 9200 10536 9796 10012 9460 9248 9548 9851 10285 10318 9679 10312 9797 9972 9847 9312 10711 9849 10310 9847 10401 10198 9928 9484 9630 10630 9396 9731 9967 10820 9984 9627 9854 10443 9864 9929 9740 10119 9748 9485 10108 10539 10443 9603 9784 10114 9598 9794 10313 9459 9782 9939 9922 10006 10436 9662 9884 10452 9542 9305 10088 10444 10465 9712 9838 9939 10031 10381 9646 9700 9766 9229 9708 9482 9744 9619 9623 9736 10462 10457 10194 9953 10230 9794 10424 10032 9544 9263 9848 9810 9710 9983 9782 10045 9735 10010 9955 9167 10502 9859 9663 9743 9765 10117 9596 9824 9952 10256 10239 10032 10178 10380 10339 9391 10059 10023 9737 10571 9283 10034 9820 9847 9912 9779 9907 9924 10156 10222 9955 9967 9763 9554 10099 10727 9635 9680 9900 9211 9755 9992 9467 10258 9481 9435 8863 10029 9895 10090 10484 10417 10003 10170 9449 10333 9576 9806 9877 9895 9960 9702 10091 9880 9435 10152 9495 10477 9343 10508 10637 9859 9775 9974 9991 10485 9812 9744 10307 10969 9881 9613 9684 10380 9970 10239 9470 9644 9731 9811 10118 10116 10451 10276 10266 9937 10018 9965 10056 9917 10305 10246 9879 9924 9797 9983 10681 9400 10210 10355 9910 9529 10348 9792 9639 9928 9592 10000 10149 10143 10300 10413 9313 10164 10455 10000 9692 10620 9546 10559 10133 10161 9811 10065 9630 9901 9919 9927 9815 9644 9761 9887 9887 9778 9317 9864 10224 10242 10457 9919 10210 10063 10049 10208 9652 10256 10073 9351 10556 9697 10398 10067 9669 9617 9829 10070 10102 9973 9849 9441 9620 10201 9722 9639 10400 9985
10079 10290 9874 10217 10145 10364 10488 9697 10131 10138 9960 11679 10152 10047 10147 9507 10121 9331 10505 10478 10400 9709 10188 10282 10761 10236 10235 10229 9848 10210 10618 10939 10336 10634 10553 10316 10823 10147 10087 10828 9969 9962 10456 10227 10703 9492 9564 10044 10570 9754 10929 10027 10592 9699 10465 10365 10415 10128 9845 9806 10418 9247 10233 11102 9991 10183 10216 9668 10372 10217 10878 9889 10736 10336 10563 9471 10331 9893 9639 10436 10196 9997 10483 10492 10620 10192 10275 10202 10546 10118 10364 9378 9757 9872 10302 9677 10631 10084 10087 10229 9921 10179 10085 10542 10064 9857 10824 10634 9871 10847 10121 10268 10799 10470 10439 9984 10579 9891 9936 10025 9716 10525 10101 10551 9627 9759 10063 10455 10320 10273 9924 10220 9871 10238 11117 10437 10403 10180 10532 10821 10452 9783 10871 9845 10117 10345 10495 10702 10284 9939 9773 10916 9894 10543 9790 11043 10061 9997 10395 10790 10187 10249 9681 10812 10080 9785 10521 10101 10712 9802 10103 10413 9956 9781 10845 9949 10152 10604 10549 10040 10864 10303 10453 10909 9660 10013 10679 10906 10569 10401 9846 10111 10294 10811 9617 9961 10064 9755 10314 9635 10610 9325 10065 9803 10325 10759 10034 10286 10104 10007 10675 10607 9821 10394 9973 9940 9834 10500 10066 10350 10162 10550 10644 9237 10388 9711 9845 9686 10471 9999 10289 9957 10165 10454 11081 10471 10695 10522 10776 9891 10471 9996 10366 11153 9577 10273 10154 10446 10315 10323 10150 10349 10596 10404 10692 9990 9723 9862 10232 11150 9937 10127 9984 9274 9940 10265 9771 10163 10270 10492 9400 10337 10457 10359 10347 10741 10409 10092 10073 10199 9797 10243 10039 10697 10719 9602 10308 10182 10255 10468 10039 10383 9825 10914 10659 10534 10215 9650 10249 10741 10303 10426 10308 10745 10482 10022 9823 10371 9666 10442 10006 10122 10028 10064 10762 10213 10881 10652 9932 9666 10293 10379 10066 9891 10334 10327 10185 10618 10671 10031 10389 9837 10535 10448 10421 9695 10791 10165 9970 10481 10171 10212 10328 10346 10521 10809 9689 10645 10874 10522 9977 10110 9617 10617 10545 9980 9786 10210 10004 10369 10863 10358 10231 10519 10482 10018 10293 9979 9555 10144 10247 10513 10207 10425 10322 10321 10334 10240 9796 10802 10172 9736 10466 10301 10516 10053 10445 10151 9911 10633 9814 10307 10477 9746 10110 10620 9849 9981 10394 10586
9625 9540 9823 9855 9595 9240 10034 8930 9613 9453 9322 10531 9557 8889 10039 9128 9915 8931 9782 10049 9744 9095 9412 9636 9725 9616 9575 9579 9778 9707 10102 10474 9702 10166 9953 9684 10047 9821 9574 10155 9318 9741 9607 9393 9564 9273 9079 9613 10028 9407 9857 9358 10148 9086 9545 9824 9986 9660 9464 9446 9463 8892 9945 10205 9505 9775 9375 9576 9203 9283 10332 9339 9326 9748 9414 9008 9889 9287 8781 9767 9372 9568 9808 9199 9960 9452 9401 9716 9904 9700 9380 8962 9760 9027 9327 9421 10224 9777 9537 9978 9464 9811 9472 9538 10000 9279 10387 9478 9271 10004 9417 9683 10131 10073 9067 9275 9870 9787 9317 9738 9079 9671 9716 10081 9162 9310 9460 10178 9683 9780 9313 9428 9690 9497 10527 9741 9964 9931 9531 9771 9331 9089 10237 9377 9632 9658 10125 10215 9221 9153 9477 10362 9281 9539 9671 10153 9543 9734 10199 10243 9785 9532 9176 10182 9248 9226 9715 10299 10234 9293 9423 10053 9470 9265 10365 9161 9792 10320 9907 9575 10373 10042 9733 10340 8930 9696 9908 9908 10243 10027 9495 9942 9849 10225 9148 9611 9208 9065 9950 9190 9945 9227 9260 9806 10127 10185 9805 9588 9521 9591 9936 9717 9126 9630 8941 9338 9185 9634 9532 9799 10008 9421 9516 9199 10290 9527 9296 9356 9423 9957 9926 9486 9744 9927 10360 9913 10296 9712 10111 8789 10008 9390 9808 10198 9104 9579 9830 9632 9515 9662 9575 9374 9655 9716 9768 9638 8811 9550 9762 9799 9433 9534 9237 9138 9363 10039 9135 9902 9604 9202 8938 9495 9535 9821 9979 9993 9736 9491 9850 10218 9003 9236 9499 10009 10099 8831 9735 9510 9823 9635 9312 9800 9176 9841 9901 9742 9264 9493 9910 9975 9763 9679 9892 9753 9566 9261 9039 9994 9223 9927 8638 9429 9444 9633 10287 9702 10715 9828 9597 9121 9904 9524 9380 9917 9343 10008 9343 9667 9824 9536 9794 9870 9605 9611 9658 8882 9991 9528 9276 9473 9575 9793 10161 9601 9908 10250 9291 9550 9892 9437 9569 9980 8991 10132 9624 9533 9258 9875 9330 9477 10072 9718 9589 9591 9600 9630 9714 9632 9404 9538 9968 10036 9730 9569 9866 9621 9581 9960 9349 10251 9400 9579 10250 9593 10022 9351 9243 9974 9294 10052 9301 9781 9655 8941 9360 9633 8926 9791 9985 10155
10071 10263 10061 10475 9950 10421 10491 9561 10505 9969 9852 11343 9966 10073 10509 9176 10299 9504 10172 10276 10432 9280 10078 10364 10366 9865 10124 10133 10230 10746 10227 10499 9787 10821 10047 10480 11000 10097 10241 10754 10020 10178 10209 10236 10806 10058 9660 10070 10487 9851 10911 10211 10363 9539 9884 10183 10535 9839 9753 9563 10158 9443 10162 11111 9845 9672 10280 9736 10019 10692 11043 9734 10262 10045 10110 9888 10050 9893 9696 10594 10265 10052 10299 10161 10477 9990 10028 10290 10312 9971 9893 9461 10079 9738 10298 10017 10416 10228 9781 10302 9808 10075 9851 10726 10336 9424 10814 10261 10367 10955 9774 10280 10311 10802 9933 10086 10006 10187 9716 9964 9787 10542 10582 10688 9832 9772 9370 10438 9825 10188 9966 9818 9608 10167 10523 10537 10692 10271 9796 10216 10243 9714 10906 9740 10210 9949 10430 10809 10169 9950 9969 10979 9434 9964 9897 10931 10244 10005 9952 10772 10283 10380 9926 10596 9500 10185 10198 10072 10637 9674 10182 10435 10007 9754 10511 9513 9990 10305 10279 10065 10560 10044 10110 10991 9920 9706 10162 10649 10723 10270 9730 10118 10289 10795 9789 9758 10165 9723 10193 9187 10258 9752 9696 9868 10496 10876 10131 10114 10308 10493 10947 10722 9799 10144 9812 9752 9724 10285 9892 10242 9747 10321 10393 9579 10639 9348 9825 9857 10266 9763 10234 9949 9923 10686 10786 9833 10410 10587 10396 9548 10274 9916 10213 10440 9632 10389 10202 10407 10144 10352 9994 10008 10305 10027 10585 9928 9718 9751 10066 10666 9752 9982 9670 9766 9863 10026 9404 9974 9881 10334 9453 10329 9993 10241 10390 10642 10151 10409 10027 10411 9746 10249 9872 10658 10482 9728 10543 9996 10123 9873 10251 10368 9909 10733 10788 9786 10103 9617 10423 10845 10201 10397 10403 10787 10196 10107 9823 10285 9757 10567 9691 10060 10431 10030 10285 10044 11124 10693 10406 9607 10157 10067 10321 10220 10123 10038 10194 10475 10005 10153 10362 9999 10545 10095 10000 9975 10915 10124 9868 10137 9905 10500 10080 10219 10582 10445 9997 10423 10922 9806 9740 10593 9686 10655 10411 10043 9856 10142 10208 9923 10447 10512 10326 10085 10144 10318 10329 9707 9420 9963 10425 10613 10405 9981 9894 10392 10102 10564 10008 10509 10062 9799 10513 10208 10485 9996 10352 10326 9981 10630 9746 10220 10282 9523 9851 10830 9857 9957 10474 10797
9327 9646 9491 9482 9688 9398 9803 9034 9164 9383 9334 10776 9695 9016 9587 8855 10008 8596 9811 10109 9714 9039 9386 9866 10316 9517 9691 9304 9542 9360 9697 10000 9437 10077 9521 9682 9837 9471 9518 9993 9240 9533 9482 9469 9561 8961 9018 9021 9484 9362 9957 9206 9684 8987 9382 9374 9668 9231 9152 9549 9581 9205 9457 10554 9365 9276 9276 9233 9566 9825 10317 9183 9616 9268 9984 9056 9583 9425 9026 9670 9469 9753 9435 9755 9761 9240 9465 9697 9514 9495 9012 9058 9642 9315 9620 9605 9607 10091 9112 9470 9168 9258 9251 10026 9583 9468 10216 9732 9401 9803 8740 9666 9942 10390 9477 9443 9517 8839 9970 9819 9314 9535 9646 10188 9346 9048 9000 10078 9259 9252 9405 9086 9529 9635 10568 9364 9819 9718 9743 9783 9420 9430 10028 9231 9636 9203 9751 10189 9781 9187 9316 10480 9170 9682 9511 10087 9691 9326 9678 10321 9791 9647 9277 9702 9496 9356 9430 9858 10168 8762 9656 9911 9574 9250 10063 9126 9714 9633 9802 9977 10304 9279 9526 10668 9174 9904 10065 10498 9998 9460 8877 9620 9631 10048 9377 9538 9142 9199 9567 8611 9648 8947 9300 9225 10157 9785 9676 9286 9066 9350 10304 10106 9582 9560 9685 9178 9748 10095 9054 9199 9773 9779 9461 9196 9763 9372 9427 9568 9817 9490 9364 9327 9651 10180 9898 9342 9889 9901 10195 9480 9719 9665 9535 9655 9391 9459 9730 9318 9826 9382 9571 9130 9589 9268 9919 9373 9383 9432 9408 10234 9468 9756 9719 9319 8956 9700 8980 9879 9312 9475 8794 9802 9360 9896 9962 10258 9323 9350 9324 9914 9056 9295 9656 9917 9876 8877 10211 9585 9582 9260 9389 9419 8745 9885 9853 9212 9321 9212 9995 9971 9506 9805 9501 10001 9165 9425 9067 9647 9476 10090 8760 9623 9783 9465 10307 10040 9897 9744 9542 9127 9878 9469 9545 9530 9655 9901 9601 9783 9879 9380 9981 9477 9630 9833 9031 9250 9959 9577 9403 9409 9115 9286 9626 9433 9580 10056 9135 9994 9975 9576 9272 10091 9402 10047 9985 9887 9628 9493 9389 9310 9714 9575 9440 9876 9698 9170 9776 9111 9017 9711 9760 9557 9904 9276 9535 9662 9445 10063 9381 9794 10094 9339 10087 9424 9917 9605 9722 9618 9369 10186 9350 9710 9225 9201 9231 9948 9258 9569 9990 9967
9940 9914 9605 9837 9810 9417 10343 8885 9620 9596 9728 10813 9752 9584 9722 9286 10079 8797 10203 10658 9637 9105 9552 9948 10015 9604 9943 9550 9523 9547 9801 9961 9644 10607 9981 9562 10130 9568 9843 10506 9694 9815 10296 9344 10149 9445 9005 9758 9995 9313 10075 9651 9836 9237 9563 9854 10198 9688 9748 9663 9924 9635 9462 10440 9422 9433 9729 9863 9709 9588 10297 9551 9795 9907 9887 9629 9962 9633 9589 10318 9564 9933 9881 9748 10115 9791 9358 9964 10155 9695 9607 9074 9834 9161 9853 9538 10078 10192 9450 10066 9544 10095 9556 9872 9697 9953 10342 9905 9776 10191 9482 9818 10199 9712 9576 9717 9978 9265 9340 9933 9652 10232 9552 10021 9045 9277 9609 10495 9753 9769 9271 9564 9738 10021 10417 9931 10179 9878 9755 10087 9909 9738 10745 9333 9697 9539 10314 10200 9740 9462 9301 10670 9429 9827 9766 10393 9995 9711 9740 9907 9799 10009 9328 10226 9244 9730 9913 10106 9900 9723 9338 9862 9560 9806 10222 9184 9722 9832 9670 9752 10603 10141 9817 10754 9298 9549 10099 10327 10649 9989 9637 10180 9403 10499 9125 9650 9708 9234 9793 9304 10082 8979 9911 9524 10137 10528 9792 9429 9446 9587 10168 10347 9595 9717 9519 9544 9614 10130 9300 9693 10066 9914 9836 9488 10229 9543 9579 9297 9603 9888 10238 9472 9546 9764 10134 9402 10031 10415 10230 9393 9905 9419 10089 10693 8862 9647 10158 9642 9945 9993 9448 9611 9971 9911 10106 9601 9195 9583 9559 10173 9428 9564 9415 9296 9332 10193 9064 9843 9881 9783 9349 9946 9854 9875 10240 10163 10150 9764 9647 9906 9200 9734 9640 9856 10120 9193 10316 9775 9453 9815 9304 9502 9335 10077 10039 9890 9808 9424 9793 10025 9952 9472 9397 10239 9880 9051 9540 10005 9515 10176 9419 9598 10225 9776 9925 9998 10699 9581 9725 9235 10311 9593 9632 10060 9662 10226 9544 10458 9933 9565 10248 9898 9969 9799 10167 9501 10522 9571 9814 10175 9859 9998 9976 9535 9950 9667 9342 10083 10614 9774 9504 10188 9091 9901 10157 9923 9415 9845 9424 9854 9956 9997 9636 9829 9854 9488 9980 9603 9180 9759 10031 10445 10009 9910 10044 10059 9673 10069 9333 10067 9948 9626 10342 9309 10003 9503 9395 9747 9455 10077 9544 9968 9488 9254 9880 9898 8918 9545 9997 9650
9256 9736 9087 9714 9123 9316 9841 8622 9791 9282 9065 10223 9657 9234 9448 8501 10133 8493 9873 9780 9572 9261 9423 9328 9658 9289 9575 9417 9459 9467 10040 9878 9479 10245 9397 9395 9627 8976 9272 9716 9440 9087 9101 9366 9402 9282 8878 9322 9243 8647 9574 9294 9597 8830 9111 9162 9450 9383 9071 8728 9263 8731 9842 10004 8933 9101 9464 9411 9451 9479 10162 9081 9464 9413 9401 9201 9636 9401 8731 9779 9226 8885 9437 9771 9751 9323 9142 9663 9591 9529 9123 8670 9637 9300 9801 9160 9455 9327 8861 8930 9507 9300 9223 9158 9470 9111 9604 9567 9501 9642 9110 9554 10328 9662 9708 9400 9500 9497 9030 9328 8726 9089 9329 9922 9043 9092 8868 9507 9072 9376 9193 8565 9082 9114 10066 9253 9597 9524 9515 9598 9271 8938 10125 8677 9568 9416 9783 9544 9394 9018 8826 10065 8965 9362 9112 10147 9435 8880 9618 10049 9370 9465 8982 9731 9010 9044 9121 9827 10010 8914 9265 9890 9005 8831 9636 8617 9374 9347 9660 9706 9931 9461 9538 10083 9070 9461 9688 9937 9892 9005 9352 9661 9745 10023 8836 9166 9460 8998 9209 8626 9629 8770 9027 9220 9874 9993 9330 9392 9362 9366 9671 9365 9273 9140 8885 9128 9077 9762 9065 9352 9381 9440 9170 8469 9880 9102 9099 9233 9103 9676 9577 9199 9428 9691 9846 9193 10092 9486 9713 9284 9505 9236 9546 9645 8754 9700 9590 9153 9565 9539 9324 9422 9421 9419 9750 9300 9259 9128 9015 10457 9505 9499 9372 8696 9522 9354 8571 9715 9157 9078 8447 9779 9294 9932 9464 9771 9374 9417 9079 9475 9016 9581 9480 9589 9932 8797 9706 9244 9364 9474 9345 9016 9023 9728 9811 9602 9055 9196 9496 10135 9418 9577 9517 9869 9274 8871 9180 9103 9429 9466 8912 9364 9330 8888 9464 9710 10077 9936 9617 9134 9663 8864 9361 9384 9219 9618 9419 9923 9219 9495 9789 8925 9346 9559 9657 9234 9877 9323 9174 9770 9128 9509 9711 9414 9573 9754 8443 9793 9917 9360 8792 9656 8937 9829 9797 9383 8974 9440 9136 9127 9595 9366 9678 9558 9196 9484 9160 9199 8714 9437 9298 9478 9715 9870 9241 9567 9404 9893 8987 9741 9693 8993 10134 9103 9759 9200 9188 9540 9172 9629 9264 9711 9084 9372 9058 9669 9019 9520 9875 9500
9491 9802 9665 9996 9803 9781 10135 9143 10073 9497 9650 11319 9747 9510 9530 9160 10198 8928 10176 10450 9715 9276 10030 10320 10182 9784 9841 10118 9515 9796 10206 10317 9846 10458 9958 9814 10452 9692 9973 10424 9494 9794 10247 9904 10101 9454 9144 9687 9960 9505 9922 9156 10116 9328 9544 9991 10016 9577 9084 9427 9934 9214 10262 10327 9662 9529 9941 9924 9823 9893 10254 9425 10112 10035 9830 9213 9804 9249 9386 10230 9651 9526 10266 10027 9785 9624 9352 9795 10034 9873 9383 9189 9635 9609 10192 9418 10083 9875 9099 9692 9990 10272 9368 9610 9879 9504 10188 10427 9894 10137 9341 10121 10291 10257 9486 9694 9942 10114 9327 9773 8820 9630 10102 10054 9576 9490 9599 9914 9623 9573 9253 9152 9590 9645 10339 9580 9677 9948 9661 9938 9566 9645 10549 9549 9881 9182 9937 10267 9973 9477 9552 10744 9494 9788 9845 10780 9988 9492 10219 10457 9953 9940 9373 10014 9547 9388 9956 10336 10408 9169 9498 10164 9615 9443 10483 9469 9484 9971 9953 9978 10724 9984 9865 10678 9194 9559 10207 10322 10355 9730 9505 10001 9775 10270 9286 9479 9128 8880 9573 9127 10086 9058 9977 9459 10124 10287 9972 10108 9651 10077 10159 10188 9356 9802 9233 9355 9401 10081 9644 9951 10001 9966 9627 9114 10391 9462 9715 9810 9622 9681 10019 9711 9451 10052 10239 9966 10234 10176 10265 9988 9893 9614 9835 10722 9309 10043 9968 10011 10081 9968 10159 9867 9771 10103 10169 9676 9399 9857 9655 10617 9604 9989 9392 9477 9707 9957 9351 10035 9529 9911 8884 10028 9942 10033 10025 10292 9746 9669 9628 10023 9144 9661 10111 10126 10503 9487 10177 9679 9960 9743 9650 9711 9147 10614 10155 9827 9419 10173 9805 10517 9536 9988 9868 10306 9801 9579 9168 10075 9382 10153 9590 9438 9882 9400 10182 9799 10714 9739 10133 9762 9900 9693 9931 10251 9846 10000 9706 10041 10157 9494 10204 9870 9886 9694 9873 9684 10522 9832 9532 9646 9924 9837 10476 9672 9550 10002 9113 10180 10312 9739 9459 10306 9153 10499 9777 10219 9589 10091 9272 9375 10333 10084 9721 9387 9947 9553 9969 9377 9616 9588 10011 10171 9887 10456 9705 9681 9866 10362 9560 10323 9984 9869 10413 9454 10064 9581 9835 9617 9345 10287 9532 9942 9569 9766 9616 10234 9554 10102 10065 9914
9999 10311 10312 10177 10279 10032 10182 9472 10102 10325 10010 11307 10561 9777 10444 9285 10434 9365 10549 10716 10143 9465 9979 10190 10403 10320 10289 10136 10418 10028 10195 10772 10491 11065 10387 10259 10434 10000 10083 10733 9462 10594 10374 10215 10703 9552 9437 10310 10264 9691 10516 10000 10618 9441 9843 10694 10607 9888 9847 9765 10157 9297 10404 10936 10045 9873 10261 10005 10375 10731 10845 9899 10477 10103 10007 9874 9950 9618 9754 10333 10426 10116 10860 10168 10502 10029 9687 10184 10472 10386 10101 9673 10264 10019 10303 9972 10812 10214 9678 9957 9956 10357 9928 10142 10487 9772 10732 10653 10014 10503 9839 10575 10975 10554 9777 10743 10267 10036 9914 10343 9660 10364 10143 10852 9881 9995 9451 10718 9984 10031 9936 10005 9691 10001 10525 10341 10098 10003 10296 10196 10036 9989 11006 9938 10558 9988 10530 10636 10044 9940 10100 11195 9726 10303 10110 11099 10358 9972 10297 10890 10302 10536 9694 10665 10056 10293 10272 10438 11058 9721 10530 10695 10111 9742 10513 9646 10096 10260 10354 10021 11131 10454 10021 10885 10142 10035 10491 10836 10585 10185 9839 10212 10260 11009 9690 10032 9884 9495 10218 9570 10603 9921 10040 10025 10501 11086 10396 10316 10150 10157 10712 10614 9728 10130 9654 9787 9868 10637 10240 9741 10174 10383 10325 9606 10495 9960 9714 10342 10540 9957 10029 9836 10268 10543 10528 9865 10602 10459 10822 9865 10599 10071 10093 10936 9746 10061 10507 10283 9820 10227 9856 10020 10091 10227 10244 10322 10237 9919 10151 10929 10502 10046 9683 9433 10165 10480 9380 10145 10044 9864 9586 10417 10421 10284 10408 10688 10676 9927 10088 10355 10013 9929 9972 10641 10585 9546 10415 9985 10200 9805 9925 10103 9771 10887 10603 10115 10274 10220 10105 10476 10412 10384 10316 10985 10246 10199 9749 10248 10229 10703 9898 10206 10267 10060 10338 10465 10651 10405 10032 9723 10592 10395 10502 10308 10229 10229 9903 10469 10515 10444 10367 9915 10690 10338 10047 9926 10699 10212 10323 10156 9917 10067 10791 10198 10335 10886 9432 10411 10646 9921 10085 10482 9847 10681 10181 9886 10135 10320 9881 9855 10233 10510 9831 10222 10046 10099 10634 10036 9921 9764 10366 10359 10480 10018 10557 10150 9915 10289 9918 10501 10392 10188 10865 9646 10498 10247 10341 10240 9642 10805 9823 10640 9986 9440 10125 10764 10325 10041 10496 10307
9226 9690 9584 9587 9483 9008 9705 8886 9374 9093 9066 10109 9501 9193 9461 9070 10060 8493 9726 9762 9454 9060 9040 9624 10014 9139 9512 9283 9427 9225 9725 10302 9379 10486 9245 9375 9613 9101 9495 9735 9099 9081 9706 9198 9785 9194 8858 9095 9494 9127 9794 9323 9641 8643 9480 9607 9780 9066 9172 9040 9456 8773 9895 10559 9346 9135 9749 9359 9358 10008 9861 8887 9711 9251 9593 9101 9479 9209 9054 9467 9511 9203 9906 9698 9811 9323 9399 9945 9350 9349 9192 8841 9351 9078 9676 9074 9874 9359 9210 9581 9350 9221 9136 9222 9627 9091 9858 9503 9570 9855 9195 9378 9997 9844 9562 9194 9600 9346 9231 9211 8850 9430 9700 10345 9220 9436 8729 9737 9202 9388 8919 9054 9041 9074 10179 9533 9950 9518 9219 9592 9071 9064 10262 9303 9382 9395 10028 10093 9667 9167 9204 10432 9001 9401 9310 10334 9655 9261 9520 10054 9435 9489 9000 9965 9167 9138 9671 9553 10140 9106 9363 10015 9193 9238 9863 9008 9879 9771 9402 9505 9786 9349 9121 10146 9351 9031 9768 9809 10067 9561 9316 9574 9273 9818 8892 9517 9228 8812 9500 8686 9700 8719 9424 9294 9734 9875 9421 9582 9544 9396 10276 9754 9204 9603 9109 8796 9286 9592 9249 9084 9620 9630 9372 8991 9808 9185 9079 9103 8980 9241 9522 8987 9699 9644 10058 9759 9776 9825 9748 9284 9728 9403 9476 9815 8799 9551 9751 9873 9412 9362 9035 9444 9471 9431 9550 9122 9012 9136 9139 10088 9132 9405 9275 9124 9311 9613 8806 9730 9298 9394 8650 9833 9381 9410 9928 10075 9802 9431 9149 9729 9334 9506 9326 9839 9769 8987 9574 9540 9331 9716 9407 9380 8604 9661 9625 9824 9317 8691 9251 10020 9577 9423 9436 9731 9120 9321 9005 9214 9303 9993 9270 9262 9298 9184 9756 9527 10010 9890 9356 9133 9297 9501 9250 9661 9676 9687 9234 9709 9243 9732 9910 9160 9508 9637 9580 9039 9862 9404 9587 9501 9073 9564 9739 9636 9655 10009 8883 9709 10106 9235 8880 9712 9032 9756 9574 9320 9229 9484 8989 9180 9538 9345 9228 9637 9545 9448 9700 9329 8508 9427 9468 9952 9729 9320 9846 9214 9612 9884 9057 9974 9541 9131 9980 9401 10026 9517 9544 9830 9082 9861 9027 9955 9248 8971 9372 9450 8738 9123 9688 9295
9893 9909 9840 10228 10113 10167 10650 9747 10363 9979 9465 11510 10195 9485 10371 9719 10436 9281 10697 10567 10066 9630 9772 10128 10507 10235 9991 9814 10046 10185 10727 10635 10343 10886 10284 9900 10270 10077 10046 10820 9830 10417 9930 9783 10546 9736 9521 10072 10369 9439 10280 10126 10416 9604 9834 9992 10498 9863 9615 9829 10084 9676 9814 10713 10061 9971 10473 10248 10152 10600 10847 10047 10133 9736 10105 9693 10111 9774 9783 10405 9878 9757 10751 10238 10603 9989 10088 10264 10536 9898 10165 9697 10311 10347 10363 10216 10426 10276 9410 9936 9956 9916 9782 10151 10288 10127 10830 10039 9708 10435 9577 10364 10705 10858 9853 10062 10325 9959 10253 10014 9723 10250 10307 10577 9968 9737 9548 10312 10072 10249 10304 9696 9994 9945 11072 10031 10291 10085 10163 10179 9854 9917 10669 9218 10796 9822 10369 10573 10509 10086 10144 11211 9667 10357 9556 10975 10295 10065 10593 10707 10379 10353 9935 10608 9893 9835 10578 10721 11090 9912 10060 10695 9977 10228 10756 9497 10389 10863 10576 10257 10930 10295 10277 11293 9882 9770 10427 10801 10329 9880 9615 10342 10360 10631 9602 9999 10022 9766 9974 9572 10603 9630 10066 9998 10158 10559 10417 10199 9955 10318 10401 10410 9508 10255 9815 9970 9972 10337 9662 9924 10400 10342 10101 9738 10401 9640 9868 9650 10236 9790 10164 10114 9890 10191 10690 10246 10258 10197 10395 9882 10257 10327 10633 10704 9664 10290 10178 10104 10036 10000 9968 9750 9883 9952 10332 9665 10106 9774 10368 11023 9808 10137 9720 9588 10144 10491 9836 9950 9872 9918 9452 10532 10266 10275 10669 10658 9927 10139 9823 10298 9475 9972 9928 10513 10643 9279 10214 10136 10336 10205 10266 10432 9540 10770 10328 10132 10065 10121 10407 10389 10170 10205 10277 11115 9959 10223 9373 10495 9732 10767 9951 10047 10275 9682 10427 10020 10738 10436 10066 9504 10510 9725 9840 10590 10025 10625 9935 10842 10230 10581 10606 9932 10516 10591 10179 9930 10540 10390 9981 10131 9692 10235 10133 10223 10168 10876 9631 10246 10495 10061 10215 10502 9570 10347 10200 10284 10134 9982 9811 9793 10188 10411 10005 10307 10415 10025 10180 9869 9773 9631 10275 10120 10750 9812 9950 10029 9985 10249 10104 10833 10414 9798 10695 10035 10382 10218 10049 10233 10018 10352 9948 10468 9807 9927 9982 10225 9803 9835 10275 10507
9885 10024 9762 9983 9611 9863 10491 9159 9983 9594 9570 10752 9912 9764 9994 9490 10159 8955 10105 10393 9989 9271 9892 10033 10262 9483 9813 9985 9551 9811 10377 10408 9859 10352 9859 10259 10481 9960 9752 10484 9484 9554 10536 9506 10511 9507 8934 9934 9913 9527 10155 9659 10027 8908 9985 9716 10202 9630 9185 9376 9695 9385 9589 10412 10049 9685 9663 9283 10138 10083 10423 9636 9992 9350 10011 9516 9783 9425 9660 10091 9814 9744 10179 9759 10344 9423 9511 9953 9986 9700 9690 9017 9641 9221 9974 9113 10315 10391 9574 10095 9637 10524 9838 9945 9815 9288 10319 10286 9893 9958 9401 9856 10056 10313 9813 9707 10323 9279 9876 9408 9403 9779 9730 10471 9848 9242 9238 10378 9712 10108 9834 9410 9468 9792 10639 10268 9786 10086 10263 9928 9728 9557 10398 9448 9778 9549 10270 10733 10180 9040 9515 10790 9428 9277 9734 10618 9866 9909 10122 10689 9861 9362 9469 10632 9706 10001 9919 10266 10380 9674 9859 10170 9467 9739 10553 9376 10015 10361 9860 9535 10663 10305 10101 10179 9367 9443 10248 10279 10058 9999 9752 10063 9461 10537 9881 9847 9400 9385 9777 9490 10183 9654 9446 9494 10278 10406 9867 9432 9790 10164 10389 9961 9415 9834 9167 9551 9198 9813 9853 9545 9477 9716 9802 9100 10320 9134 9365 9727 9797 9853 9750 9132 10216 9944 10218 9640 9864 10521 9795 9889 10118 9462 10236 10390 9166 9822 10184 10155 9494 9935 9983 9776 10042 9520 10106 9451 9384 9621 10095 10366 9659 9198 9291 9173 9659 9610 8864 10016 9483 9810 9181 10454 10231 9468 10287 10041 9839 9509 9688 10049 9427 9550 9762 10127 10179 9158 9873 9504 9500 10253 9819 9722 9306 10112 10090 9764 10015 9454 10013 9958 9938 9872 9681 10306 9727 9650 9813 10047 9967 10198 9176 10213 10290 10208 10249 10280 10685 10026 9524 9583 10335 9587 9947 10009 9785 10042 9697 10213 10245 9636 10252 9562 9979 9616 10051 9132 10627 9765 9421 9896 9294 9807 10004 9967 9958 10353 9088 10321 10192 9572 9899 9904 8836 10084 9857 9855 9552 9968 9568 9559 10367 9792 9968 9907 9805 9911 9644 9619 9502 9762 9998 10130 10244 9898 9872 9938 9845 10025 9548 9991 9828 9665 10568 9713 9656 9987 9569 9861 9602 10512 9717 10355 9449 9472 9240 9668 9350 9994 10187 10175
9766 10077 9710 9921 9817 10088 10123 9351 9791 9450 9977 11011 9978 9879 9817 9443 10109 8920 9805 10156 10272 9355 9888 9848 10706 10202 9887 9923 10018 9950 9788 10530 9984 10613 9994 9689 10534 10116 9883 10436 9905 10214 10035 9918 10315 9437 9341 9743 10021 9516 10082 9803 10336 9536 9707 9717 10155 9724 9911 9553 10244 9615 10178 10798 10056 10183 10354 9793 10152 10404 10651 9953 10334 9901 9935 9521 10283 9822 9369 10361 10386 9395 9847 10004 10198 9903 9844 9965 10068 10150 9771 9291 9916 9816 10233 9346 10299 9894 9775 10140 9971 9948 9610 9917 10217 9834 10571 9930 9763 10458 9763 10047 10354 10615 9717 9862 9885 9701 10025 9984 9411 10162 10514 10665 9583 9546 9492 10653 10379 10388 9972 9594 9503 9996 10759 9972 10124 10010 9941 9848 9965 9662 10442 9443 9614 9792 10389 10736 10124 9786 9928 10459 9322 10072 9941 10543 10336 9642 10267 10676 10039 9978 9746 10111 9650 9725 10246 10372 10431 9668 10163 10460 10134 9806 10525 9591 9811 10473 10208 10086 10738 9954 10141 10865 9779 9778 10148 10693 10445 10038 9360 10322 10178 10356 9539 9774 9918 9527 9754 9470 10372 9317 9752 9596 10246 10451 10106 9640 9567 10405 10402 10298 9399 9931 9721 9720 9700 10216 9425 10269 10033 10449 9985 9490 10572 9850 9422 9708 10179 10077 9860 9890 9805 10390 10282 9922 10389 10431 10296 9768 10443 9662 9829 10436 9373 10031 9943 10071 9792 10267 9795 10201 9846 9931 10070 9785 9608 9610 9842 10678 9915 9345 9673 9072 9932 9918 9612 10132 9749 10157 9138 10365 10122 9960 10712 10562 9905 10172 9499 10168 9530 10078 10073 10366 10493 9351 10257 9619 9464 9971 9842 10131 9638 10405 10169 10133 9691 9922 10110 10136 9691 10174 10283 10799 9726 9656 9785 10034 9948 10769 9347 9996 10319 9809 10122 10244 10468 9982 10213 9890 10317 9957 10023 10511 10102 10382 9905 10417 10408 10210 10278 9561 10338 10165 10067 9560 10557 9787 9800 10017 9978 9985 10226 10085 9983 10429 9272 10329 10631 9934 9815 10252 9510 10561 9893 9516 9944 9845 9098 9893 9964 10088 10057 10444 9975 10251 10247 9473 9151 10113 10215 10603 10528 10072 9865 9907 9910 10186 9637 10255 10293 9744 10403 9621 10210 10112 9867 10005 9818 10171 10086 10011 9600 9894 9744 10433 9660 10001 10272 9851
10280 10484 10317 10411 10415 10145 10449 9719 10207 9840 10231 11102 9777 9481 10564 9458 10791 9148 10638 11083 10381 9891 10067 10426 10772 10127 10354 10324 9534 10379 10559 10781 10313 10859 10345 10101 10905 10041 10552 10524 10225 10136 10253 10075 10386 9859 9626 10237 10285 9891 10630 9841 10384 9655 9942 10759 10228 10039 10005 10049 10358 9754 10269 10571 9707 10104 10187 9855 9961 10241 10321 9646 10036 10151 10349 9710 10269 9974 9550 10937 10050 9840 10709 10110 10590 10173 9838 10661 10135 9924 10160 9501 10013 9575 10600 10153 10499 10515 9466 10128 10031 10121 10003 10847 10413 9779 10753 10385 10269 10690 9797 10533 10799 10656 10090 9948 10489 9718 9868 10291 10351 10156 10423 10979 9873 9997 9824 10413 10184 10854 10303 9866 10309 9955 11411 10629 10347 10215 10254 10062 10171 10005 10938 10079 10434 10215 10464 10463 10624 9986 9797 11245 9625 10374 10050 10794 10376 10478 10384 10985 10436 10170 9595 10625 10076 10259 10005 10369 10980 9825 10082 10463 10339 10402 11029 10116 10263 10411 10572 10565 11055 10192 10330 11274 9828 9724 10585 10851 10657 10142 10153 9840 10228 10631 9602 10315 10193 9402 10149 9704 10716 9633 10254 10598 10627 10779 10446 10227 10170 10085 10922 10454 9975 10122 10018 9804 10037 10581 9783 10647 10474 10481 10390 9638 10833 10075 10708 9842 9847 9965 10751 10168 10216 10802 10831 10362 10388 10709 10362 9890 10732 10237 10430 10929 9788 10542 10037 10272 10113 10217 10198 10641 10161 10474 10265 9880 9918 10126 10286 11238 9766 10423 10235 9369 9812 10582 9765 10557 10084 10086 9458 10677 10382 10469 10644 10796 10245 10010 9846 10527 9923 9880 10074 10652 10388 9499 10704 9882 10260 10261 10082 10128 9591 11112 10483 10628 10272 10223 10283 10790 10388 10206 10738 10697 10624 10054 9976 9872 9954 10786 10168 9856 10328 10112 10630 10415 11142 10824 10036 9824 10371 10303 9920 10268 10367 10583 10417 10528 10453 9827 10669 10111 10251 10616 10495 10177 10873 10419 10377 10454 9919 10392 10264 10517 10384 10886 9938 10367 10981 10128 9917 10757 9596 10678 10409 10234 9717 10350 10025 9722 10169 10475 10154 10239 10373 10198 10289 10166 9615 9957 10436 10763 10552 10436 10241 9918 10446 10686 9986 10758 10544 9760 10735 10120 10686 10156 10370 10077 9941 10684 10014 10434 10328 10043 9919 10267 9371 10067 10517 10277
9366 9686 9249 9334 9917 9492 9857 9208 9625 9283 9101 10391 9718 9107 9646 9226 9777 8913 9739 10267 9932 8675 9143 9601 9901 9548 9541 9370 9808 9410 10439 9750 9490 10117 9534 9428 10215 9342 9419 9917 8967 9718 9784 9328 9834 9403 8926 9190 9419 9112 10158 9601 9619 8781 9743 9479 9689 9044 9101 9263 9555 9176 9547 10272 9483 9520 9493 9415 9303 9944 9953 8717 9489 8903 9280 9185 9366 8964 9207 9597 9183 9263 9854 9809 9851 9028 9268 9854 9328 9582 9522 8840 9811 9579 9571 9307 9837 9532 8879 9524 9535 9953 9272 9651 9513 9413 9730 9694 9799 9396 9224 9815 10120 10106 9352 9168 9657 9378 9486 9366 8931 9277 9436 10258 9359 9241 9317 9782 9095 9620 9111 9125 9013 9255 10209 9403 9342 9385 9356 9603 9142 9054 10116 8949 9699 9691 9631 10031 9550 9495 9480 10371 9059 9192 9354 10537 9823 9022 9464 10103 9889 9463 8835 9993 9328 9365 9373 9690 9685 9309 9506 9575 9541 8975 10071 9031 9248 9969 9396 9485 10251 9867 9454 10601 9125 8975 10053 9809 9947 9347 9227 9489 9707 10162 8961 9478 9228 8913 9984 8757 9781 8916 8975 9369 9773 9728 9613 9503 9335 9856 9718 9862 8966 9162 9000 8672 9212 9632 8561 9516 9545 9514 9766 9031 10306 8998 9043 9609 9573 9307 9058 9047 9485 9659 10264 9613 9887 9871 10073 9308 9588 9136 9493 10226 9324 9356 9644 9647 9638 9650 9253 9445 9276 9569 9692 9589 9258 9223 9728 10278 9389 9317 8955 9228 9594 9796 9011 9853 9511 9317 8830 9545 9860 9485 9634 10082 9453 9611 8983 9673 9127 9130 9180 9957 9884 8920 9704 9150 9564 9585 9327 9540 8744 9800 9757 9614 9297 9138 9762 9892 9578 9353 9622 9926 9337 9132 8809 9399 9571 9711 8731 9478 9520 9166 9705 9498 9840 9644 9411 9618 9771 9659 9962 9694 9488 9726 9657 9891 9546 9289 9930 9196 9425 9962 9420 9300 10096 9503 9294 9996 9099 9777 9349 9442 9994 10146 8798 9764 9928 9085 9200 9771 9295 9870 9323 9620 9468 9827 9164 9238 10072 9681 9360 9670 9529 9621 9368 9391 8781 9790 9548 9707 10143 9609 9525 9133 9301 9598 9551 10037 9795 9438 10046 9419 10035 9516 9218 9451 8921 9656 9326 9592 9197 9392 9459 9899 9228 9787 9744 9464
10114 10168 9909 10120 10022 9774 10464 9193 10169 9880 10163 11166 10257 9680 10425 9100 10311 9156 10452 10780 10249 9659 10212 10107 10205 10058 10363 10388 10179 9976 10496 10853 10033 10644 10215 10065 10570 10371 9902 10203 9840 10271 10039 10012 10491 9715 9663 9941 10185 9667 10498 9988 10166 9440 10084 9887 10370 9494 9468 9558 9996 9534 10257 10370 9787 10020 9944 9717 10028 10504 10508 9485 10160 9940 9928 9783 10016 9834 9238 10156 10053 10145 10204 10117 10714 9952 9975 9957 10292 10408 9750 9498 10011 9794 10100 9629 10696 10461 9403 10245 9746 10117 9847 10188 10282 10008 10467 10260 10040 10321 9901 10467 10712 10506 9674 9848 10458 9563 9944 9986 9430 9811 10446 10879 9839 9556 10050 11050 9731 10300 9840 9488 9608 10103 10590 10475 9887 10486 9976 10178 9631 9840 10964 9464 10203 10229 10376 10415 10212 10083 9667 10782 9850 10090 10011 10832 10246 9810 10345 10650 10193 10205 9663 10618 9619 10414 10134 10574 10465 9946 10132 10373 9974 10338 10704 9617 10179 10602 10445 10016 10723 10546 10040 11000 9605 9940 10331 10636 10644 9664 10218 9997 10213 10423 9712 9557 10198 9866 9816 9341 10125 9991 9946 9788 10483 10575 10206 9989 9969 9962 10532 10122 9666 10019 9540 9824 9739 10617 9793 9500 10228 9937 9930 9538 10265 9970 9955 9947 9937 10346 10352 9867 9760 10139 10621 9987 10427 10201 10616 9616 10360 10147 10126 10929 9803 10528 10178 10313 10051 9980 10024 10304 10293 10321 10410 9962 9950 9717 9800 10825 9883 9878 10116 9301 10176 10241 9240 10070 9576 9959 9395 10593 10530 10062 10347 10584 10345 10017 9713 10281 9593 10018 9634 10477 10249 9175 10432 9824 10000 10046 9770 10319 9186 10919 10457 10058 9957 10086 9841 10653 10612 9826 10382 10754 10005 9967 9983 10239 10086 10564 9648 9637 10056 9598 10555 10107 10785 10698 9973 9527 10281 9869 9920 9943 9780 10926 10088 10553 10386 10250 10401 9459 10337 10335 9923 9514 10168 9869 9801 9762 9368 10430 10400 9612 10170 10482 9317 10578 11059 9651 10165 10124 9803 10512 10362 9780 10022 10551 9528 9873 10351 10308 10239 10240 10146 9919 10389 10059 9704 10291 10531 10697 10750 9817 9986 10419 10123 10563 9916 10553 10157 9892 10467 9845 10593 9983 9931 10511 9799 10435 10113 10241 9774 9512 10043 10512 9734 10161 10570 10331
10064 10600 10081 10533 10064 10055 10717 9661 10260 9805 9626 11381 10172 9536 10542 9541 10307 9119 10433 10997 10331 9228 9786 10383 10453 10000 10230 10378 9931 10217 10884 10724 10239 10447 10077 10039 10595 10421 10420 10956 10072 10002 10141 10080 10540 9694 9504 10216 9864 9785 10350 10149 10279 9770 10009 9875 10502 9980 9510 9896 10247 9381 10393 11024 10236 9677 10445 9831 10051 10393 10579 10209 10570 10137 10318 10056 10134 9473 9483 10251 10229 9500 10140 10180 10601 9652 10093 10223 10460 10390 9774 9897 10071 9722 10084 9796 10594 9846 9831 9976 9752 10003 9917 10341 10324 9805 10825 10340 10217 10739 10203 10553 10671 10357 10069 9750 10386 9643 10025 10380 9771 10020 10112 11025 10321 9934 9547 10824 9972 10087 9931 9894 9817 9925 10969 10245 10230 10485 9894 10029 10114 9919 10772 9945 10425 10144 10686 10681 10466 9808 10148 11116 9612 10076 9897 11358 10332 10486 10484 10826 10104 10287 9697 10460 9749 9728 10561 10403 10498 9756 10368 10461 10395 9826 10907 10122 10337 10142 10769 10308 11024 10541 10514 11160 10016 9852 10517 10938 10657 9841 9860 10359 10011 10754 9994 10223 10113 9667 10577 9475 10333 9545 10203 9827 10714 10797 10432 10060 10168 9990 10711 10571 9798 9877 9862 9675 10020 10554 10351 10097 9890 9951 10419 9467 10567 10307 9950 9707 10162 9881 10285 9620 10238 10535 10692 10289 10050 10494 10392 9557 10227 10093 10287 10683 9520 10293 10540 10263 10234 10247 10161 9902 9826 10420 10379 10010 9897 9969 10074 10896 10169 9991 10154 9852 9616 10713 9542 10215 9929 9867 9246 10409 10022 10316 10937 10408 10115 10216 9780 10171 9832 9936 10383 10846 10255 9619 10361 9984 10334 9999 10046 10245 9271 10642 10456 10386 9701 10213 10117 10512 10124 10231 10495 11068 10195 9497 9695 10299 9798 10483 9421 10124 10037 10031 10142 10150 11295 10356 9896 9475 10224 10112 10129 10442 10441 10024 9997 10451 10583 9974 10841 10165 10210 10515 10270 9834 10552 10246 10219 9877 9861 9888 10628 10502 10376 10838 9577 10780 10674 9617 9735 10560 9647 10479 10458 10138 9679 10482 9886 10132 10352 10179 10243 9997 10001 10026 10265 9981 9481 10038 10517 10398 10860 10178 10432 9954 10239 10662 9945 10882 10263 10323 10773 9811 10476 9987 9992 10317 10006 10371 9794 10294 10330 9738 10177 10931 9605 10093 10549 10349
9268 9781 8959 9475 9761 9256 9852 8546 9301 9103 9332 10054 9179 8911 9766 8789 9766 8417 9282 9500 9843 9345 8842 9451 10095 9353 9161 9137 9158 9176 10116 10078 9503 9717 9247 9276 9937 9557 9480 10159 9038 9515 9279 9551 10005 8960 8978 9232 9065 9216 9689 8906 9772 8746 9195 9468 9732 9559 9332 9200 9344 8789 9667 10259 9387 9430 9645 9262 9388 9791 9801 9083 9849 9608 9401 8743 9788 9034 8928 9576 9376 8808 9547 9299 9687 9181 9662 9141 9720 9316 9373 8880 9133 9103 9690 9307 10083 9444 9012 9101 9147 9333 9334 9800 9635 9072 10126 9809 9049 9816 9248 9517 9872 9932 9134 9225 9786 9360 9473 9618 8639 9542 9521 9703 8918 9105 8693 10200 9056 9493 9193 8928 9301 9564 10221 9277 9770 9953 9461 9512 9359 9041 9733 9451 8992 9145 9854 9580 9448 9109 9244 9989 9050 9361 9415 9879 9323 9437 10000 9701 9562 9509 8678 9640 9212 9062 9594 9802 9969 9166 9507 9428 9456 9289 10280 8803 9459 9757 9727 9459 9745 9382 9428 10032 9297 9398 9772 10197 9647 9217 8720 9217 9507 10131 8729 8938 9020 8929 9308 8803 9407 9143 9416 9268 9690 9820 9465 9246 9055 9167 10452 9687 8938 9248 9397 9394 9526 9635 9207 9623 9370 9391 9268 8664 9764 8840 9168 8765 9327 9077 9224 9209 9722 10204 10018 9532 9521 9383 9630 9090 9457 9406 9044 10397 9170 9673 9457 9310 9326 9725 9298 9554 9342 9087 9959 9383 8931 9312 9309 9791 9153 9398 9382 8605 9241 9552 8784 9454 9195 9256 8807 10012 9648 9651 9640 9749 9715 9477 8984 9889 9007 9299 9676 9887 9911 8521 9738 9057 9182 9117 8951 9197 8736 10069 9895 9162 8995 9514 9298 9851 9697 9292 9151 9812 9291 9319 9108 9470 9212 9874 8444 9386 9448 8936 9637 9456 10018 9768 9500 8812 9353 9143 9067 9483 9450 9964 9285 9858 9472 9734 9727 9247 9573 9483 9509 9040 9742 9382 9338 9500 9079 9319 9928 9514 9580 9332 8940 9663 9973 9623 9037 9940 9233 9312 9691 9618 9368 9251 8705 9503 9750 9184 9506 9757 9663 9429 10056 8880 8632 9886 10192 9483 9798 9238 9418 9551 9294 9558 8955 9848 9904 8835 9655 9534 9660 9483 9410 9424 9412 9954 9247 9917 9209 9116 9152 10120 8878 9335 9637 9405
9562 10258 10011 10213 9990 10009 10397 9319 10332 9935 9584 11133 10518 9584 10139 9272 10491 9360 9810 10639 10123 9580 9899 10082 10463 10565 10070 9746 9863 9889 10529 10684 9877 10621 10245 9916 10328 10086 10453 10459 10022 10052 10048 9947 10393 9679 9463 9789 10123 9746 10433 9630 10329 9302 10185 10400 10532 9734 9778 9926 10048 9310 9959 10458 9872 10317 9938 9944 10014 10222 10645 9773 10102 10266 10361 9430 10575 9833 9407 10290 9633 10092 10503 9933 10391 9878 9624 10380 10259 9795 9636 9589 9942 9830 10005 9667 10791 10254 9834 9955 9372 10317 9991 10360 10648 9594 10355 10346 10099 10588 9707 10455 10687 10892 10073 9608 10061 10218 9965 10347 9453 10219 10058 10767 9452 9770 9737 10399 10093 9959 9824 9844 9934 10161 10589 10270 10065 10427 9869 10383 9791 9596 10681 9787 10108 9838 10477 10584 9836 9419 9779 11079 9827 9927 10185 10951 9881 10140 10320 10830 10297 9862 9201 10238 9830 9666 10229 10662 10430 9648 10097 10394 10063 9636 10416 9880 10028 10062 10089 9652 10763 10144 9785 10788 9815 10179 10287 10740 10727 9860 9685 10305 10246 10779 9507 9986 9611 9501 10217 10030 10162 9776 10104 9801 10100 10673 9924 9729 10063 9952 10313 10685 9952 10027 9883 10003 10129 10243 9796 10030 10074 10216 9997 9175 10253 10144 9564 9997 9998 9707 10217 9899 10127 10423 10205 10210 10730 10327 10577 10039 10546 9877 9968 10519 9701 9897 10407 9979 10065 9815 9875 10167 9999 9934 10130 9958 9797 9655 9868 10903 9935 10044 9974 9891 10088 9849 9205 10124 9773 9597 9389 10711 10200 10362 10171 10615 10067 9576 10096 10392 9689 9762 10558 10462 10307 9027 10180 9787 9581 9996 9713 10305 9612 10787 10203 9823 10078 9699 9955 10663 10150 10257 10289 10306 9893 9856 9802 10026 9997 10630 9220 9897 10501 10025 10283 10113 10489 10341 10219 9471 10243 9401 9891 10359 9847 10406 9671 10338 10163 9833 10339 9699 10336 10409 9947 9606 10938 10124 10139 10181 10147 10137 9798 9982 9845 10668 9384 10642 10767 10137 9819 10243 9428 10839 10231 10291 9937 10052 9746 10260 10302 10112 10110 10208 10475 9819 10464 9967 9708 10064 10262 10183 10315 10180 10671 10068 10093 10764 9968 10489 10289 9924 10452 9692 10562 10305 10181 10259 9883 10414 10206 10391 10092 9459 9618 10214 9598 10201 10070 10523
10071 10032 9913 10306 10254 9792 10567 9233 9978 9856 9765 11130 10406 9799 10647 9836 10914 9168 10554 10695 10216 9696 10067 10604 10328 10451 10347 10285 9901 10260 10388 10705 9917 10687 9856 10158 10755 9962 10308 10250 9474 10086 10251 9460 10271 9708 9587 10261 10406 9853 10394 9806 9999 9337 9795 10164 10376 9711 9472 10057 10397 9310 10352 10718 9889 9850 10215 9917 10246 10133 10486 9975 10755 9960 9856 9600 10042 9807 9660 10435 9969 10117 10703 9800 10315 10131 10128 10458 10092 10205 9960 9439 10140 9838 10412 9872 10409 10138 9595 10247 10034 10215 9737 10065 10402 10027 10541 10397 10301 10680 9775 10578 10857 10401 9767 9736 10589 9754 9960 10421 9361 10472 10175 10692 9479 9784 9732 10447 10141 9929 10012 9914 9722 10198 11031 10118 10374 10368 10228 10301 9785 10011 10556 10142 10592 10117 10607 10613 10202 10108 9868 11148 9566 10147 9629 10944 10151 10104 10421 11143 10224 10645 9764 10358 9825 9913 10041 10138 10770 9798 9483 10286 9843 9912 10701 9893 10188 10546 10462 10197 10686 10452 9858 11033 9744 9794 10662 10975 10473 10612 10077 10334 10167 10961 9242 9870 10222 9634 9780 9329 10829 9650 10072 10189 10761 10912 10338 10170 10514 9936 10592 10247 10123 10133 9876 9484 10055 10142 10064 10376 10365 10379 10448 9277 10508 9883 9881 9570 10324 10196 10522 10007 10116 10477 11020 9849 10693 10526 10435 9951 10345 10455 10697 10921 9333 10095 10666 10069 9626 10024 9969 9730 10053 10155 10580 10052 9804 10020 10131 10862 10020 9821 9655 9709 10126 10217 9590 10448 10175 10051 9800 10636 10272 10226 10209 10535 10278 10379 9679 10422 9979 9774 10046 10248 10297 9542 10482 9912 10284 10036 9880 10535 9585 10615 10454 9958 9975 10201 10346 10465 10211 10210 10025 10594 10083 10355 9712 10571 9517 10688 9934 10471 10046 9610 10554 10130 10839 10614 10023 9736 10223 9822 10186 10162 10011 10540 10158 10266 10143 9782 10623 10001 10273 10193 9963 10004 10736 10338 10233 10302 9624 10495 10978 10302 10411 10198 9289 10137 10852 10217 9641 10554 9319 10555 10124 10080 9941 10082 9850 9577 10573 10188 10138 10585 10039 10351 10564 9967 9469 9701 9982 10433 10158 10283 10398 10387 10214 10585 9994 10820 10802 9674 10747 9753 10626 10313 10279 10432 9663 10413 9918 10359 9969 9640 9802 10513 10134 9892 10035 10756
9549 9840 9700 9640 9604 9442 10091 9157 9871 9764 9430 10915 10250 9376 9909 9224 10100 8617 9915 9942 9791 9252 9805 9938 10181 9374 9543 9501 9706 9782 9786 10385 9457 10244 9831 9567 10025 9611 9778 10382 9189 9781 9920 9572 10059 9585 9271 9430 10040 9234 10335 9702 10056 9150 9628 9785 10174 9650 9174 9324 9677 9454 9301 10410 9500 9750 9714 9643 9476 9999 10578 9442 10189 9626 9664 9479 9930 9541 9110 10295 9603 9546 9834 9836 9860 9465 9812 9390 9964 9757 9433 9273 9674 9457 10085 9711 10164 9713 9449 9684 9552 9799 9588 9804 9981 9596 10417 9875 9639 9970 9740 9693 9981 10266 9628 9892 9481 9520 9541 9664 9012 9342 9854 10093 9477 9468 9097 10244 9545 9763 9580 9491 9609 9927 10416 9679 9379 10154 9513 9755 9957 9360 10749 9005 9650 9588 10057 10303 9729 9356 9572 10734 9631 9559 9597 10319 9802 9658 9862 10337 9735 10027 9520 10056 9167 9700 10174 10429 10509 9045 9881 9991 9479 9817 9963 9474 10029 9982 9839 9577 9871 9871 10031 10260 9516 9469 9767 10157 10177 9636 9497 9656 9970 10595 9505 9869 9330 9383 9422 9349 9739 9436 9740 9658 10185 10460 10093 9775 9464 9421 9899 10226 9139 9417 9602 9394 9274 9890 9413 9785 9711 9438 9837 9438 10253 9179 9553 9829 9791 9395 9576 9295 9897 10186 10056 9448 9701 10106 9912 9447 9826 9218 10030 10807 9108 9492 9986 9660 9828 9869 9337 9813 9875 9566 9725 9588 9211 9543 9708 10321 9533 9573 9440 9184 9650 9983 9117 10010 9584 9355 8898 10144 9702 9708 9906 10368 9676 10070 9171 10185 8896 9503 9580 9647 10185 9575 9987 9928 9731 9621 9560 10017 8881 10184 10434 9508 9557 9367 9718 10052 9623 9780 9512 10015 9832 9310 9336 10052 9504 10055 9055 9715 10009 9965 9762 9601 10228 10265 9699 9645 9893 9685 9417 10194 9999 9938 9553 10314 10210 9820 10080 9217 9709 9785 9799 9309 9973 9565 9226 9513 9032 9761 10103 9710 9958 10068 9158 10340 10483 9554 9565 10182 8923 9920 9799 9683 9743 9837 9643 9802 9917 9622 9776 9963 9599 9818 10132 9529 9276 9615 10245 9772 10367 9717 9855 9637 9751 10108 9757 10250 9839 9375 10080 8914 9757 9687 10036 10026 9434 10128 8919 10372 9871 9635 9388 10139 9412 9583 10222 10117
9330 9758 9701 9420 9697 9957 9997 9187 9789 9680 9317 10465 9707 9429 9696 8610 10026 8817 10171 10336 9943 9255 9805 9533 10361 9467 9516 9514 9766 9246 10198 10223 9766 9979 9587 9425 9844 9160 9468 9927 9268 9791 9613 9493 9822 9424 8685 9549 9611 8962 9656 9620 9836 9184 9498 9502 9934 9260 9491 9678 9552 8752 10053 10486 9482 9202 9509 9550 9695 9753 9791 9664 9664 9443 9602 9089 9155 9311 9164 9726 9400 9317 10177 9373 9562 9539 9102 9886 10037 9980 9448 8876 9697 9153 9851 8982 9780 9618 9559 10115 9413 10010 9494 9740 9567 9050 9789 10020 9573 9977 9446 9947 10465 10242 9653 8902 9376 9118 9483 9404 9194 9527 9928 10459 9180 9269 8928 9690 9258 9488 9513 9247 9355 9609 10094 9815 9602 10070 9606 9775 9062 9568 9867 9324 9824 9220 10268 10018 9545 9503 9378 10158 8616 9422 9404 10243 9905 8905 9738 10149 9998 10068 8962 9797 9600 9571 9712 10115 9894 8903 9501 9857 9635 9041 10135 9298 9513 9944 9853 9473 10372 9591 9634 9981 9159 9625 9664 10270 10474 9510 9067 9514 9520 9772 9013 9489 9471 9057 9558 9118 9740 9360 9230 9540 9876 9986 9845 9486 9836 9524 9894 9951 9242 9305 9561 9204 9497 9944 9642 9517 9325 9938 9801 9031 10169 9368 9093 9510 9489 9324 9378 9031 9592 9521 9863 9499 9451 9685 10313 9734 9643 9305 9972 9732 8969 9786 9924 9610 9613 9580 9419 9358 9528 9547 9854 9278 9176 9136 9428 10218 9119 9264 9222 8936 9282 9605 8478 9747 9400 9290 9159 9944 9845 9533 9760 10471 9509 9504 9401 9681 9316 9936 9804 9888 10152 8931 9963 9772 9645 9325 9385 9268 9247 10425 9853 9893 9865 9720 10077 10137 9701 9677 10023 10384 9454 9566 9023 9280 9254 9930 9391 9718 9607 9417 9878 9771 10122 9835 9585 9443 9788 8860 9509 9841 9547 9809 9418 9732 9611 9280 10240 9011 9876 9921 9945 9661 10056 9413 9139 9687 9442 9877 9484 9712 10003 10050 9004 9822 10018 9444 9216 9836 8967 9828 9714 9599 9820 9480 9231 9407 9490 9567 9751 9659 9781 9506 9787 9142 9247 9476 9284 9832 9881 9435 9841 9946 9593 10114 9379 9596 9861 8872 10077 9116 10074 9391 9737 9396 9571 10227 9554 9885 9576 9318 9365 9795 9270 9374 9917 9997
9439 9887 9670 10245 10234 10047 10397 9574 10234 9594 9270 10602 9927 9702 9878 9302 10294 8998 10361 10401 9970 9480 9705 10086 10258 9968 9948 9761 9681 9889 10543 10544 10198 10383 10323 9845 10695 10090 10110 10314 9738 9803 9744 9893 10382 9530 8869 9824 9887 8805 10094 9386 9894 9448 10294 10195 9880 9842 9631 9716 9934 9609 9585 10620 9919 10155 9836 9527 9916 10078 10209 9368 9849 9682 10027 9353 10050 9352 9459 9864 9624 9822 10281 9797 10340 10272 9726 10186 9733 10064 9527 9323 9961 9516 10018 9684 10333 9918 8775 9708 9641 10245 9846 9974 10059 9849 10288 10061 10122 10148 9737 10122 10052 10438 9645 9584 10192 9767 10192 10157 9250 9979 10107 10685 9564 9318 9728 10131 9952 9990 9488 9751 9456 9791 10795 9723 9855 9737 10366 9602 9952 9315 10868 9937 10230 10085 10101 10501 10333 9744 9488 10825 9222 9716 9564 10643 10118 9699 10047 10373 10061 9912 9369 10368 9752 9962 9924 10534 10487 9523 9659 10378 9423 9585 10481 9822 10031 10182 10347 9947 10741 9968 9994 10773 9343 9393 10105 10584 10448 9471 9311 9921 9852 10585 9157 9759 9580 9464 9641 9360 10361 9501 9805 9705 9780 10329 10509 9673 9934 10040 10350 10116 9433 9806 9575 9581 9355 10154 9473 9890 9909 10004 9947 8941 10560 9614 9788 9442 9759 9738 9796 9345 9656 9992 9838 10025 9804 10270 10360 9547 10361 9929 10229 10841 9695 10476 9967 9655 10047 9770 9534 10001 9814 10187 9803 9990 9660 9446 9881 10281 10217 9934 9621 9109 10045 10090 9616 10059 9697 9459 9163 10197 9875 10126 10300 10251 10083 10167 9518 10111 9750 9775 10206 10208 10520 9534 9857 10014 9670 9898 9439 9997 9510 10172 9844 10036 9443 10095 9795 10218 10061 9791 10378 9978 10178 9806 9562 9853 9609 10305 9812 9878 9685 9760 10485 9845 10603 10373 9786 9346 10043 10086 9816 9715 9973 9856 9545 10312 10042 9932 10086 9412 9998 10317 9632 9548 10021 9828 10039 9973 9473 9605 10033 10059 10302 10204 9185 9793 10278 9326 9724 10306 9499 10687 10056 10257 9263 9705 9719 9831 9906 9910 10025 10215 9539 9927 9911 9586 9184 9573 10339 10333 10000 9838 9919 9290 9892 10258 9521 10199 10254 9632 10465 9256 10115 9825 9798 9958 9405 9993 9851 9982 9928 9505 9852 9798 9230 9861 9967 10333
9667 9860 9834 9733 9830 9516 10141 8903 9964 9507 9306 10476 9407 9180 9950 8758 9996 8641 9760 10300 9683 9059 9310 9502 9921 9400 9269 9556 9266 9591 9997 9968 9359 10203 9390 9449 10019 9843 9638 9967 9349 9599 10039 9774 9903 9560 9040 9373 9666 9550 9480 9596 9511 9112 9503 9470 9930 9280 9305 9433 9616 9396 9882 10265 9263 9202 9412 9634 9505 10020 10159 9428 10084 9773 9620 8999 9676 9118 9253 9972 9519 9627 9631 9648 9868 9643 9841 9653 9489 9590 9540 9076 9444 8985 9760 9310 10246 9820 9087 9694 9613 9915 9047 9662 9888 9297 10124 9543 9715 10034 9352 9669 9719 10212 9458 9408 9679 9355 9602 9356 8966 9465 9463 9965 9278 9154 9285 9996 9647 9630 9681 9220 9406 9529 10436 9334 9776 9868 9595 9769 9249 9294 10041 9165 9431 9436 9915 9988 9867 9370 9125 10256 9197 9459 9383 10205 9915 9542 10021 9948 9744 9620 9823 9817 9132 9373 9603 10083 10224 9075 9778 9809 9382 9300 10056 9017 9563 9721 9826 9779 10510 10007 9722 10403 9175 9304 9610 9831 10513 9555 9680 9672 10065 10197 9387 9397 9519 9065 9679 8911 9820 8843 9578 9179 9949 10119 9601 9788 9331 9535 10095 9780 9037 9798 9096 9470 8970 9746 9193 9441 9591 9733 9441 9060 9603 9316 9422 9433 9241 9734 9551 9483 9600 9763 10051 9587 9882 9757 10086 9045 9724 9607 9848 10347 9262 9961 9665 9797 9252 9681 9257 9493 9434 9616 9947 9518 9385 9416 9333 10195 9434 9349 9376 9137 9310 9737 8869 9769 9505 9266 8743 9600 9474 10014 9959 9972 9964 9687 9392 9925 9261 9481 9701 9726 10141 8765 9835 9401 9411 9389 9298 9568 9134 10461 10140 9551 9499 9312 9568 9720 9513 9578 10309 9913 9309 9189 9163 9759 9282 10007 9009 9563 9703 9290 9767 9498 10245 10144 9061 8903 9610 9629 10001 9750 9613 9881 9620 9557 9806 9835 9774 9193 9750 9965 9901 9051 9983 9332 9384 9674 9221 9609 9822 9455 9694 9858 9381 9660 10189 9242 9484 9883 8864 9969 9559 9617 9340 9826 9014 9292 9719 9957 9889 9697 9733 9364 9618 9308 9271 9572 10056 9803 9748 9525 9819 9432 9490 9918 9344 10047 9775 9158 10064 9346 9646 9395 9888 9568 9297 10146 8899 9602 9395 8902 9344 9818 9348 9520 10149 9996
10226 10731 9602 10019 10294 10026 10410 9510 10174 9754 9676 10892 10053 9542 9851 9353 10379 8572 10573 10438 10379 9605 9760 9957 9992 9719 10091 9723 9544 10272 10530 10265 9778 10564 9932 10174 10437 9957 9744 10506 9547 10145 10194 9845 10290 9386 9572 9557 10100 9435 10008 10082 9625 9533 9969 9798 10067 9955 9584 9641 9871 9692 9892 10688 9617 9850 10156 9330 9990 10013 10490 9710 10016 10093 9993 9572 10298 9847 9475 10394 10080 9411 10325 10465 10491 10161 10031 10266 10144 9843 9820 9447 9878 9503 10433 9749 10298 10480 9421 9922 9452 9912 9670 10774 9739 9864 10160 10233 10029 10142 9205 10274 10572 10500 9857 9698 10262 9741 9596 10246 9507 9949 10322 10451 9722 9614 9803 10216 10360 10020 10052 9786 9934 9917 10712 9774 10523 10420 10066 10152 9665 9944 11146 9514 10022 9817 10748 10740 9953 9816 9932 10929 9697 10150 9985 10589 10469 9730 10562 10777 10371 10039 9392 10307 9690 9764 10403 9906 10147 9995 9951 10282 9890 10405 10467 9693 9801 9940 10191 10026 10780 9828 10112 10758 9639 10030 10331 10522 10600 9855 9833 9794 10183 10610 9837 9854 9903 9975 9995 9498 10265 9476 10053 9929 10172 10377 9881 10383 9868 9453 10546 10262 9363 9572 9912 9806 10205 10427 9858 10532 10019 10003 10058 9338 10415 9865 9900 10004 9893 9968 9958 9638 10078 10515 10378 10265 10036 10164 10511 9548 10188 9701 10109 10570 9674 10480 10221 9739 10200 10205 9777 10145 9670 10047 10189 9625 9577 9745 9998 10698 9715 9912 10024 9644 9822 10390 9406 10254 10262 9857 9604 10226 9942 10279 10552 10606 10032 9768 9440 10319 9601 9993 9937 10151 10344 9486 10330 9747 10221 9827 9738 10321 9511 10525 10138 10205 9725 9956 10219 10364 10408 10068 10342 10986 10342 9867 9696 10303 9824 10124 9364 10002 10208 9884 10185 9826 10722 10162 10105 9399 10263 9695 9568 9997 10228 10709 9848 10289 10196 10334 10476 9910 10344 10236 10465 9722 10242 9755 9804 10152 9755 10155 10669 9931 9893 10415 9548 10354 10832 10000 9684 10427 9563 10422 10636 9826 9966 9965 9691 10052 9910 10236 9943 10167 10037 9951 10430 9991 9644 10123 10344 10646 10509 10393 10159 10187 10102 10557 9722 10524 10499 9213 10655 10161 9834 9906 9883 10204 10094 10774 9895 9954 9981 9295 9704 10330 9590 9959 10135 10204
9901 9975 9838 9998 10017 10159 10523 9586 9707 9914 9493 11265 10136 10090 10173 9595 10376 9181 10278 10190 10083 9427 9797 10093 10186 9609 10047 9965 9991 9802 10315 10468 9976 10797 10153 9619 10418 9817 9993 10128 9822 10126 10373 10363 10299 9564 9316 9895 10147 9714 10191 9966 10570 9274 10281 10159 10120 10105 9607 9530 9768 9639 10198 10733 9656 9596 9853 9896 9928 10158 10818 9732 9898 9904 10057 9778 10157 9936 9535 10222 9846 10182 9992 10063 9915 10329 9812 9730 10506 10132 9596 9450 10201 9611 10262 9716 10409 9598 9876 10210 9802 10308 9828 10025 9822 9841 10559 9864 9987 10396 9706 10113 10746 10843 9523 9902 9758 10190 10232 9997 9654 10074 10207 10618 9448 9600 9646 10206 9770 9812 9535 9616 9828 9911 10463 10323 10073 10218 9835 10012 10028 9898 10868 9358 9915 9881 10178 10663 10093 9847 10251 11031 9881 10101 10123 10847 9955 9160 10248 10548 10038 9998 9728 10332 9957 9631 10037 10266 10361 9456 9937 10365 9958 9862 9967 9955 9955 10275 10154 9854 10731 10077 9859 10667 9829 9865 10029 10773 10544 10086 9928 10123 10271 10575 9697 9994 9990 9432 10152 9288 10607 9678 9530 9955 10380 10541 10020 10250 9762 10192 10485 10585 9510 10013 9715 9812 9879 10016 9405 10031 10266 10045 9854 9710 10208 9873 9681 9807 10143 10071 9893 9675 9910 9993 10323 10091 10446 10101 10475 9984 9790 9869 9861 10383 9489 10032 9962 9991 10008 10021 10358 9934 9722 10181 10158 9927 9723 9908 10033 10788 9892 9795 9697 9157 10007 10092 9347 10386 9865 9961 9140 10092 10051 10328 10275 10478 9732 10028 9673 10493 9702 9933 9947 10288 10634 9368 9969 10015 9865 9750 9854 9683 8872 10396 10572 9918 10078 9951 10493 10554 9859 9790 10308 10964 9555 9576 9609 9909 9805 10265 9581 10090 9990 9772 9960 9913 10725 10410 10296 9621 10128 9612 9758 10292 9820 10609 9682 10324 10154 10305 10379 9643 10245 10348 10035 9632 10456 9791 9608 10112 9650 9995 10439 10269 10312 10308 9506 10340 10772 9693 9337 10302 9503 10649 10370 9469 9995 9594 9352 10081 10225 9935 10095 10104 10166 9938 10058 9520 9359 10161 10394 10571 10214 10252 9885 10077 9689 10495 9453 10395 10322 9441 10546 9576 10221 10011 9883 10406 9609 10255 9702 9997 10019 9608 9739 10140 9745 9875 10168 10396
10049 10089 10194 10063 10272 10082 10580 9491 10344 9913 9762 11184 9839 9621 10138 9424 10872 9304 10716 10781 10168 9562 10186 10021 10530 10355 10327 10399 10013 10125 10345 10638 10303 10627 10415 9740 10508 10258 9966 10769 9808 10111 9998 9775 10718 9875 9410 9668 10088 9150 10529 9739 10331 9732 9929 9974 9906 9791 9751 9833 10015 9359 10282 10615 9781 9769 10270 10002 9726 10207 10526 10114 10075 9816 9992 9397 10081 9703 9256 10756 9654 9702 10228 10434 10182 9779 9653 10183 10468 9641 9801 9541 10234 9872 10435 9973 10189 10214 9376 10216 10005 9996 9979 9998 10161 10003 10702 10012 10114 10254 9376 10287 10486 10348 9783 10230 10013 10306 9847 10148 9375 10239 10038 10421 9666 9773 9467 10435 9834 10290 9752 10016 9862 10029 10942 10193 10092 9996 10132 9911 10089 9541 10718 9777 10204 9861 10156 10890 10289 9969 9873 10665 9343 10106 10113 10895 10162 9389 10506 10559 9947 10202 9722 10567 9660 10060 10184 10609 10735 9396 10032 10506 9608 9540 10634 9587 10061 10416 10251 9864 10911 10164 9870 10539 9636 9690 10419 10422 10874 10053 9846 10540 9998 10702 9132 10152 9677 9638 10036 9311 10435 9428 9910 9873 10061 10614 10492 10196 9630 10442 10256 10458 8997 10012 9414 9759 9841 10180 9674 9982 10523 10093 10126 9222 10576 9561 9627 9975 9815 9931 9957 10110 10148 10337 10286 10080 10403 10162 10570 9930 10304 9939 10045 10792 9716 10233 10188 10010 9915 10003 9903 9868 10047 9927 10192 9909 9738 9955 9759 10479 10043 9963 9323 9594 9914 10402 9485 10497 10084 9845 9067 10431 10503 10089 10499 10189 10151 10213 9669 10433 9567 9894 9758 10145 10479 9364 10376 10160 9913 9907 9647 10134 9563 10724 10027 10339 9892 10366 9968 10219 9885 9977 10090 10642 9987 10027 9593 9898 9830 10327 9539 9800 9877 9848 10884 10179 10337 10161 10011 9836 10394 9678 10116 10251 9985 10282 9757 10052 10104 10381 10651 9942 10251 10378 10587 9831 10084 10255 10266 9989 9700 10225 10429 10170 10118 10611 9676 10206 10753 9730 9803 10336 9847 10668 10263 9984 9972 10426 9638 10151 10387 10004 9788 10292 9923 10136 10013 10083 9518 9736 10412 10853 10216 9951 10023 9870 9992 10178 9790 10660 10117 9750 10439 9731 10582 9866 10299 10061 9636 10264 9978 10386 9713 9825 9752 10327 9590 10199 10111 10167
10251 10131 10215 10063 10299 10646 10636 9597 10153 10249 9871 11425 10214 10251 10448 9791 10760 9231 11017 11031 10354 9974 10364 10285 10793 10406 10174 10512 10179 10236 10676 11148 10413 10862 10047 10282 10756 10288 10468 10826 9750 10635 10542 10277 10681 9671 9733 10208 10417 9931 10646 10335 10633 9750 10111 10549 10706 9913 9881 9945 10395 9714 10311 10926 10223 10152 10014 9606 10155 10395 11172 10158 10495 10077 10204 9800 10525 10247 9783 10544 9898 9997 10933 10185 10872 10434 10334 10849 10341 10405 10294 9596 10471 10043 10481 10225 10704 10489 9633 10186 10186 10300 10089 10510 10505 10630 11000 10161 10189 10687 9838 10350 10750 10593 10160 10388 9997 10104 9988 10698 10119 10548 10508 10689 10087 9393 10060 10829 9900 10286 10342 9847 9796 10450 11585 10065 10418 10296 10582 10508 9984 10055 11098 9971 10557 9819 10571 10832 10497 10181 9718 11207 9852 9870 10106 11287 10274 9930 10694 11046 10173 10555 9972 10951 10265 9834 10259 10334 10702 10008 10563 10263 10125 10046 10943 9899 10227 10699 10765 10191 11274 10496 10475 10753 10029 10219 10574 10799 10897 10402 9928 10283 10551 10697 9744 10228 10039 9979 10068 9985 10951 9365 9815 9956 10819 10657 10519 10397 10322 10380 10644 10844 9975 10647 9922 10067 10044 10778 9975 10440 10078 10658 10452 9404 10724 10076 9831 9964 10397 10064 10303 10022 10021 10080 10356 10443 10795 10910 10944 10035 10758 10370 10482 10584 10239 10250 10701 10448 10312 10456 10273 10410 10303 10199 10451 9954 10074 9995 10424 10828 10203 9894 9929 9218 10271 10609 10308 10462 10532 10206 9518 10669 10488 10747 10560 10779 10329 10080 10312 10465 9916 10169 10410 10505 10671 9781 10563 9939 10381 10473 10395 10495 10189 10549 10693 10603 10430 10386 10483 10754 10152 10360 10826 10944 9770 10355 9992 10402 10006 10743 9988 9991 10343 10407 10236 10209 10972 10616 9904 10175 10425 9958 10337 10369 10237 10824 10492 10874 10128 10359 10516 9751 10632 10353 10256 10255 10583 10296 9879 10233 10103 10391 10198 10633 10316 10706 9897 10447 10726 10304 9932 10609 10140 10531 10413 10155 9917 10604 10020 9913 10534 10449 10311 10865 10237 10321 10449 9999 9549 10697 10307 10504 10452 10549 10252 10106 9873 10765 9751 10775 10521 9715 10682 10146 10483 10553 10525 10433 9951 10906 10172 10336 10072 9737 10104 10655 10353 10257 10443 11071
9640 9738 9737 9807 9765 9826 10036 9031 9853 9353 9552 10802 9643 9473 10353 8808 10168 8431 10024 10346 9663 9215 9492 9595 10240 9612 9715 9743 9298 10147 9991 10333 9561 10153 9970 9933 10215 9781 9945 10177 9625 9281 9566 9806 10033 9020 9152 9704 9567 9285 9683 9811 9731 9191 9691 9985 10050 9440 9583 9836 9852 9086 9760 10658 9671 9726 9760 9292 9624 9895 10276 9423 10016 9748 9890 9304 9738 9637 9230 9942 9927 9605 10240 9996 10268 10013 9500 10063 9877 9691 9465 9332 9926 9121 9982 9791 9678 9959 9418 9445 9426 9573 9057 10055 9887 9576 10046 9829 9805 9899 9483 9850 10516 10350 9470 9511 9913 9620 9708 10036 9377 9625 9779 10254 9151 9268 9270 10029 9351 9943 9630 9559 9431 9879 10636 9753 9703 10036 10025 10002 9542 9228 10312 9833 10040 9369 9919 10178 9816 9614 9380 10569 9370 10023 9807 10519 9859 9478 9948 10662 9967 9922 9456 10090 9381 9559 9944 9875 10657 9355 9772 9966 9687 9817 10260 9287 10048 9666 10536 10124 10350 9937 9747 10647 9539 9593 9992 10395 9937 9670 9494 9758 9957 10233 9303 9693 9934 9426 9616 9153 10067 9253 9647 9957 9557 10089 10048 9605 9765 9618 10400 10252 9641 9601 9813 9788 9430 9935 9621 9852 9724 9686 9546 9201 10009 9374 9553 9433 9726 9938 9716 9351 9720 10499 9949 9514 9596 9948 10048 9528 9908 9576 10209 10116 9121 10069 9750 9712 9510 9671 9803 9461 9469 9686 10024 9248 9438 9549 9708 10489 9553 9426 9725 9088 9986 10068 9245 9722 9756 9653 8848 10091 10194 10049 9968 10002 9848 9867 9376 9989 8938 9869 9757 10227 10278 8990 9955 9575 9840 9534 9528 9593 9289 10408 9900 9770 9593 9488 9848 10127 10126 10057 10126 10313 10031 9498 9382 9536 9656 10014 9342 9619 9701 9633 10075 9575 10250 10454 9497 8802 10000 9641 9761 9694 9636 10065 9590 10152 9502 10106 10246 9634 10029 10003 9893 9616 10257 9850 9617 10003 9657 9607 10407 10106 9680 10189 9567 10067 10409 9729 9416 9981 9403 9854 9965 10168 9369 9702 9327 9396 10053 9857 9852 9904 9773 9622 10328 9653 9254 9516 10034 9894 10121 9404 10000 9862 9609 10207 9567 9731 9871 9363 10078 9497 10098 9659 10085 9838 9273 10062 9703 10124 9435 9156 9613 9959 9202 9630 10133 9974
10190 10511 10016 10261 10116 10247 10461 9642 10326 10244 9799 10918 10711 9864 10179 9443 10571 9483 10899 10368 9989 9426 10150 10451 10672 10303 10314 10119 10424 10174 10716 10809 10094 10558 10447 10319 10636 10298 10253 10625 9468 10672 10120 9970 10547 10304 9386 9696 10115 9926 10518 10219 10362 9543 10157 10460 10620 9807 9634 9851 10552 9634 10177 11092 10217 10170 10380 9843 10337 10331 11228 9969 10469 9840 10293 9799 10502 10191 9635 10253 10383 9923 10356 9982 10276 10410 9968 10518 10101 9925 9663 9639 10506 9848 10227 9648 10553 10434 9682 10494 10007 10242 9798 10671 10208 10248 10454 10408 10310 10687 9637 10548 10600 10538 9834 9985 10286 10018 10250 10476 9807 10492 10759 10725 10011 10000 9775 10629 10080 9899 9882 10032 10113 10121 10700 10219 10269 10707 10458 10254 9879 9537 10871 10295 10583 10028 10646 10957 10165 9987 9961 11152 9376 9911 10006 11152 10586 10132 10119 10876 10619 10533 9757 10415 9843 10172 9854 10818 10836 9867 9922 10804 10080 9873 10806 9607 10128 10105 10308 10215 10605 10193 10218 11094 10024 10065 10426 10916 10681 10441 9790 10358 10503 11012 9877 10036 9938 9579 10362 9760 10275 9880 10327 10042 10801 10823 10107 9694 10042 10092 10934 10824 9887 9904 10267 10144 10250 10145 9879 9737 10055 10615 10120 9441 10794 9935 9688 10097 10472 10375 9912 9913 10019 10228 10417 10063 10452 10694 10750 9958 10471 10050 10539 10868 9669 10477 10768 9382 10374 10398 9930 9888 10146 10110 10472 9977 10102 9786 10411 10799 9864 9867 9958 9644 9891 10250 9703 10827 10204 9988 9576 10740 10209 10741 10162 10574 9908 9983 9679 10324 9711 10140 10387 10410 10500 9823 10403 10171 10141 10226 9586 10294 9705 10698 10253 10096 10081 9980 10615 10547 10276 10235 10060 10891 10105 10019 9881 10193 9967 10327 9459 10316 10471 9795 10473 10379 10967 10142 10385 9714 10591 9997 10060 10311 10271 10863 10104 10497 10231 10343 10639 9767 10372 10254 10194 9672 10614 9727 9938 10375 10005 10539 10535 10343 10659 10432 9460 10314 10922 10091 9757 10324 9566 10734 10082 10293 9891 10121 9776 10092 10705 10375 10093 10263 10272 10386 10461 9838 9837 10409 10453 10618 10934 10395 10231 10254 10049 10238 9849 10460 10647 10083 10927 10112 10353 10434 10007 10273 10276 10890 9881 10350 9664 9471 9759 10560 10113 9847 10304 10570
10130 9808 10138 10454 9955 9996 10249 9505 10251 10058 9723 10784 9901 9968 9997 9359 10135 9445 10581 10812 10137 9635 10212 10679 10170 9814 10210 10002 9765 10142 10747 10479 10079 10569 10229 10384 10918 9908 10445 10088 9536 9878 10300 9653 10292 9577 9123 10028 10279 9464 10326 10046 10290 9726 10079 9824 10475 10106 9596 9873 10768 9640 10264 10688 9625 10162 9854 10054 9740 9816 10442 9546 9980 9595 10340 9464 10123 10025 9428 10430 9773 9810 10463 9711 10251 10031 9714 10256 10644 10070 9943 9048 9988 9663 10251 9922 10349 10287 9285 9884 10175 10364 9859 10295 9946 9829 10578 10649 9924 10130 9825 9831 10502 10417 9595 10088 10445 9875 9807 10294 9720 10017 10088 10886 9712 9368 9724 10208 10179 10002 10007 9556 10001 9996 10885 10622 9987 10104 10165 10361 9650 10082 11066 9620 10251 9885 10201 10633 10596 9990 9702 10892 9509 10480 10164 11108 10084 9797 10084 10789 10273 10115 9701 10429 9537 9510 10409 10255 10262 9443 9922 10077 9926 9767 10737 9821 9556 10464 9926 10084 10524 10076 10149 10712 9911 9473 10978 10709 10608 9870 10068 10121 9788 10524 9727 10054 9805 9340 10060 9558 10079 9744 9878 9744 10241 10283 10225 9935 9959 10185 10576 10356 9859 9899 9563 9536 10023 10422 9832 10214 10072 10331 10436 9338 10675 9590 9716 10004 10213 9814 9947 9806 10283 10493 10580 10185 10441 10491 10547 9571 10037 9774 10466 10790 9588 10272 10097 9936 10476 10217 9991 9815 9994 10215 10057 10019 10062 9784 9831 10438 10007 10083 9721 9589 9938 10100 9503 10027 9790 9642 9620 10262 10508 10178 10201 10265 10118 10009 9822 10330 9874 9576 10135 10157 10499 9527 10474 9671 10021 9797 9636 10152 9086 10447 10734 10362 9978 10092 10607 10660 10117 9962 10317 11021 10089 9838 9780 10176 9467 10072 9520 10042 10383 10133 10210 9807 10981 10017 10175 10110 10079 9908 10008 9696 9732 10437 9848 10598 9840 10042 10589 9880 10297 10129 10124 9844 10608 10356 9605 10253 9984 10019 10031 9550 10097 10810 9326 9866 10707 10446 9178 10261 9667 10772 10134 10472 9653 10109 9580 9798 10317 10242 9775 10071 10165 9641 10086 9681 9579 10022 10125 10645 10306 10506 10327 9978 10172 10432 9999 10487 10396 9768 10477 9594 10494 10203 9872 10118 9556 10412 10231 10333 10225 9537 10001 10310 9619 10163 10019 10351
9530 9948 9332 9610 9791 9837 10228 9398 9829 9337 8990 10567 9820 9402 9825 9244 10149 8674 9945 10301 10469 9594 9729 9788 10144 9770 9353 9629 10272 10017 10010 10609 9915 10711 9882 9406 9820 9909 9860 10222 9562 9814 9945 9823 9815 9444 9032 9512 9845 9163 10221 9831 10340 9177 9563 9782 10415 9642 9435 9761 10124 9107 10176 10514 9661 9337 9966 9719 9649 10180 10560 9402 9652 9719 9843 9340 9755 9536 8970 9857 9818 9320 9962 9899 10417 9348 10105 10003 9947 9883 9841 9323 9838 9250 9806 9715 10117 10138 9481 10009 9724 9936 9500 10047 9912 9469 10384 9708 9540 9912 9404 10261 10570 9921 9799 9665 10119 9108 9339 10094 9193 9875 9615 10223 9136 9588 9267 10682 9496 9637 9761 9391 9433 9598 10846 9826 9763 9929 9791 9662 9732 9541 10486 9232 9785 9746 10195 10146 9618 9269 9724 10272 8921 9664 9543 10445 9907 9607 10205 10570 9947 9755 9135 9957 9673 9535 9574 10166 9997 9405 9749 10396 9833 9478 10169 9174 9911 10277 9981 9815 10724 9734 9849 10685 9608 9658 10020 10205 10344 9466 9283 9720 9468 10399 9471 9778 9441 9086 9920 8980 10035 9057 9751 9900 10090 9824 9830 9861 9512 10081 9828 10299 9026 9626 9152 9460 10042 10350 9182 9955 10058 9983 9906 9237 10212 9381 9517 9511 9808 9618 9726 9101 9789 10063 9832 9611 10026 10222 9953 9780 9743 9505 9735 10553 9787 9766 9977 9476 9326 10095 9649 9487 9950 10002 9944 9723 9081 9448 9415 10794 9566 9710 9732 8953 9756 9710 9272 10093 9627 9167 8973 9946 9904 10084 9966 10569 9677 9822 9511 10016 8873 9926 9682 9713 10113 9052 10177 9515 9699 9724 9538 10055 9683 10236 10254 9819 9501 9930 9448 10270 9731 9640 10075 10389 9776 9368 9356 9873 9385 10174 9070 9839 9570 9520 9952 10316 10287 9844 9579 9217 10039 9520 9861 9836 9907 10330 9583 10055 9846 9739 10286 9469 10048 10177 9781 9440 10083 9521 9638 9407 9504 9610 10011 9627 9828 10665 9534 10104 10209 9609 9724 10447 9719 9792 9927 9861 9574 9724 9590 9211 10061 9610 9662 10094 9733 9785 9949 9173 8909 9571 10165 10424 10115 9606 9617 9609 9588 10202 9305 10318 10060 9548 9948 9521 9882 9882 9856 9975 9464 10435 9603 10035 9580 9657 9797 10124 9449 9528 10207 9695
9997 10141 9663 9781 9887 10186 10359 9669 10315 9877 9862 10981 10323 9519 10222 8988 10267 9280 10465 10937 10258 9296 10199 10269 10475 9938 9675 9843 9488 10222 10607 10608 9775 10514 10105 10523 10636 9931 10156 10424 10053 10049 10236 10249 10134 9161 9964 10046 9928 9508 10560 9644 10247 9580 10003 10203 10163 10133 9388 9919 10170 9442 10219 10643 9786 10182 9955 10011 9988 10175 10757 9777 10074 10034 10321 9492 10023 9549 9459 10355 9626 10136 10303 9671 10164 9864 9952 10531 10221 9970 9792 9654 9676 9578 10569 9609 10157 9928 9592 10044 9864 10054 10120 10216 9921 9502 10426 10377 10200 10215 9439 10086 10565 10397 9861 9991 10478 9654 9528 10202 9433 9974 10019 10782 9928 9415 9476 10209 9921 9887 10089 9588 9976 9980 10824 10056 10094 10050 10283 10121 10126 9520 10829 10158 9768 9972 10314 10333 10022 9775 9524 10574 9563 9949 9952 11013 10250 9773 10320 10637 9757 10042 9758 10469 9734 9768 9975 10307 10677 9984 9938 10604 9763 9963 10693 9627 9960 10472 10269 9886 10828 10107 10276 11177 9800 9682 10445 10384 10450 10184 9913 9956 10011 10132 9398 9964 9688 9694 9930 9317 10103 9553 9706 9945 10266 10604 10356 9728 9981 10417 10697 10393 9526 9836 9604 9499 9699 10077 10013 10076 9924 10163 9740 9317 10831 10020 9441 9827 9769 9707 10001 9777 9977 10272 10509 9902 10038 10353 10330 9704 10346 9897 10281 10881 9481 10007 10254 10349 10224 10288 10142 10055 10202 10021 10177 9654 9807 10025 10329 10725 9614 10252 9783 9194 9953 9890 9652 10509 9751 9782 9521 10410 10343 10397 10097 10735 9529 9873 10256 10242 9294 9872 10687 10468 10657 8959 10100 9793 9909 9844 9645 10410 9477 10725 10607 9928 10058 9898 10421 10685 10127 10064 10381 10379 10141 9622 9825 9850 10177 10272 9653 9864 10163 10193 10213 10244 10638 10490 9803 9798 10343 9777 9911 10051 10398 10480 9910 10144 10129 10049 10240 9277 10500 10246 10054 9781 10347 10073 9468 10193 9605 10056 10017 10288 9891 11136 9652 10042 10785 9823 9580 10300 9512 10452 10393 10424 9667 10399 9805 9971 10429 10034 9826 10286 10226 9934 9597 9739 9340 10001 10244 10593 10267 9974 10178 10225 9788 10355 9936 10333 10042 9589 10779 9408 10504 9999 10156 9796 9522 10419 10142 10551 9988 9927 10083 10091 9792 10022 10674 10093
9738 10276 9820 10116 9672 10135 10350 9444 10219 9656 9629 10888 9901 9545 10288 9000 9922 8685 10218 10593 10056 9719 9607 9631 10118 10037 9926 9679 9859 10126 10396 10587 9787 10738 9579 10174 10233 9828 10128 10343 9957 10054 9906 10229 10366 9313 9243 9582 9943 9083 10085 9656 10724 9608 9653 10450 10343 9882 9485 9479 10091 9137 9686 10685 9891 9728 10069 9493 9765 10131 10720 9778 9897 9592 10038 9496 10569 9565 9476 10439 9809 9797 9942 9854 9820 9757 9700 10347 10243 9686 9405 9393 9554 9113 9736 9686 9895 10280 9480 9748 9605 9860 9615 10341 10054 9658 10017 9982 9936 10422 9608 10209 9998 10340 9667 9816 9757 9865 9803 10044 9744 10008 10237 10255 9474 9077 9356 10139 9930 9915 9771 9595 9696 9867 10866 9987 10045 9886 9762 10183 10041 9434 10281 9522 10268 9418 10291 10193 9962 9400 9378 10650 9538 9466 10124 10251 10102 9570 10064 10354 9644 9343 9311 10183 9630 9587 10013 10443 10564 9843 9864 10141 9781 9701 10493 9600 10052 9962 9940 9808 10671 9920 10167 10612 9792 9453 9845 10246 10461 9814 9912 9895 9967 10294 9303 9739 9722 9476 10228 9560 10215 9168 9629 9789 9905 10608 9766 10205 9888 9765 10443 10386 9365 9938 9445 9713 9746 10114 9800 9863 9536 9914 9770 9490 10303 9637 9565 9907 9581 9671 9947 9597 10027 10314 10447 10180 10080 10407 10254 9489 9845 9814 9847 10322 9111 9673 10084 9805 9742 10177 9745 10139 9648 10120 10084 9400 9597 9925 9737 10510 9104 9736 9485 9070 9639 10148 9626 9968 10076 9775 8938 9891 9968 9934 10268 10653 9602 9643 9694 9993 9009 9850 10050 9993 10476 9066 10240 9521 9739 9960 9757 9982 9213 10645 10472 10308 10084 9774 10285 10120 10143 9746 10246 10496 10179 9635 9451 10018 9890 10535 9143 10061 10177 10343 10009 9383 10293 10341 9749 9362 10099 9899 9698 9945 9883 10077 9833 10044 9765 10452 9792 9517 10191 9536 10224 9616 10446 9711 9871 9407 9702 9997 10235 9953 10042 10475 9640 9878 10084 9700 9876 10405 9484 10314 10078 9804 9423 9895 9430 9438 9419 10090 9781 10054 10353 10027 9932 9879 9318 9754 10147 10201 10129 9641 9807 9794 9473 9952 9364 10039 10005 9450 10037 9435 9824 9708 10230 10241 9537 10174 9703 10373 9940 9165 9743 10520 10010 9688 10146 10034
9639 10009 10118 10122 9997 9917 10136 9561 10399 9751 9835 10918 10381 9696 10338 9196 10340 8678 10204 10286 9896 9605 9913 10418 10379 10074 10094 10201 10059 9977 10444 10574 10093 10112 10111 10190 10183 10069 9823 9989 9515 9880 10133 9825 10377 9650 9476 10300 9858 9529 10729 9651 10375 9477 9600 9648 10058 9521 9704 9723 10224 9440 10324 10964 9790 9963 10277 9725 10426 9972 10504 9838 10081 9533 10344 9289 9705 9902 9387 10087 10422 9586 10559 10233 10491 9945 9787 10341 10142 10244 10058 9328 10091 9532 10439 9751 10483 10053 9920 9909 9920 9995 9831 9823 10439 9725 10171 10192 9555 10448 9493 9794 10615 10406 9821 9873 10047 9850 9815 10047 9550 10200 10059 10292 9613 9438 9418 10335 9839 9834 9839 9665 9390 9989 10782 10244 9852 10000 9999 10060 9541 9731 10538 9822 10486 9854 10528 10279 10536 10173 10029 10471 9486 10348 10272 10531 9935 9663 10419 10641 10192 10365 9859 10457 9589 9925 10307 10187 10478 9991 9915 10515 9924 9818 11078 9841 9769 10441 9882 9987 10672 10435 9880 10725 9812 10032 10730 10599 10790 9895 9622 10041 9870 10409 9520 9939 9983 9615 10169 8992 10091 9645 10093 9603 10392 10789 10089 9924 9706 9875 10249 10386 9597 9524 10123 9645 9802 9996 9191 9995 10114 10783 10317 9498 10361 9843 10068 9690 9627 10026 9977 9681 10090 10112 10628 10004 9950 9989 10426 9653 10054 9968 10381 10512 9752 10073 9985 9765 9590 10104 9873 10004 10196 9935 10059 9668 9748 9585 9748 10876 9920 9898 10025 9233 9517 10118 9266 10343 9745 10103 9125 10458 10119 10262 10090 10497 10152 10215 9583 10248 9520 9747 10001 10175 10160 9228 10348 9666 9780 9940 9787 9940 9430 10536 10714 10328 9781 10080 10056 10756 9929 9888 10354 10851 9906 10026 9465 10167 9634 10739 9680 10105 9947 9918 10136 9752 10763 10493 10014 9481 10201 10052 9449 10453 9618 10237 10432 10195 10145 9851 10606 9465 10445 10560 9820 9907 10827 10006 9964 9994 9968 10099 10374 9884 10077 10603 9538 10202 10851 9992 10112 10402 9204 10508 10142 10029 9643 10077 9693 9741 10301 9903 10041 9863 9932 9659 10089 10007 9573 9986 10047 10511 10523 10194 10366 10159 9955 10423 10128 10487 10265 9768 10296 9588 10149 9949 10358 10174 9704 10243 10186 10188 9906 9863 9987 9925 9563 10152 10089 10178
10559 11001 10515 10884 10180 10530 11114 9944 10663 10422 10093 11409 10442 10549 10439 10020 11305 9426 10575 10932 10623 9878 10320 10722 10930 10233 10594 10661 10429 10592 11241 11160 10436 11078 10534 10339 10905 10078 10623 10753 10178 10753 10749 10672 10792 9977 9821 10546 10314 9862 10992 10224 10781 9846 10334 10318 11012 10674 10289 10095 10628 9997 10850 11382 10423 9710 10640 10202 10435 10653 11429 10380 10778 10277 10446 10222 10502 10151 10343 10896 10343 10393 10782 10455 10917 10419 10105 10658 10634 10811 10197 9626 10508 10106 10441 10208 10600 10450 10241 10363 10120 10829 10032 10858 10906 10485 11141 10839 10362 11099 10351 10853 10667 10618 10148 10285 10781 10206 10453 10676 10035 10809 10434 10908 9855 10088 9798 10913 10402 10353 10447 9883 10220 10817 11290 10809 10629 10509 10372 10913 10443 10332 11493 10315 10763 10174 10835 11079 10932 9988 10076 11402 9828 10533 10272 11224 10642 10416 10767 10969 10479 10432 10139 10835 10074 10494 10633 11313 11173 10317 10636 10676 10742 10699 11144 9980 10500 11037 10838 10612 11180 10393 10615 11145 10354 10423 10836 11398 11047 10324 10143 10746 10248 11137 10123 10372 10593 9918 10507 9807 10994 9960 10498 10044 10495 11235 10582 10232 10308 10745 10973 10930 10151 10248 10102 10209 10170 10294 10232 10423 10400 10877 10527 9780 10844 10572 9809 10230 10026 10286 10596 10250 10498 10646 10876 10274 10599 11429 10412 10256 10642 10191 10585 11163 10093 10452 10666 10640 10158 10625 10354 10466 10357 10768 10524 10408 10643 10272 10463 11311 9847 10170 10576 9879 10484 10407 10014 10822 10477 10414 9680 10877 10810 10768 10968 10987 10652 10548 10281 10676 10236 10598 10849 10604 11131 9873 10912 10162 10150 10446 10233 10842 10294 10922 11123 10377 10798 10507 10655 10775 10156 10410 10786 11136 10242 10415 10197 10464 10002 11075 10004 10782 10869 10337 10622 10235 11214 11023 10712 9993 10547 9947 10475 10846 10471 10787 10505 11207 10216 10614 10785 10143 10930 10489 11025 9977 10952 10470 10232 10279 10402 10719 10666 10783 10859 11231 10050 10648 10804 10425 10303 10441 10036 11076 10515 10367 10013 10340 9883 10224 10507 10437 10501 11131 10659 10676 10965 10195 9842 9991 10606 10991 11020 10406 11008 10380 10464 10862 9870 11017 10787 10394 11084 10170 10619 10752 10524 10874 10399 10747 10530 10819 10237 9925 10267 10415 10140 10339 10783 10671
9439 9701 9820 10096 9917 9953 10136 9328 9938 9706 9402 10916 9708 9908 9887 9154 10352 9087 10305 10491 10171 9521 9898 9821 10134 9871 10066 9658 9866 9610 10638 10482 9734 10383 9828 9778 10605 10268 10052 10427 9217 9752 9780 9722 9804 9465 9258 9585 10191 9280 10195 9799 10202 9527 9904 10029 10252 9330 9587 9767 9879 9016 9615 10546 9869 9675 9924 9634 9762 10225 10294 9572 10097 9787 9917 9156 9747 9326 9792 9807 9632 9725 10490 9319 10244 9781 9527 10185 10202 10018 9372 9310 9753 9339 10022 9702 10135 9624 9372 9962 9766 9925 9975 10140 9958 9460 9980 9931 9610 10392 9157 10223 10056 10518 9526 9929 9529 9912 9752 10200 9359 9834 9712 10448 9745 9312 9405 10402 9906 9895 9577 9416 9567 9786 10710 9833 9991 10063 9902 10007 9919 9608 10294 9858 10018 9725 9940 10073 10114 9352 9398 10515 9037 9864 10030 10758 9859 9657 10232 10374 9791 10201 9559 10474 9904 9432 9704 10067 10190 9433 9930 10614 9645 9391 10041 9316 9672 9869 9845 9681 10367 9729 10108 10335 9331 9649 9936 10549 11128 9596 9643 9754 10323 10354 9254 9468 9723 9219 9579 9328 9947 8991 9467 9403 10581 10296 10054 9771 9854 9833 10234 10721 9390 9833 9494 9746 9511 10123 9895 9528 9637 9858 9824 9382 10198 9641 9272 9748 9836 9295 9673 9607 9920 10042 10391 10104 10114 10203 10397 9506 9808 9540 10227 10262 9424 9853 10072 9643 9762 10193 9524 9501 9535 9636 10036 9513 9396 9962 9897 10286 9779 9730 9742 9033 9142 9793 9318 9755 9970 9535 9331 9910 10351 9794 10000 10136 9811 9785 9821 9872 9499 9968 10211 10100 10414 9373 10343 9918 9807 9688 9524 9789 9517 10283 10038 10197 9495 10119 10072 10381 9651 9705 9908 10845 9715 9462 9518 10062 9371 10603 9350 10165 9851 9981 10451 9952 10599 9751 9398 9578 10221 9721 9856 9829 9446 10180 9747 10086 9905 10018 9984 9542 10037 9769 10058 9537 10606 9904 9670 9801 10222 9801 9941 9858 10037 10217 9361 9952 10165 9469 9577 10277 9335 10582 9814 9823 9502 9881 9539 9483 10155 9459 9638 9826 9953 9857 9899 9619 9051 10070 9862 10255 10118 9786 9548 9989 9583 9939 9878 10306 9853 9307 10254 9381 10092 9614 9440 9916 9546 10409 9661 9875 9875 9215 9584 9851 9460 9523 10129 10240
10293 10192 10243 10409 10365 10311 10657 9901 10734 10119 10253 11367 10665 10283 10498 9413 10497 9042 10574 11273 10309 9904 10341 10794 11072 9899 10645 10828 10450 10646 10774 10898 10434 10869 10390 10576 10989 10367 10606 11124 9526 10439 10580 10427 10898 10137 10004 10162 10446 10070 10985 10417 10686 9765 10346 10150 10784 9948 9876 9794 10649 9529 10536 10847 10058 10393 10320 9883 10080 10404 11277 10183 10707 10474 10276 10101 10430 9894 9926 10665 10542 10186 10486 10367 10759 10047 10285 10627 10679 10623 10162 9769 10249 10218 10410 9934 10661 10494 10059 10459 10291 10884 10357 10642 10849 10033 10966 10770 10550 10870 10074 10535 11026 10688 10418 10374 10491 10375 9830 10563 10081 10175 10451 11079 9873 9766 9953 11152 10062 10264 10431 9846 10094 10195 11168 10769 10728 10632 10091 10477 10178 10019 11065 9458 10563 10047 10980 11022 10207 10418 10003 11013 10136 10362 10501 11487 10334 10053 10094 10814 10513 10298 9773 10702 10183 10148 10709 10716 10889 10424 10754 10554 10323 10429 11228 9654 10160 10790 10707 10232 11153 10575 10102 11269 9749 10274 10870 10645 10781 10060 10037 10082 10466 10941 10096 10370 10134 10217 10362 10141 10724 9840 10134 9988 10315 10753 10258 10575 10510 10137 11060 10268 9749 10112 9913 10354 10151 10684 10125 10045 10469 10490 10562 9350 10761 10241 9753 9988 10426 10228 10472 10695 10622 10269 10618 10180 10711 10501 10972 10350 10462 10222 10039 11070 10086 10524 10601 9944 10028 10940 10190 10011 10272 10523 10612 10317 10108 10084 10176 10975 10415 10242 10261 9832 10462 10588 10068 10722 10220 10026 9748 10467 10239 10668 10932 10552 10115 10255 10117 10123 9597 10183 10193 10807 10464 10024 10768 9903 10901 10217 10164 10658 9796 10615 11042 10505 10426 10106 10409 11258 10977 10490 10613 11364 10035 10368 10293 10572 10249 10972 9548 10469 10542 10167 10933 10490 11409 10549 10532 9851 10411 9917 10263 9816 10159 10716 10422 10803 10424 10094 10966 10365 10906 10217 10517 9841 10773 10035 10184 10297 10253 10534 10853 10355 10434 10955 9745 10416 11116 9974 10295 10554 10148 10753 10574 10443 9761 10568 9588 10741 10806 10829 9947 10299 10587 10685 10727 10334 9924 10053 10369 10788 10771 10509 10516 10469 10433 10479 9972 10979 10435 10055 11140 9645 10507 10152 10452 10471 10065 11008 10218 10810 10019 9697 10111 10612 9971 10161 10506 10782
9231 9594 9228 9262 9184 9400 10187 9193 9614 9314 9165 10921 9391 9254 9093 9023 9772 8653 9529 10030 10059 8932 9431 9196 9859 9738 8922 9561 9356 9673 10078 9959 9423 9749 9720 9400 9887 9738 9190 9658 8982 9399 9640 9562 9911 8589 9057 9141 9473 8864 9833 9178 9464 8646 9264 9348 9775 9258 8999 9562 9454 8905 9525 10498 9527 9354 9335 9247 9477 9718 9928 9426 9725 9359 9603 9293 9662 9312 9256 9864 9452 9573 9830 9362 9627 9259 9228 9658 9999 9409 9282 9144 9195 8933 9444 9154 9414 9558 8933 9176 9022 9893 9110 9712 9258 9265 9849 9219 9741 10014 9119 9745 9778 9666 9142 9095 9662 9266 9370 9335 8648 9261 9483 10162 9253 8983 8496 9689 9295 9637 9230 8873 9243 9595 10087 9507 9194 9356 9809 9786 9565 9222 9789 8785 9621 9068 9745 10145 9663 9556 9185 10162 9045 9593 8984 9899 9863 9085 9591 10475 9319 9784 9209 9895 9085 9201 9753 9992 9685 9029 9479 9927 9274 9199 10252 8906 9614 9769 9856 9556 10134 9436 9668 10016 9439 8848 9576 10069 9781 9258 9494 9847 9606 9911 8953 9312 9318 8995 9082 8461 9491 8609 8995 9045 9655 9645 9437 9596 9493 9385 9809 9357 9178 9551 9126 9346 9097 9651 9356 9291 9451 9435 9544 8694 9780 8977 8809 9296 9406 9165 9326 9264 9529 9602 10108 9418 9697 9884 10120 9248 9682 9373 9705 10198 8982 9673 9827 9340 9253 9645 9120 9510 9332 9417 9684 8833 9152 9326 9161 10169 9301 9157 9263 9151 9061 9672 9301 9393 9626 9241 8600 9432 9496 9084 10043 9994 9401 9219 9337 9851 8896 9607 9457 9694 9899 8574 9519 9319 9225 9894 9691 9348 8789 9860 9795 9441 9246 9186 9237 9964 9373 9534 9238 10040 8999 8966 9014 9468 8853 9555 8970 9156 9569 9231 9511 9579 10407 9643 9359 8820 9607 9431 9310 9718 9761 9984 9352 9691 9476 9673 9278 9143 9453 9731 9192 9122 10388 9421 9408 9683 8982 9540 9453 9399 9507 9872 8844 10115 9501 9321 9070 9603 8608 9890 9440 9571 9531 9342 9276 8973 9827 9379 9765 9590 9269 9515 9473 8961 8832 9591 9605 9763 9789 9344 9207 9494 9502 9700 9302 9908 9571 8845 10032 9235 9602 9206 9087 9531 9255 9742 9093 9443 9636 8920 9129 10075 9170 9237 9636 9632
9929 10150 9975 10456 9732 10028 10515 9573 10014 9431 9393 11157 10222 9992 10319 9337 10029 9453 10197 10760 10165 9506 9921 10063 10632 10557 10175 9967 9939 10258 10467 10614 10090 10973 9780 10072 10550 10113 9999 10412 9863 9750 9918 9819 10336 9602 9370 10004 10034 9527 10689 9989 10459 9717 9880 10384 10632 9965 9572 9968 10263 9359 10439 10864 10416 9938 10165 9954 10102 10003 10441 9547 10328 9853 9868 9829 10313 9815 9532 10165 9759 9828 10144 9973 10398 9595 9589 10436 10024 10214 9885 9029 9744 9487 9645 9838 10361 9925 9421 10235 10037 10158 9370 10584 10172 9864 10556 10212 9992 10753 10077 10008 10683 10340 9833 9844 10367 9838 9858 9964 9648 9801 10381 10690 10002 9587 9454 10348 9690 10269 9878 9757 9858 10070 10936 10339 10034 10228 9939 10188 9952 9413 10488 9820 10170 9739 10674 10610 10200 9878 9774 11150 9356 9567 9909 11237 10278 10072 10242 11042 10188 10131 9581 10392 9917 9871 10236 10589 10727 9777 9943 10159 9909 9850 10371 9573 10117 10276 10617 9865 10881 10378 10376 10951 9908 9681 10384 10484 10634 9571 10207 10365 10351 10806 9409 9637 9631 9605 9917 9397 10106 9736 9909 10148 10525 10712 10523 9846 10271 9931 10317 10345 9550 10124 9676 9702 9573 10161 10158 9783 9748 9973 10225 9490 10335 10038 9760 9773 9950 10065 9958 9426 10330 10550 10420 9894 10291 10562 10408 10032 10350 9629 10073 10779 9301 10175 10310 9824 9862 10225 9967 9902 10096 10429 10374 9914 9672 10021 10242 10415 9781 9728 9603 9182 9858 10292 9472 10241 9988 10087 9144 10123 9840 10416 10455 10432 10207 10186 10122 10002 9376 9737 9875 10431 10360 9238 10398 9897 10109 10023 10003 10169 9503 10484 10364 10026 9764 10181 10145 10327 10287 9817 10256 10623 9803 10067 9894 9998 9904 10512 9754 10139 9997 10219 10333 10107 11062 10259 9825 9616 10610 9931 10122 9890 10061 10539 10088 10367 10054 10245 10281 9473 9986 10100 10208 9679 10601 10166 9835 10027 9580 10235 10460 10231 9999 10384 9283 10534 10590 10066 9990 10287 9240 10330 10192 10034 9671 10043 9519 9539 10164 10331 10023 9965 10040 10362 10054 9839 9222 9772 9891 10407 10410 9929 10377 10127 10371 10039 9659 10381 10022 9772 10411 9719 10397 9737 10421 10160 9880 10502 9609 10489 10217 9819 9565 10693 9740 9737 10143 10376
9971 10188 9674 10419 10261 10107 10144 9935 10185 10104 10207 11159 10172 9841 10565 9355 10550 9504 10483 11221 10557 9575 10260 10558 10469 10265 9941 10419 10286 10310 10959 10935 10435 10858 10389 10085 10832 9836 10168 10840 9901 10075 10444 10397 10481 10005 9954 10083 10050 9899 10370 10290 10645 9851 9722 10309 10562 9789 9824 10202 10579 9704 10341 10990 10120 10172 10398 10337 10341 10161 10874 9873 10445 10001 10107 9628 10215 9872 10044 10404 10214 9907 10489 10136 10492 10342 10076 10582 10858 10245 10385 9664 10138 10133 10216 9845 10282 10582 9585 10455 10276 10444 10336 10084 10323 9807 10672 10354 9855 10513 9478 10195 11051 10691 9778 10056 10489 9996 9840 10143 9782 10004 10152 10699 9818 10007 9899 10342 9926 10380 10554 9769 10199 10466 11074 10052 10096 10612 10375 10530 10278 10018 11012 10086 10500 9801 10668 10878 10348 9802 9535 11161 9646 10077 9929 10877 10180 10003 10425 10612 10294 9890 9647 10536 10382 9993 10588 10479 10949 10083 10178 10279 9975 10340 11010 9743 10443 10736 10298 10094 11012 10663 10319 10967 9864 9950 10851 10883 10856 10183 9971 10233 10254 10600 9969 10151 9960 9639 10595 9658 10350 9993 10146 10081 10355 10905 10481 10267 10015 10143 10826 10260 9820 10197 9748 9446 9923 10154 10140 9954 10161 10411 10145 9424 11028 9913 9588 9822 10185 10271 10240 9756 10274 10903 10565 9927 10566 10389 10622 10107 10761 9999 10138 11084 9948 9993 10378 10152 10073 10077 10084 10164 10540 9920 10344 9883 10083 10213 10149 11264 10034 10429 9987 9497 10393 10627 9725 10115 9882 9718 9689 10486 10231 9954 10905 10491 10223 10073 9785 10380 9735 10079 10359 10495 10479 9724 10500 9830 10678 10056 9869 10072 9503 10977 10491 10380 9984 9823 10340 10790 10643 10068 10265 10622 10194 9595 9714 10342 10030 10970 9641 9972 9958 10059 10288 10199 11048 10463 10211 9822 10343 10022 10185 10394 10176 10767 10175 10291 10276 10106 10287 10009 10204 10266 9683 10121 10520 10136 9957 10318 10004 10327 10718 10091 10521 10388 9652 10364 11014 10351 10044 10656 9771 10537 10485 10431 9711 10240 9685 10167 10462 10725 9898 10288 10400 10087 10085 9846 9743 10470 10206 10669 10258 10292 10550 10416 9897 10487 10061 10483 10299 9983 11122 9775 10586 10253 9974 10225 9933 10651 10285 10386 10517 9932 9686 10106 10140 10226 10605 10580
9868 10076 9762 9760 10106 9675 10506 9482 10006 9887 9501 11234 10331 9296 9875 9301 10453 9377 10256 10493 9597 9571 9856 9935 10485 9686 9824 10244 10014 10274 10357 10443 9990 10372 9891 10110 10426 9972 10223 10114 9699 10021 10189 10009 10475 9330 9284 9938 9891 9711 10520 9477 9840 9250 10002 10022 10290 9475 9263 9649 10028 9358 10326 10672 10035 9891 9980 9505 9814 10246 10311 9706 9703 9991 10276 9561 10004 9280 9216 10131 9525 9733 9767 9833 10227 9555 9791 10270 10196 10277 9786 9072 9691 9800 9796 9569 10274 9963 9591 10129 9817 10099 9700 10183 10079 9691 10698 10165 10175 10179 9432 10574 10467 10442 9880 9724 10056 9272 9780 9986 9338 9552 10133 10466 9885 9288 9523 10441 9716 10227 9712 9525 9572 10017 10720 9972 10143 10379 10248 10030 10016 9617 10827 9731 10285 9738 10255 10260 10302 9730 9430 10717 9590 9697 9569 10779 9977 9871 9987 10528 10115 9704 9606 10190 9163 10013 9901 10127 10450 9846 9867 10343 10012 9664 10510 9309 10267 9898 10449 9803 10478 10010 10019 11048 10112 9527 10330 10643 10598 9757 9856 10313 9892 10148 9607 9595 9527 9298 10061 9583 10368 9420 9534 9927 10825 10430 9861 9999 9695 10061 10211 10084 9566 9837 9793 9420 9534 10396 9890 9865 10159 9874 9740 9300 10315 9699 9795 9663 10190 9873 9646 9618 10204 10345 10423 10032 10175 10458 10220 9197 10137 9289 9886 10712 9558 10066 10084 10007 9980 10127 9942 9785 9920 9986 10190 10145 9879 9552 9983 10821 9789 9493 9655 9107 9601 10331 9679 9903 9951 9252 9375 10147 10068 10088 10323 10251 10138 9786 9735 10321 9396 9623 9965 10157 9867 9148 10065 9657 9747 9802 9883 9903 9025 10419 10016 9737 9683 9720 9591 10270 10052 9814 10114 10638 9780 9505 9518 10165 9574 10310 9054 9834 10155 9754 10070 10335 10445 10034 10027 9374 9800 9602 10051 9749 10040 10393 9813 10476 10121 9619 10400 9566 9924 9954 9678 9206 10269 9815 9931 9787 9641 9782 9932 10071 9855 10105 9520 10500 10295 9731 9570 10318 9476 10341 9714 10198 9700 9748 9355 9837 10056 9910 9911 9755 10227 9820 10127 9581 9384 9779 10010 10208 10217 10326 10397 9978 9672 10252 10091 9977 10029 9539 10499 9472 10096 9837 9777 10476 9827 10000 9654 10339 10098 9328 9495 9991 9731 9608 10522 10337
10021 10989 10428 11028 10571 10686 10792 9956 10825 10174 10030 11854 10321 10323 10708 9301 11107 9935 10856 11389 10746 10122 10219 10988 10986 10630 10504 10384 10626 10149 11003 10777 10059 11247 10427 10682 11121 10256 10710 11069 10392 10396 10153 10753 11494 9966 10214 10598 10100 10074 10699 10464 10700 9772 10122 10349 10814 10183 10429 10254 10446 9833 10493 11246 10568 10551 10742 10048 10513 10717 11471 10262 10677 10635 10647 10058 10576 10558 10127 10959 10380 9912 10467 10570 11105 10143 9969 10641 10891 10424 9942 9721 10702 10331 10462 10114 10637 10603 10363 10295 10086 10626 10107 10653 10912 10170 10647 10416 10505 11096 9983 10701 11044 11289 10580 9965 10688 10642 10547 10490 9975 10186 10562 11071 9961 9882 9974 10765 10546 10424 10262 10088 10105 10164 11120 10512 10681 10786 10297 10747 10015 9572 10767 9808 10645 10537 11028 10969 10811 10355 10288 11395 9977 10577 10086 11219 10434 10229 10804 11082 10653 10490 10083 10946 10127 10320 10258 10956 11064 9872 10510 10481 10584 9971 11197 9976 10012 10458 11075 10531 11243 10770 10722 11311 10349 10709 10688 10775 10820 10310 10048 10565 10589 10829 10202 10316 10217 9995 10547 10006 10196 9852 10495 10358 10677 11003 10579 10564 10414 10566 10742 11075 9929 10561 10577 10560 9852 11061 10421 10555 10392 10522 10762 9674 10754 10156 10517 10196 10123 10326 10513 10268 10692 10828 10824 10155 10855 11089 10655 10242 10507 10237 10094 11292 9933 10596 10790 10419 10104 10709 10458 10489 10469 10430 10707 10317 10310 10372 10460 11247 10238 10009 10073 9606 10194 10675 9827 10692 10086 10354 9694 11045 10695 10782 10784 10685 10138 10330 10158 10760 10342 10638 10830 10832 10877 9678 10568 10160 10688 10581 10266 10273 9895 11149 10882 10368 10153 10413 10516 11104 10228 10761 11089 11021 10350 9940 10107 10656 10282 11167 9835 10260 10610 9956 10955 10416 10792 10775 10476 10062 10280 10051 10358 10448 10544 10938 10320 10928 10651 10834 11043 10006 10908 10790 10466 9835 11213 10213 10328 10796 9880 10720 10345 10747 10640 10813 9993 10750 11101 10273 10362 10967 10002 10950 10760 10361 10711 10354 9869 10351 10541 10279 10636 10752 10767 10447 10542 10251 10051 10300 10939 10897 11135 10452 10426 10529 10215 10617 10399 10754 10689 10328 10957 10471 11051 10315 10529 10806 10198 10863 10513 10956 10117 9860 10197 10898 9919 10529 10856 11255
9941 10452 10037 10143 10039 9742 10334 9422 10097 9686 9527 10830 9985 9576 9884 9198 10532 9146 10303 10615 10273 9544 9371 9685 10810 9771 9529 9805 9544 10375 10399 10801 10162 10314 10019 10047 10393 9444 10168 10490 9542 10024 9841 9583 10443 9320 9992 9779 10282 9189 10672 9715 10121 9466 10129 9557 10073 9601 9528 9714 9633 9416 9966 10631 9849 9561 9514 9412 9613 9960 10234 9222 10052 9996 9865 9553 10166 9317 9359 10630 9463 9435 9830 9601 9822 9990 9534 9996 10061 10184 9914 9074 9603 9647 10196 9552 10217 10088 9305 9771 9424 9938 9886 10435 10027 9461 10271 10202 10024 10343 9650 9719 10295 10691 9530 9777 10323 9752 9842 9747 9492 9664 10318 10597 9668 9092 9390 9983 10082 10156 9636 9795 9570 9715 10963 10092 10357 9835 10377 9798 9980 9885 10678 9781 10159 9949 10353 10606 10118 9698 9499 10651 9308 9504 9731 10418 10201 9715 10050 10333 10038 10044 9359 10298 9800 10043 9905 10051 10603 9670 9736 10291 9557 9570 10630 9570 9695 10120 10207 10541 10936 9928 10298 10608 9647 9782 10235 10233 10384 9904 9736 9684 10234 10642 9267 9620 9777 9277 9977 9468 10416 9746 9422 9768 10351 10684 10036 10009 9921 9788 10505 10024 9417 9742 9930 9233 9746 9771 9658 10132 9935 10068 9940 9239 10625 9392 9631 9887 10370 9880 10056 9810 9884 10670 10358 10227 9774 10278 10538 9561 9848 9619 10378 10642 9579 10122 9946 9755 10363 9893 9406 9666 9803 10017 10027 9841 9770 9608 9678 10297 9841 9796 9826 9264 9712 9895 9626 9930 10050 9735 9600 10084 10354 10043 10301 10691 10024 10053 9776 9928 9565 9749 9887 10313 9908 8706 10153 9717 10053 10179 9646 10325 9521 10181 10177 10235 9554 9439 9832 10497 9736 10019 9813 10642 10203 9807 9445 10136 9814 10188 9445 10080 10138 9874 9872 10032 10657 10140 9863 9536 10348 9866 10077 9837 9867 10131 10234 10504 9939 9804 10318 9657 10185 10375 10389 9574 10544 9937 9320 10068 9685 9762 9650 9962 10085 10459 9480 9907 10341 10184 9316 10349 9404 10484 10097 9844 9686 10290 9139 9720 9725 10003 9926 10071 9654 9565 9951 9671 9517 9968 10282 10097 10271 9981 9915 10136 9863 10172 9682 10499 10383 9387 10365 9497 10138 10217 9919 10067 9718 10229 9815 9985 9774 9534 9334 10070 9690 9848 10396 9935
9478 10084 9765 10119 9867 9277 10000 9641 10311 9966 9768 10581 10036 9467 9731 9163 10585 9418 10006 10714 10060 9420 9965 10102 10379 9601 10252 10081 9874 9812 10742 10360 9683 10381 10050 10276 10399 9934 9907 10141 9940 9719 9920 9556 10290 9694 9223 9712 9804 9308 10291 9930 10130 9066 9862 9845 10057 9855 9507 9405 9874 9186 10117 10558 9725 9398 9984 9220 9857 10164 10252 9806 9648 9665 9959 9424 9764 9456 9180 10400 9891 9688 10079 9706 9933 9930 9789 10158 9998 9949 9489 9220 10096 9342 9689 9466 10391 9736 9441 9934 9800 9811 9778 10480 9905 9602 9832 10509 9889 10150 9513 10239 10115 10314 9866 9564 10144 9748 9889 9925 9185 9489 10004 10114 9657 9337 9304 10365 10084 9648 10221 9645 9464 9727 10757 10270 10442 10204 10020 10243 9757 9575 11092 9281 10270 9935 10459 10235 10040 9640 9628 10775 9726 10070 9368 11050 10132 9735 10030 10532 9951 10053 9618 10479 9545 9710 9927 9984 10435 9500 9659 10559 9756 9659 10563 9474 9796 9906 10388 10217 10578 9811 9808 10651 9715 9831 10759 10570 10794 9783 9198 9801 10289 10346 9306 9885 9790 9367 10147 9412 10031 9477 9754 9903 10106 10308 9912 9599 10035 9958 10016 9991 9093 10055 9377 9470 9791 10108 9492 10092 10171 10414 10476 9429 10560 9517 9699 9661 9418 9925 9623 9580 10111 10088 9999 9929 9891 10519 10076 9405 9942 9807 10283 10653 9559 10226 9854 9868 9975 10486 9989 9452 9681 10093 9914 9926 9543 9678 9752 10595 9510 9739 9967 9044 10029 10143 9607 10177 9983 9923 9551 10501 10326 10339 10106 10735 10118 9997 9734 10310 9856 9870 10034 9630 10271 9370 9897 9492 9868 9701 9521 9802 9426 10358 9937 9970 9814 9836 9930 10390 9626 9820 10358 10686 10152 9561 9969 10139 9516 10112 9370 9877 10104 9874 10387 9863 10620 10100 9945 9394 9857 9859 9846 9934 9830 10167 9901 10575 10197 9889 10411 9830 10164 10081 9853 8971 10682 9999 9524 9911 9689 9960 10051 9819 10222 10524 9428 10356 10731 9857 9536 10157 9579 10271 10102 10215 9339 9896 9560 10019 10205 9947 9983 9914 9791 9773 9817 9792 9302 9258 10353 10138 10554 9973 10407 9982 9813 10097 9890 10327 9845 9243 10391 9593 9981 9851 9950 10204 9690 10101 10158 10211 9762 9653 9774 9771 9573 9759 10143 10147
9486 9758 9768 9687 9755 9815 10008 9313 9818 9645 9523 10906 10073 9072 9677 9078 10646 8581 9927 10376 9627 9024 9599 9982 10172 9626 9338 9770 9648 9820 9983 10475 9665 10047 9497 9610 10000 9797 10022 10268 9611 9557 9646 9230 10125 9259 9072 9291 9661 9610 10289 9880 10088 9343 9499 9770 10190 9552 9173 9427 10072 9116 10017 10268 9520 9530 9265 9085 9417 9602 10320 9541 9847 9854 9817 9378 10001 9291 8923 10243 9490 9351 9861 9752 9905 9547 9573 10234 9822 9572 9469 8774 9760 9355 9613 9287 9995 9905 9436 9757 9809 9809 9597 10141 9854 9416 10179 10042 10013 10145 9481 9826 9821 10104 9606 9349 9606 8969 9914 9804 9543 9668 9761 10035 9104 9257 8975 9949 9249 9776 9734 9133 9425 9926 10515 9326 10159 10126 9659 9815 9857 9549 10274 9517 9612 9536 10094 10452 9701 9520 9451 10470 9396 9252 9425 10572 9956 9509 9844 10139 9861 9883 9470 10004 9219 9387 9537 10179 10176 9428 9733 10081 9937 9502 10188 9178 9662 9994 10198 9959 10578 9309 9513 10820 9346 9537 9951 10455 10235 9886 9355 9882 9752 10160 9332 9250 9550 9138 9622 9085 9965 9352 9470 9608 10166 10216 9558 9528 9487 9944 10020 10104 9452 9796 9462 9314 9516 9848 9508 9555 9756 10113 9727 9267 10056 9271 9359 9632 9796 9630 9906 9365 9745 9800 9964 9605 9671 9960 9855 9239 9838 9710 9736 10156 9595 9895 9879 9566 9435 9704 9534 9619 9664 9716 9972 9755 9452 9700 9461 10325 9234 9584 9820 9349 9621 9500 8876 10067 9902 9423 9109 9847 9991 10187 10056 10575 9459 9795 9387 9812 9106 9720 9747 9984 10290 8810 10201 9435 9553 9614 9653 9891 9241 10259 9863 9770 9702 9229 9944 10302 9725 9376 10033 10120 9833 9127 9500 9764 9228 10460 9305 9972 9937 9454 9695 9536 10164 9685 9829 9031 9846 9765 9913 10088 9509 10028 9517 10401 9953 9576 9994 9445 10133 9695 9607 9287 10244 9677 9734 9529 9551 9735 10015 9655 9938 10040 9264 9716 10268 9543 9267 9829 9259 10295 9713 9592 9108 9616 9120 9713 9911 10113 9715 9778 9788 9651 9830 9747 9096 9683 9975 10235 10066 9750 9589 9482 9458 9974 9251 10612 9693 9454 10189 9684 9765 9869 9796 9821 9677 10151 9385 9735 9560 9385 8979 10264 9379 9836 9568 9950
10055 9631 9863 10208 10137 9820 10497 9413 10488 9648 9403 11094 10446 9732 10055 9373 10284 9104 10322 10638 9907 9824 9878 10223 10186 10001 10006 10066 9994 10495 10324 10557 10262 10522 10081 10641 9882 9804 10019 10154 9937 9606 10312 9897 10290 9882 9771 9939 10193 9507 10532 10077 10108 9218 9980 9823 10635 9967 9449 9410 9859 9768 9974 10690 10255 9639 9857 9966 9898 10518 10551 9651 10220 9973 10186 9572 10430 9973 9265 10327 9739 9756 10231 10277 10347 9623 9627 9949 9924 10031 9888 9567 9633 9412 10274 9658 10394 10259 9157 10076 9685 10148 9632 9878 10350 9957 10647 10379 9953 10194 9733 9970 10536 10815 9856 10007 10151 9863 9885 10301 9510 9793 10127 10429 9667 9391 9690 10385 9637 9694 10108 9731 9900 9817 10962 9946 10006 9987 10133 10155 10023 9248 10799 9635 9814 9918 10211 11106 10369 9217 9561 11014 9344 10325 9961 11133 10132 10138 10021 10577 10134 10010 9605 10160 9697 9873 10161 10680 10845 9799 9921 10205 9686 9833 10305 9418 10070 10249 10306 9947 10725 10000 9869 10836 9769 9993 10212 10437 10322 9696 9810 10293 10508 10746 9723 9634 10040 9504 9566 9463 10518 9217 10086 9793 10357 10313 9896 10257 9937 10118 10594 10499 9601 9634 9938 9809 9613 10521 9632 10193 10026 9895 10162 9455 10405 9574 9643 9844 10031 10034 10093 9780 10053 10601 10254 10280 10570 10586 10271 9921 10375 9762 10112 10991 9776 10105 10527 9926 9791 10042 9749 10386 9694 10347 10300 9979 9798 9482 10289 10729 9803 9918 9810 9331 9850 10179 9238 10389 9950 9493 8890 10134 9930 10370 10236 10701 10394 9745 9664 10193 9739 10195 9910 10147 10616 9323 10655 9512 9761 9787 9916 10328 9183 10483 10410 10116 10148 10283 10302 10695 10091 10233 10704 10521 10036 9409 9841 9847 9938 10338 9383 10002 10091 9961 10350 9449 10604 9936 10244 9925 10132 9969 10236 9818 10371 10596 9750 10531 10007 10114 10531 9838 10352 10163 9763 9804 10016 10114 9846 9788 9487 10219 10268 9989 9985 10520 9603 10542 10640 9792 9278 10363 9261 10081 10091 10136 9868 9917 9611 9732 9792 10149 10295 10020 10230 10084 10410 9846 9685 9847 10523 10705 10135 10272 9976 10022 10032 10329 10008 10616 9976 9490 10562 9449 10027 9939 10587 10391 9820 10638 10143 10490 9916 9719 9987 10306 9610 9792 10223 10444
9402 9379 9654 9381 9263 9302 9776 9380 9573 9555 8888 10425 9605 9419 10240 8825 9860 8744 9882 10363 9985 8908 9769 9494 10102 9437 9604 9584 9792 9635 10159 10142 9861 10025 9996 9868 9925 9798 9697 10159 9437 9630 9697 9535 9884 9331 9002 8901 9677 8896 10299 9391 10013 9108 9328 9365 10169 9635 9069 9234 9727 9051 9841 10503 9937 9357 9552 9618 9934 10443 10027 9398 9635 9645 9608 9142 9636 9215 9068 9620 9404 9408 9939 9549 10067 9408 9272 9574 9651 10073 9465 9141 9712 9342 9709 9346 9877 9570 8773 9702 9088 9226 9712 9584 9947 9024 10067 9751 9447 9852 9129 9635 9863 9875 9244 9716 9292 9036 9168 9923 8779 10044 10235 10365 9490 9483 9342 10256 9769 9857 9438 9405 9179 9901 10851 9103 9797 9976 9416 9611 9422 9665 10109 9246 9745 9628 10339 10079 9808 9355 9451 10105 9349 9600 9548 10319 9451 9305 9686 9918 9996 9865 9523 10120 9500 9465 9769 10026 9918 9397 9611 10165 9350 9304 10588 9358 9598 10082 10014 10087 10068 9616 9419 10328 9524 9268 9710 10258 10122 9517 9531 9748 9715 10432 9208 9663 9397 9099 9851 9225 10013 9509 9198 9275 10340 10118 10145 9671 9919 9510 10000 9678 9145 9549 8760 9171 9329 9501 9412 9260 9809 9671 9769 8855 10400 9692 9123 9611 9570 9486 9798 9313 9696 10267 9908 9475 9835 9987 9986 9317 10001 9644 9969 9986 9117 9645 10115 9471 9687 9791 9327 9518 9848 9252 9471 9627 9558 9689 9622 10487 9584 9428 9687 9248 9139 9406 9148 10270 9699 9399 9026 9476 10045 9705 10023 10089 9492 9524 9749 10168 9123 9467 9296 9856 9852 8994 9786 9587 9500 9723 9319 9743 9514 10251 9966 9458 9381 9730 9643 9984 10038 9381 9400 10302 9234 9431 9356 9202 9531 9960 9381 9519 9707 9354 9510 9649 10618 9880 9594 9352 9659 9417 9503 9919 9848 9873 9742 10058 9679 9718 9933 9361 9831 9870 9533 8997 10266 9633 9733 9347 8973 9791 10076 9658 9970 10042 9128 9835 10134 9596 9465 10147 9139 9969 10127 9646 9226 9481 9126 9342 9911 9425 10018 9498 9189 9732 9799 9688 9022 9372 9492 9786 9701 9693 9501 9585 9372 9994 9223 9908 9703 9642 9844 9251 9602 9822 9313 9863 9260 9875 9415 10074 9615 9508 9468 9841 9416 9330 9918 9576
10216 10370 10068 10014 9976 9864 10653 9637 10026 10403 9414 11014 9711 9707 10298 9354 10214 9202 10214 10430 10039 9622 9756 9917 10715 9798 10070 10029 9831 10166 10379 10258 10011 10554 9967 9521 10187 9888 10317 10289 9516 10101 10544 9694 10417 9532 9329 9558 9988 9567 10738 9309 10254 9564 10061 10210 10101 9639 9575 9779 9859 9377 10279 10743 9977 9573 10129 9813 9875 10034 10386 9490 10137 9777 10406 9548 9883 9347 9728 10481 9655 9671 10080 9975 10253 9701 9738 9904 10217 9763 10183 9268 10201 9382 10014 10000 10385 9917 9779 10274 9444 9924 9568 10218 9936 9878 10341 10264 9704 10563 9681 10204 10576 10125 9439 9948 10205 9751 9756 10462 9475 10119 10004 10431 9638 9332 9745 10323 9842 9725 9709 9685 9523 10160 10830 10075 9849 9845 10201 10029 10010 9682 11065 10027 10184 9774 10153 10492 10455 9476 9764 10835 9505 9896 9979 11018 9802 9577 10223 10657 9623 10094 9915 10104 9317 9884 10075 10278 10169 9738 9828 10220 9768 9668 10706 9284 9563 10231 10306 10098 10632 10224 10205 10811 9613 9483 10138 10809 10509 9695 9959 9933 10065 9981 9646 9481 10241 9279 10119 9493 10191 9371 10170 9749 10287 10188 10399 9816 9644 9958 10526 10049 9457 10094 9686 9363 9923 10013 9694 9957 9913 9983 9822 9687 10726 10104 9726 10034 9712 9722 10218 10039 10201 10100 10403 10009 10422 10280 10182 9768 10179 9813 10090 10495 9831 10031 10627 10288 9906 10121 9771 9677 9603 10370 9958 9862 9677 9760 10189 10415 9651 9969 9723 9574 9441 9748 9606 10050 10402 9813 9045 10308 10302 10239 10254 10438 9736 9686 9485 10077 9697 10055 9915 10055 10104 9137 10268 9481 9885 10330 9574 10264 9267 10524 10369 9961 9766 10097 10045 10705 9888 10010 10295 10595 10108 9636 9518 10253 9575 10327 9419 9842 10274 9830 9899 9616 10449 10233 9898 9536 9963 10130 10132 9940 10127 10157 9841 10240 10176 10264 10215 9400 10087 10006 10184 9866 10251 9900 9925 9827 9962 10268 10259 10018 10212 10477 9761 9955 10410 9515 10094 10323 9711 10289 10434 9978 9834 10241 9572 9356 10374 9943 9883 10263 10254 9994 10244 9682 9363 9807 10144 10370 10313 9902 10182 9805 9910 10441 9350 10552 10122 9842 10248 9507 10690 9917 9919 10166 9727 10331 9651 10176 9769 9625 9514 10019 10126 9371 10422 10124
9197 9767 9571 9594 9249 9302 9787 8741 9319 9330 9024 10405 9253 9310 9400 8907 9568 8261 9774 9631 9426 8792 9085 9296 9746 9407 9400 9584 9265 9329 9870 9879 9642 10423 9363 9358 9920 9301 9238 9765 8654 9433 9354 9337 9388 8813 8815 9677 9249 8779 9477 9461 9490 8897 9555 9267 10089 9036 9003 9145 9788 9050 9623 10003 9419 8953 9282 9270 9148 9697 9718 9438 9842 9214 9239 9064 9539 9137 8896 9705 9460 8981 9453 9399 9651 9168 9198 9605 9570 9410 9140 8819 9443 9068 9472 9344 9470 9193 9105 9211 9298 9242 8930 9553 9514 9279 9751 9521 9351 9916 8921 9566 9769 9826 9161 9324 9431 9150 9225 9323 9207 9624 9572 9795 9471 9109 8838 9308 8913 9658 9167 9059 9176 9372 10215 9536 9411 9741 9293 9302 9187 8884 9804 8860 9654 9293 10022 10008 9685 9097 9078 10205 8871 9277 9116 10122 9728 9201 9601 10213 9415 9300 9045 10026 9444 9272 9671 9368 10079 9124 9545 9776 8902 9461 10021 9112 9302 9166 9663 9400 10013 9911 9341 10181 9383 9113 9661 9979 10055 9319 9493 9505 9438 10302 9089 9327 9214 8875 8920 8601 9612 8936 9081 9350 9790 10044 9111 9784 9474 9429 9473 9543 9118 9128 9031 9248 9088 9583 9360 9255 8987 9323 9338 8880 9568 9124 8792 9354 9298 9078 8965 9025 9187 9770 9520 9392 9532 9622 9804 9166 9252 9356 9275 9823 8891 9572 9350 9389 9428 9435 9156 9633 9009 9516 9231 9298 9013 9284 9407 10419 8933 9209 9177 9078 9568 9644 8960 9336 9683 9176 8995 9620 9859 9427 9712 9377 9263 9149 9059 9384 8609 9270 9498 9844 9525 8781 9660 9194 8969 9369 9417 9433 8940 9620 9395 9454 9457 9653 9279 9738 9564 9313 9546 10144 9317 8746 8844 9382 9172 9901 8912 9442 9616 9532 9765 9249 10343 9647 9391 9306 9649 9170 9294 9658 9573 9750 9444 9678 9271 9552 9725 8897 9768 9750 9855 9272 10038 9377 9416 9451 9367 9291 9833 9553 9859 9727 8799 9862 9672 9147 9143 9680 8931 9768 9674 8910 8869 9352 8974 9065 9308 9680 9501 9543 8935 9100 9215 9218 8993 9669 9239 9783 9653 9517 9685 9335 9243 9154 8989 9614 9898 8934 9989 9329 9040 9699 9483 9671 9295 10077 9348 9619 9894 8978 8877 9753 9272 9329 9444 9864
10258 10390 10379 10303 9837 10622 10805 9840 10467 9780 9531 11265 10348 9706 10540 9414 10705 9092 10431 10662 10476 9547 10216 10472 10366 10120 10163 10120 10221 10359 10726 10777 10030 10625 10252 10052 10572 10015 10203 10681 9876 10121 10365 9951 10768 10156 9508 10216 10286 9914 10528 10192 10099 9548 10369 10052 10097 10211 9634 9696 10103 9810 10227 10755 10319 10369 9990 10346 10176 10558 10916 9929 10312 10249 10209 10046 10092 9942 9776 10898 10203 10244 10105 10477 10263 9848 10035 10237 10583 9990 10020 9671 10418 9758 10159 10042 10504 10297 9948 10546 9839 10388 9912 10487 10385 9952 10768 10545 10523 10980 10093 10285 10785 10455 10382 9953 10333 10125 9984 10239 9760 10189 10522 10937 9977 9909 9883 10518 10151 10575 9945 9836 9790 10376 11033 10235 10177 10571 10328 10383 10422 9836 11028 9957 9945 10185 10511 10843 10425 9874 9801 11534 9762 10000 10040 10985 10176 10046 10354 10926 10103 10099 9795 10482 9801 10236 10180 10884 10555 10029 10178 10608 10225 10074 10317 9918 10003 10046 10651 10177 11055 10385 10183 11356 9931 10122 10528 10417 10616 10257 9997 10771 10255 11097 9988 9869 10253 9459 10406 9684 10542 9656 9875 10107 10929 10683 10052 9770 10279 10302 10623 10380 10057 10274 9774 10057 9895 10489 9566 10256 10131 10106 10402 9651 10404 10224 10258 9954 10266 10044 10273 9833 10353 10443 10761 10414 10962 10536 10341 9942 10255 10051 10529 10693 9761 10892 10265 10035 10398 10330 9982 9991 10170 10146 10252 9955 9927 10241 10379 11273 9981 10170 10038 9738 10136 10485 9696 10759 10235 9919 9357 10583 10474 10519 10584 10820 10157 10162 10159 10561 9930 10045 10278 10613 10731 9454 10556 9847 9949 10037 10020 10196 9635 10486 10926 10047 9822 10141 10305 10415 10351 10104 10269 10919 10080 9578 9994 10166 10132 10334 9397 10146 10335 10088 10297 10544 10415 10167 10366 9623 10502 9869 10375 10390 10142 10594 10177 10721 10364 10294 10439 10163 10162 10337 10224 9859 10767 10092 9737 10714 10077 10501 10241 10229 10458 10579 9221 11124 10775 10165 9989 10272 10126 11084 10101 10209 10143 10092 9885 9981 10482 10667 10384 10317 10243 10183 10367 9870 9889 10463 10674 10473 10702 10289 10344 10622 10283 10289 10337 10373 11040 9645 10971 9900 10067 10218 10244 10570 10366 10654 10085 10301 10287 9568 9642 10471 9696 10117 10623 10507
